token,tau,pinball
$WIF,0.05,0.010880928809900131
$WIF,0.25,0.03697471340586126
$WIF,0.5,0.016556302241444474
$WIF,0.75,0.029269762594185875
$WIF,0.95,0.009428330294151957
$WIF,0.05,0.009687472830750849
$WIF,0.25,0.03315362804162134
$WIF,0.5,0.018360237241513155
$WIF,0.75,0.033447906267047724
$WIF,0.95,0.012160534194748364
$WIF,0.05,0.011351564370629048
$WIF,0.25,0.02385025015463059
$WIF,0.5,0.02949582208508464
$WIF,0.75,0.03661190008265104
$WIF,0.95,0.012154115517737235
$WIF,0.05,0.016908347901566204
$WIF,0.25,0.032508423009167266
$WIF,0.5,0.026480180519173776
$WIF,0.75,0.03476094158378435
$WIF,0.95,0.00872795992778279
$WIF,0.05,0.014884174322160437
$WIF,0.25,0.055857983356579634
$WIF,0.5,0.05664716929546788
$WIF,0.75,0.040000038281007504
$WIF,0.95,0.01228642610289469
$WIF,0.05,0.007533017293398455
$WIF,0.25,0.0498686871301531
$WIF,0.5,0.10446083538593955
$WIF,0.75,0.08861372777673944
$WIF,0.95,0.03253580870211464
$WIF,0.05,0.01167459209448494
$WIF,0.25,0.04814529562706283
$WIF,0.5,0.0352942903880158
$WIF,0.75,0.057797259597966
$WIF,0.95,0.017015052992863714
$WIF,0.05,0.02055702001447717
$WIF,0.25,0.05982966399832418
$WIF,0.5,0.04153034488041701
$WIF,0.75,0.05279115275853855
$WIF,0.95,0.02168798450877668
$WIF,0.05,0.0171210497463635
$WIF,0.25,0.04952367447814588
$WIF,0.5,0.03629645444025851
$WIF,0.75,0.06675481021205003
$WIF,0.95,0.028557151794391677
$WIF,0.05,0.011317892071818622
$WIF,0.25,0.024093165667856454
$WIF,0.5,0.016415623804302986
$WIF,0.75,0.07035111955388641
$WIF,0.95,0.01765194789789014
$WIF,0.05,0.016213324527353627
$WIF,0.25,0.053873271522772194
$WIF,0.5,0.01308462342684915
$WIF,0.75,0.026701477553374525
$WIF,0.95,0.016060127867821652
$WIF,0.05,0.017575135379806355
$WIF,0.25,0.07406167466857304
$WIF,0.5,0.05052904051889604
$WIF,0.75,0.03252885336893848
$WIF,0.95,0.008851024894505696
$WIF,0.05,0.013689962748852508
$WIF,0.25,0.05033475994987385
$WIF,0.5,0.03705895603536193
$WIF,0.75,0.03213613046480864
$WIF,0.95,0.01448780153809165
$WIF,0.05,0.007714388441273164
$WIF,0.25,0.023988582453003515
$WIF,0.5,0.028838990340293556
$WIF,0.75,0.041384856331721745
$WIF,0.95,0.015715440069750026
$WIF,0.05,0.01481742008928804
$WIF,0.25,0.033938341483592344
$WIF,0.5,0.025785965931102096
$WIF,0.75,0.03110742608194844
$WIF,0.95,0.01801623104902842
$WIF,0.05,0.015947204133377756
$WIF,0.25,0.03336693892302055
$WIF,0.5,0.02045516886481112
$WIF,0.75,0.02172091986290915
$WIF,0.95,0.015300054861731386
$WIF,0.05,0.016915907942771518
$WIF,0.25,0.054296696063820336
$WIF,0.5,0.03677269621754941
$WIF,0.75,0.03037133231622029
$WIF,0.95,0.011399996970639883
$WIF,0.05,0.028608650212771782
$WIF,0.25,0.1458333625652778
$WIF,0.5,0.1808840637464513
$WIF,0.75,0.10143199573369639
$WIF,0.95,0.03104041425756114
$WIF,0.05,0.0188355363630625
$WIF,0.25,0.0757880527033785
$WIF,0.5,0.04365745822512934
$WIF,0.75,0.025885545198378213
$WIF,0.95,0.01229264295518237
$WIF,0.05,0.017486346561864215
$WIF,0.25,0.0538120290582939
$WIF,0.5,0.014826492060828998
$WIF,0.75,0.019446705098720738
$WIF,0.95,0.013230559872902068
$WIF,0.05,0.019390443525533804
$WIF,0.25,0.0465600565604412
$WIF,0.5,0.02149544813935513
$WIF,0.75,0.018076742490691404
$WIF,0.95,0.015246366102210729
$WIF,0.05,0.022993313297761466
$WIF,0.25,0.06304414817183815
$WIF,0.5,0.029745112177540754
$WIF,0.75,0.022377905673307403
$WIF,0.95,0.014859686117542995
$WIF,0.05,0.005944339901641901
$WIF,0.25,0.013020114049224771
$WIF,0.5,0.022978653614221644
$WIF,0.75,0.057993894624730515
$WIF,0.95,0.020524719625038216
$WIF,0.05,0.011495787609480309
$WIF,0.25,0.01668842090364386
$WIF,0.5,0.014867247904680247
$WIF,0.75,0.04936953721704105
$WIF,0.95,0.014774039277463702
$WIF,0.05,0.013848432074155634
$WIF,0.25,0.016732978435133283
$WIF,0.5,0.042301776430735565
$WIF,0.75,0.051020515362999015
$WIF,0.95,0.02189937522381563
$michi,0.05,0.010980445426336574
$michi,0.25,0.030606970064616417
$michi,0.5,0.03315585250412538
$michi,0.75,0.04852338720671742
$michi,0.95,0.02655314333898819
$michi,0.05,0.0085797155960375
$michi,0.25,0.030517960217333457
$michi,0.5,0.016744185415865195
$michi,0.75,0.03319516464742553
$michi,0.95,0.04395346816514178
$michi,0.05,0.009724674341456067
$michi,0.25,0.02692316158459762
$michi,0.5,0.022204978552747914
$michi,0.75,0.05731445307470981
$michi,0.95,0.028407661450888275
$michi,0.05,0.010004667080393532
$michi,0.25,0.023121692614135724
$michi,0.5,0.026454876751875533
$michi,0.75,0.07086322727567047
$michi,0.95,0.025575217949477425
$michi,0.05,0.015208564121740688
$michi,0.25,0.024379776641235373
$michi,0.5,0.02204528675369359
$michi,0.75,0.028820614158261492
$michi,0.95,0.019505089665508957
$michi,0.05,0.011879230215975785
$michi,0.25,0.028348390343208556
$michi,0.5,0.029582979018340654
$michi,0.75,0.034417651796534714
$michi,0.95,0.015680807849127648
$michi,0.05,0.009821996859605523
$michi,0.25,0.03739414853755142
$michi,0.5,0.026153995061208943
$michi,0.75,0.036486177420075594
$michi,0.95,0.011224687637802266
$michi,0.05,0.021848248798104566
$michi,0.25,0.10315849305947704
$michi,0.5,0.10687399208251025
$michi,0.75,0.07145631618738502
$michi,0.95,0.0173294914174059
$michi,0.05,0.022338033643053548
$michi,0.25,0.06502661734990987
$michi,0.5,0.058025664973261996
$michi,0.75,0.035350310688453616
$michi,0.95,0.02066728516174947
$michi,0.05,0.019119209080065317
$michi,0.25,0.057663856225175135
$michi,0.5,0.02326608085152336
$michi,0.75,0.03529836149711744
$michi,0.95,0.022534789730536704
$michi,0.05,0.022861858565860805
$michi,0.25,0.05916343872330145
$michi,0.5,0.014999331343914306
$michi,0.75,0.02354858492098007
$michi,0.95,0.014110989354576761
$michi,0.05,0.028370241904333227
$michi,0.25,0.0976051350237968
$michi,0.5,0.06650739981545432
$michi,0.75,0.03551488895318917
$michi,0.95,0.029771007960352095
$michi,0.05,0.025302076988350703
$michi,0.25,0.07452881074714458
$michi,0.5,0.06826859331798067
$michi,0.75,0.04518161773576814
$michi,0.95,0.027016750880773193
$michi,0.05,0.02005172955635534
$michi,0.25,0.057399504351582954
$michi,0.5,0.027340001727423638
$michi,0.75,0.04989438499899626
$michi,0.95,0.022326464498173878
$michi,0.05,0.019824901347095334
$michi,0.25,0.06558541914901567
$michi,0.5,0.01404792955651697
$michi,0.75,0.047207163383157676
$michi,0.95,0.02079129890508576
$michi,0.05,0.019518117915808642
$michi,0.25,0.04490793768119267
$michi,0.5,0.02255938462117264
$michi,0.75,0.04782742083791275
$michi,0.95,0.02131919249082324
$michi,0.05,0.029578785708062993
$michi,0.25,0.08382192286071884
$michi,0.5,0.09204999649509471
$michi,0.75,0.06636370101967186
$michi,0.95,0.012193637176576988
$michi,0.05,0.030837732959588107
$michi,0.25,0.08386246539046964
$michi,0.5,0.056848140560475956
$michi,0.75,0.04240187911329057
$michi,0.95,0.0123826079295696
$michi,0.05,0.017626680150705468
$michi,0.25,0.04817651895474854
$michi,0.5,0.04232566631596279
$michi,0.75,0.03611724314680598
$michi,0.95,0.01118197687546922
$michi,0.05,0.025406938468759164
$michi,0.25,0.05423408447917722
$michi,0.5,0.029974389892434367
$michi,0.75,0.04476187194403997
$michi,0.95,0.01415123857046635
$michi,0.05,0.022049046077328525
$michi,0.25,0.06615438780278472
$michi,0.5,0.023214851514398744
$michi,0.75,0.04076846799827139
$michi,0.95,0.014877855780478686
$michi,0.05,0.018159216825022563
$michi,0.25,0.04126901089508335
$michi,0.5,0.017284045474970696
$michi,0.75,0.021605521403934073
$michi,0.95,0.01920518091898597
$michi,0.05,0.014344468431562117
$michi,0.25,0.031777993712015395
$michi,0.5,0.024606092538850547
$michi,0.75,0.026985036182725724
$michi,0.95,0.010629619225320526
$michi,0.05,0.010602439662927789
$michi,0.25,0.01502217825431832
$michi,0.5,0.0362817282996073
$michi,0.75,0.04679645949741767
$michi,0.95,0.023097844423780465
$michi,0.05,0.013934560876099516
$michi,0.25,0.028830758743658463
$michi,0.5,0.019216964314085688
$michi,0.75,0.032343742226680766
$michi,0.95,0.01322997340379214
ALCH,0.05,0.01615671056200252
ALCH,0.25,0.0477698442667382
ALCH,0.5,0.02453875741162534
ALCH,0.75,0.042376617554690764
ALCH,0.95,0.016797253959773297
ALCH,0.05,0.012038331761928306
ALCH,0.25,0.03701150307400422
ALCH,0.5,0.02821310512103926
ALCH,0.75,0.06877983765171879
ALCH,0.95,0.018029724140053688
ALCH,0.05,0.03630348486574824
ALCH,0.25,0.14672233505522211
ALCH,0.5,0.22248895508410724
ALCH,0.75,0.17536479528072912
ALCH,0.95,0.03869919001198587
ALCH,0.05,0.04728939490047946
ALCH,0.25,0.22559406708506113
ALCH,0.5,0.2783643633323398
ALCH,0.75,0.2587796797629012
ALCH,0.95,0.10303009055059247
ALCH,0.05,0.04095012264275885
ALCH,0.25,0.1486166492170238
ALCH,0.5,0.1066553467005914
ALCH,0.75,0.18650401461315105
ALCH,0.95,0.10261159426043431
ALCH,0.05,0.038856953456201916
ALCH,0.25,0.13366254685800275
ALCH,0.5,0.08327347209802001
ALCH,0.75,0.2370415308309393
ALCH,0.95,0.08514262547741126
ALCH,0.05,0.044957461116075265
ALCH,0.25,0.13902614562800983
ALCH,0.5,0.07276657683305437
ALCH,0.75,0.12946023270745335
ALCH,0.95,0.0956181108712885
ALCH,0.05,0.04604062824972849
ALCH,0.25,0.13080815397312745
ALCH,0.5,0.08407827268269419
ALCH,0.75,0.09854159240735881
ALCH,0.95,0.12453141904960892
ALCH,0.05,0.036660539226764474
ALCH,0.25,0.12521004184248655
ALCH,0.5,0.09249197938748406
ALCH,0.75,0.06670897840447441
ALCH,0.95,0.09777188804145598
ALCH,0.05,0.022525093928825794
ALCH,0.25,0.07951503550824779
ALCH,0.5,0.04335489978306035
ALCH,0.75,0.09752978036701514
ALCH,0.95,0.0736469923121741
ALCH,0.05,0.027276886282221927
ALCH,0.25,0.07530884554486678
ALCH,0.5,0.02681032352601194
ALCH,0.75,0.09173658007986596
ALCH,0.95,0.07523359633524151
ALCH,0.05,0.02837319737909488
ALCH,0.25,0.12726910885833256
ALCH,0.5,0.07669916126906749
ALCH,0.75,0.09265606106628677
ALCH,0.95,0.06521397057905853
ALCH,0.05,0.012052792567504132
ALCH,0.25,0.0476668662205141
ALCH,0.5,0.05951885350223265
ALCH,0.75,0.12463642683021021
ALCH,0.95,0.08129363142996526
ALCH,0.05,0.0296667616716137
ALCH,0.25,0.07224109479382392
ALCH,0.5,0.03714658440110837
ALCH,0.75,0.031040011087818883
ALCH,0.95,0.022146584004275074
ALCH,0.05,0.01881543507039607
ALCH,0.25,0.033418717556252094
ALCH,0.5,0.018928275542537322
ALCH,0.75,0.05634781612438227
ALCH,0.95,0.045266325339028135
ALCH,0.05,0.023831722060850297
ALCH,0.25,0.04132374394671664
ALCH,0.5,0.03151354327268135
ALCH,0.75,0.07199259585566802
ALCH,0.95,0.04077413868109453
ALCH,0.05,0.029180384261047368
ALCH,0.25,0.04832033348659318
ALCH,0.5,0.02849821007310917
ALCH,0.75,0.06184063150682962
ALCH,0.95,0.02045859225202356
ALCH,0.05,0.013598376496144442
ALCH,0.25,0.027624067275429733
ALCH,0.5,0.07702875605888532
ALCH,0.75,0.06674971358419064
ALCH,0.95,0.02669541510704769
ALCH,0.05,0.015408555151764411
ALCH,0.25,0.050899760783290914
ALCH,0.5,0.02575884382987415
ALCH,0.75,0.026715365046986028
ALCH,0.95,0.011696815008159932
ALCH,0.05,0.011043575425465508
ALCH,0.25,0.035941344986227794
ALCH,0.5,0.019250906632950534
ALCH,0.75,0.04600082058680024
ALCH,0.95,0.015712245689139818
ALCH,0.05,0.014697979825229739
ALCH,0.25,0.030970046704972738
ALCH,0.5,0.023574593037963346
ALCH,0.75,0.04856140284606069
ALCH,0.95,0.022697363094864493
ALCH,0.05,0.010170646358924096
ALCH,0.25,0.03359091212527385
ALCH,0.5,0.01720178326902463
ALCH,0.75,0.051687384151087
ALCH,0.95,0.0221592878811665
ALCH,0.05,0.012905054045556278
ALCH,0.25,0.03731788013048757
ALCH,0.5,0.018901621371431913
ALCH,0.75,0.03675484718610487
ALCH,0.95,0.01150427337215095
ALCH,0.05,0.013139876124541233
ALCH,0.25,0.024644875693948857
ALCH,0.5,0.012462239635186875
ALCH,0.75,0.038561999535815385
ALCH,0.95,0.010315596630793109
ALCH,0.05,0.008652148712522198
ALCH,0.25,0.02018770211112381
ALCH,0.5,0.009949089832725244
ALCH,0.75,0.029950394755718274
ALCH,0.95,0.014337105974832386
AVA,0.05,0.031132974292192597
AVA,0.25,0.06448631299277191
AVA,0.5,0.03670544864180956
AVA,0.75,0.05770536251890495
AVA,0.95,0.023525590906775213
AVA,0.05,0.019906968342950294
AVA,0.25,0.07580255565683253
AVA,0.5,0.024897151569026842
AVA,0.75,0.05224094220683593
AVA,0.95,0.022785740503024395
AVA,0.05,0.016062725237951766
AVA,0.25,0.040947156780580966
AVA,0.5,0.037682090878312764
AVA,0.75,0.04578030765204994
AVA,0.95,0.03550994885649376
AVA,0.05,0.01915789387536471
AVA,0.25,0.03797030013510238
AVA,0.5,0.015859777504196905
AVA,0.75,0.023941938777001574
AVA,0.95,0.0154120710849392
AVA,0.05,0.013767132676775267
AVA,0.25,0.037959184750099094
AVA,0.5,0.03567351281697951
AVA,0.75,0.06379008795241921
AVA,0.95,0.029739418198138107
AVA,0.05,0.01051315209736532
AVA,0.25,0.028553010025230835
AVA,0.5,0.0329892434661884
AVA,0.75,0.03637817852321184
AVA,0.95,0.01382239510042269
AVA,0.05,0.014157376140769506
AVA,0.25,0.026304449955796252
AVA,0.5,0.024105692079732708
AVA,0.75,0.043878013400185746
AVA,0.95,0.01782017793235352
AVA,0.05,0.014101676577051728
AVA,0.25,0.05015180558357535
AVA,0.5,0.02512348114409089
AVA,0.75,0.07073167133644541
AVA,0.95,0.029694914645879672
AVA,0.05,0.021470744197303424
AVA,0.25,0.09516645071847868
AVA,0.5,0.0704047168981853
AVA,0.75,0.055227319770078075
AVA,0.95,0.04037817179065591
AVA,0.05,0.01452549035922808
AVA,0.25,0.05262364657543386
AVA,0.5,0.055900446490565005
AVA,0.75,0.0572802168670612
AVA,0.95,0.02758893310001284
AVA,0.05,0.017942093296234456
AVA,0.25,0.06331618773766538
AVA,0.5,0.01803299838417002
AVA,0.75,0.0326688713353869
AVA,0.95,0.020470382675770473
AVA,0.05,0.02480120625581905
AVA,0.25,0.12136944330566501
AVA,0.5,0.1001550239068988
AVA,0.75,0.0664287452596777
AVA,0.95,0.03653516050208959
AVA,0.05,0.02557146168641779
AVA,0.25,0.09006226547029521
AVA,0.5,0.07111082719259554
AVA,0.75,0.061879017147677774
AVA,0.95,0.03664877486446721
AVA,0.05,0.021635371594119285
AVA,0.25,0.04939880497506113
AVA,0.5,0.03648102211481462
AVA,0.75,0.08387975447309248
AVA,0.95,0.025537611839920742
AVA,0.05,0.02187878509165235
AVA,0.25,0.0789868238270692
AVA,0.5,0.05292210101607936
AVA,0.75,0.08082634113933444
AVA,0.95,0.038007849241053014
AVA,0.05,0.017735436861575794
AVA,0.25,0.0801767179282616
AVA,0.5,0.03478341137820567
AVA,0.75,0.08122560976106043
AVA,0.95,0.040123575554973645
AVA,0.05,0.01524200548178948
AVA,0.25,0.0575629893908536
AVA,0.5,0.044482471257315366
AVA,0.75,0.08949929294252527
AVA,0.95,0.04278693377865372
AVA,0.05,0.018102367919938828
AVA,0.25,0.037535622831888736
AVA,0.5,0.03359663271738859
AVA,0.75,0.07944134814658473
AVA,0.95,0.03672474887134241
AVA,0.05,0.01643919335075157
AVA,0.25,0.04935707673780212
AVA,0.5,0.022950720503102328
AVA,0.75,0.09128714552278477
AVA,0.95,0.024509051499148535
AVA,0.05,0.015955553631876132
AVA,0.25,0.02907076499282303
AVA,0.5,0.020654664671074362
AVA,0.75,0.05638059445596902
AVA,0.95,0.020681686055283092
AVA,0.05,0.015371847282319002
AVA,0.25,0.03221806545490265
AVA,0.5,0.04791911138321888
AVA,0.75,0.05570147611480697
AVA,0.95,0.014925904484561504
AVA,0.05,0.020316314298145625
AVA,0.25,0.06615617227806316
AVA,0.5,0.04716144648541167
AVA,0.75,0.031042071055722247
AVA,0.95,0.018114497329615512
AVA,0.05,0.011477851365050022
AVA,0.25,0.024897148568096817
AVA,0.5,0.07692430398660956
AVA,0.75,0.08650026316351937
AVA,0.95,0.02931249789477275
AVA,0.05,0.020971662500361764
AVA,0.25,0.05744137903767139
AVA,0.5,0.04394955173127357
AVA,0.75,0.05191489269526694
AVA,0.95,0.013361988172102065
AVA,0.05,0.017371447783838367
AVA,0.25,0.04954537698376312
AVA,0.5,0.03461508779275643
AVA,0.75,0.06662815951397852
AVA,0.95,0.04396215295193659
BOME,0.05,0.00776635915145615
BOME,0.25,0.025165128332623413
BOME,0.5,0.011284997309006775
BOME,0.75,0.014349826497667653
BOME,0.95,0.005927968672871593
BOME,0.05,0.010262499560380493
BOME,0.25,0.03567395699800053
BOME,0.5,0.024558687310402238
BOME,0.75,0.01481962960967223
BOME,0.95,0.005116120607992437
BOME,0.05,0.006391236360542351
BOME,0.25,0.02249999710427016
BOME,0.5,0.023158773852543627
BOME,0.75,0.022607139746986634
BOME,0.95,0.007842831996603043
BOME,0.05,0.018443571086853003
BOME,0.25,0.028426969335392956
BOME,0.5,0.02129106902888557
BOME,0.75,0.023846314750549033
BOME,0.95,0.007050939614543475
BOME,0.05,0.011608895046735386
BOME,0.25,0.033399006758965975
BOME,0.5,0.02387223676033659
BOME,0.75,0.012403178860775924
BOME,0.95,0.014476466648701105
BOME,0.05,0.009206714113112408
BOME,0.25,0.02516713014195485
BOME,0.5,0.03422719043909926
BOME,0.75,0.017192682482983553
BOME,0.95,0.01995276416633945
BOME,0.05,0.011697193465869844
BOME,0.25,0.02498138377281584
BOME,0.5,0.009648511631300904
BOME,0.75,0.05622224314870363
BOME,0.95,0.02042423700189867
BOME,0.05,0.021738580690376805
BOME,0.25,0.03835047157313894
BOME,0.5,0.020427321502277915
BOME,0.75,0.03358452360850386
BOME,0.95,0.011704402106979246
BOME,0.05,0.022955028263323005
BOME,0.25,0.030735809520619942
BOME,0.5,0.007378038173479033
BOME,0.75,0.021038692252108516
BOME,0.95,0.008197843792126945
BOME,0.05,0.014917737188260595
BOME,0.25,0.017483832344195722
BOME,0.5,0.010573346734890061
BOME,0.75,0.02695116565114045
BOME,0.95,0.010720979918443676
BOME,0.05,0.009091629983842414
BOME,0.25,0.016254584742407357
BOME,0.5,0.013697470449852348
BOME,0.75,0.026123168306709386
BOME,0.95,0.008087104329814639
BOME,0.05,0.011045189157997437
BOME,0.25,0.03137674540672498
BOME,0.5,0.03764181856049475
BOME,0.75,0.019253164701758165
BOME,0.95,0.006772872706637827
BOME,0.05,0.006182605225805175
BOME,0.25,0.01854480541905633
BOME,0.5,0.01730997958727924
BOME,0.75,0.03148679037085898
BOME,0.95,0.010587087433939804
BOME,0.05,0.008412779276902083
BOME,0.25,0.020781193413048068
BOME,0.5,0.01353445855912899
BOME,0.75,0.024716640890895952
BOME,0.95,0.009738794100768956
BOME,0.05,0.008594337986914303
BOME,0.25,0.018534448819567274
BOME,0.5,0.011783006514022169
BOME,0.75,0.007414267297853538
BOME,0.95,0.013980764898262015
BOME,0.05,0.007051566724856944
BOME,0.25,0.023715224478465854
BOME,0.5,0.01836644173900984
BOME,0.75,0.014034263589271574
BOME,0.95,0.009313495565764924
BOME,0.05,0.007187164000368604
BOME,0.25,0.015412451595160914
BOME,0.5,0.01267392064866591
BOME,0.75,0.01536234202143761
BOME,0.95,0.013098940666707621
BOME,0.05,0.008269299518712156
BOME,0.25,0.023986160190536912
BOME,0.5,0.01666935471288969
BOME,0.75,0.013221817297859777
BOME,0.95,0.008883548842775877
BOME,0.05,0.00942420542222347
BOME,0.25,0.015014520387265981
BOME,0.5,0.012984919249513817
BOME,0.75,0.01287230772088678
BOME,0.95,0.010437881416849667
BOME,0.05,0.008814247326659782
BOME,0.25,0.01751517612692301
BOME,0.5,0.012826020369703983
BOME,0.75,0.0146621454958082
BOME,0.95,0.008742867025394072
BOME,0.05,0.005547861150128802
BOME,0.25,0.01898579598015371
BOME,0.5,0.011437422712477933
BOME,0.75,0.019708148570617083
BOME,0.95,0.008638067134907099
BOME,0.05,0.008743205873194795
BOME,0.25,0.03670102852855821
BOME,0.5,0.040393396276663156
BOME,0.75,0.014628922730714963
BOME,0.95,0.004103141533221284
BOME,0.05,0.006885480341141235
BOME,0.25,0.02191145223418362
BOME,0.5,0.011987060738022191
BOME,0.75,0.010936961827159858
BOME,0.95,0.0055419444528750665
BOME,0.05,0.0056881048334521565
BOME,0.25,0.0137824357565675
BOME,0.5,0.018816799452727757
BOME,0.75,0.021155721702445576
BOME,0.95,0.010319098468207529
BOME,0.05,0.008110483409703783
BOME,0.25,0.016539961564790574
BOME,0.5,0.015746841077092483
BOME,0.75,0.016300731675996997
BOME,0.95,0.011033952179057128
BOME,0.05,0.007722348128165854
BOME,0.25,0.02167030738717773
BOME,0.5,0.0063550826997822015
BOME,0.75,0.017972525023786844
BOME,0.95,0.015381576471185971
BOME,0.05,0.02121458196174464
BOME,0.25,0.06754721991539075
BOME,0.5,0.08686445338176808
BOME,0.75,0.10281882137394698
BOME,0.95,0.06245540870089115
BOME,0.05,0.01765214411088698
BOME,0.25,0.08115007928884073
BOME,0.5,0.10058842293620955
BOME,0.75,0.10880523638261591
BOME,0.95,0.07326577560920837
BOME,0.05,0.023739233296616317
BOME,0.25,0.10472138577259733
BOME,0.5,0.06136769133795955
BOME,0.75,0.054613822760916066
BOME,0.95,0.018773251819548673
BOME,0.05,0.013875486592676024
BOME,0.25,0.06245419790409481
BOME,0.5,0.04251276924967826
BOME,0.75,0.03210144059681301
BOME,0.95,0.013646462844209112
BOME,0.05,0.02954508528673891
BOME,0.25,0.08158261415628362
BOME,0.5,0.02398756856263326
BOME,0.75,0.020076259129541533
BOME,0.95,0.01106961885587542
BOME,0.05,0.01903875771082983
BOME,0.25,0.07367772855446794
BOME,0.5,0.016666341027436454
BOME,0.75,0.022774210341436892
BOME,0.95,0.022636369075602642
BOME,0.05,0.008519637433683497
BOME,0.25,0.024652653695119018
BOME,0.5,0.02522096993651457
BOME,0.75,0.061097428338612286
BOME,0.95,0.016165276534782336
BOME,0.05,0.005310924412295162
BOME,0.25,0.020172020930258033
BOME,0.5,0.023414241072770837
BOME,0.75,0.0631040824046837
BOME,0.95,0.020716872601241252
BOME,0.05,0.013048431860564627
BOME,0.25,0.019587492821234443
BOME,0.5,0.036412772757556645
BOME,0.75,0.04174026182720297
BOME,0.95,0.014015061640209749
FWOG,0.05,0.045721982668528525
FWOG,0.25,0.1375041701503303
FWOG,0.5,0.177056711064334
FWOG,0.75,0.2110840285176808
FWOG,0.95,0.16951219713383972
FWOG,0.05,0.02604972936925537
FWOG,0.25,0.10140484481501788
FWOG,0.5,0.15400376525280138
FWOG,0.75,0.16644598496307386
FWOG,0.95,0.09771654617065238
FWOG,0.05,0.016749482931941315
FWOG,0.25,0.05852344730003184
FWOG,0.5,0.06692963640227521
FWOG,0.75,0.09517843343750848
FWOG,0.95,0.02435535539866933
FWOG,0.05,0.02077743696604258
FWOG,0.25,0.072133999072324
FWOG,0.5,0.057954321249970735
FWOG,0.75,0.0681866543395153
FWOG,0.95,0.024973040388128916
FWOG,0.05,0.029655728053289615
FWOG,0.25,0.095356115108018
FWOG,0.5,0.03221233471294931
FWOG,0.75,0.06839543048421477
FWOG,0.95,0.03473389815192335
FWOG,0.05,0.010062590853072192
FWOG,0.25,0.02655728216459388
FWOG,0.5,0.11330204070189033
FWOG,0.75,0.11419788758519193
FWOG,0.95,0.07086694666707988
FWOG,0.05,0.018880967738065423
FWOG,0.25,0.06229977578203258
FWOG,0.5,0.05991891070368111
FWOG,0.75,0.08742526389049336
FWOG,0.95,0.0652797836464638
FWOG,0.05,0.02445437199673985
FWOG,0.25,0.07218081950572426
FWOG,0.5,0.05710610465395655
FWOG,0.75,0.0883874203587917
FWOG,0.95,0.06190777427343106
FWOG,0.05,0.02823868302823296
FWOG,0.25,0.09092735146086996
FWOG,0.5,0.08208269470150915
FWOG,0.75,0.0976748590392094
FWOG,0.95,0.0840634692558121
FWOG,0.05,0.026610376463947455
FWOG,0.25,0.05997441300922721
FWOG,0.5,0.04106561224203988
FWOG,0.75,0.13999664048323693
FWOG,0.95,0.04492762739491391
FWOG,0.05,0.029718074079113935
FWOG,0.25,0.07484294190689532
FWOG,0.5,0.03378159050522466
FWOG,0.75,0.06717890523812918
FWOG,0.95,0.04863187205968208
FWOG,0.05,0.03564699092653454
FWOG,0.25,0.09387573810266593
FWOG,0.5,0.05209481304856472
FWOG,0.75,0.05125171857664157
FWOG,0.95,0.04227059445638314
FWOG,0.05,0.01339748701243926
FWOG,0.25,0.03517638940209106
FWOG,0.5,0.05788212249358985
FWOG,0.75,0.08240643193922659
FWOG,0.95,0.04732588946697134
FWOG,0.05,0.024994774199351564
FWOG,0.25,0.02826227555920756
FWOG,0.5,0.02395023061547726
FWOG,0.75,0.0821763966483132
FWOG,0.95,0.021084013644694394
FWOG,0.05,0.02290969062569626
FWOG,0.25,0.039635621752707566
FWOG,0.5,0.027790910276165082
FWOG,0.75,0.057842644681562604
FWOG,0.95,0.0494458887212004
FWOG,0.05,0.02674251699464549
FWOG,0.25,0.030884027453654147
FWOG,0.5,0.022558311887412835
FWOG,0.75,0.06244932979412924
FWOG,0.95,0.05662664388097537
FWOG,0.05,0.03381360815093209
FWOG,0.25,0.08198569796016934
FWOG,0.5,0.09933822787645874
FWOG,0.75,0.0834534319122036
FWOG,0.95,0.03983273711509293
FWOG,0.05,0.033101397334679185
FWOG,0.25,0.12061592708053819
FWOG,0.5,0.14314073841369504
FWOG,0.75,0.0771906474029808
FWOG,0.95,0.04108484746744611
FWOG,0.05,0.026669020747589617
FWOG,0.25,0.09341929669208503
FWOG,0.5,0.05253002945613792
FWOG,0.75,0.02917344047191232
FWOG,0.95,0.05711310623912815
FWOG,0.05,0.02288581271938062
FWOG,0.25,0.0703485905819224
FWOG,0.5,0.0390482490550222
FWOG,0.75,0.05068137616551707
FWOG,0.95,0.06829683554714289
FWOG,0.05,0.02753930907112997
FWOG,0.25,0.0811620242534829
FWOG,0.5,0.03134115131962476
FWOG,0.75,0.04748447331730626
FWOG,0.95,0.05659404774173541
FWOG,0.05,0.019081143661995346
FWOG,0.25,0.07152011864410102
FWOG,0.5,0.014202806230616365
FWOG,0.75,0.053961078019590956
FWOG,0.95,0.05742872760874168
FWOG,0.05,0.01490215924374042
FWOG,0.25,0.04771146239760408
FWOG,0.5,0.03200915520776095
FWOG,0.75,0.047811704226098505
FWOG,0.95,0.021713729172576215
FWOG,0.05,0.02158291770670022
FWOG,0.25,0.04499845926927218
FWOG,0.5,0.01848037662797208
FWOG,0.75,0.03252820432225462
FWOG,0.95,0.015369717815241733
FWOG,0.05,0.010999221158284942
FWOG,0.25,0.04043568629125238
FWOG,0.5,0.018528941595016526
FWOG,0.75,0.021771911506765648
FWOG,0.95,0.020170891168483664
Fartcoin,0.05,0.012904205714907599
Fartcoin,0.25,0.03672306549518251
Fartcoin,0.5,0.02712046212528527
Fartcoin,0.75,0.061896104452732685
Fartcoin,0.95,0.028194323349188238
Fartcoin,0.05,0.01864675044031813
Fartcoin,0.25,0.059404323786785486
Fartcoin,0.5,0.03080858257429589
Fartcoin,0.75,0.04400883342650891
Fartcoin,0.95,0.017953674244710324
Fartcoin,0.05,0.01708220135613683
Fartcoin,0.25,0.034748525974285134
Fartcoin,0.5,0.03373812038291726
Fartcoin,0.75,0.042313423496304986
Fartcoin,0.95,0.017029834447054484
Fartcoin,0.05,0.02701699680058971
Fartcoin,0.25,0.06416011030451314
Fartcoin,0.5,0.041285556427284854
Fartcoin,0.75,0.04485043537042066
Fartcoin,0.95,0.017940598590651714
Fartcoin,0.05,0.02010020001720466
Fartcoin,0.25,0.059723685617449146
Fartcoin,0.5,0.06295312842414953
Fartcoin,0.75,0.06545429926631564
Fartcoin,0.95,0.024533848277111237
Fartcoin,0.05,0.017932799029882644
Fartcoin,0.25,0.07118574181572612
Fartcoin,0.5,0.09152065352904083
Fartcoin,0.75,0.07342340042899036
Fartcoin,0.95,0.021490557222287626
Fartcoin,0.05,0.020771481063092623
Fartcoin,0.25,0.0566646185878155
Fartcoin,0.5,0.024538628170406446
Fartcoin,0.75,0.06281629005581073
Fartcoin,0.95,0.040236712915740734
Fartcoin,0.05,0.0305961537331136
Fartcoin,0.25,0.09984001125865338
Fartcoin,0.5,0.04743864490055635
Fartcoin,0.75,0.05158943468623129
Fartcoin,0.95,0.024911285595166453
Fartcoin,0.05,0.03290633433984503
Fartcoin,0.25,0.11736452241554778
Fartcoin,0.5,0.04620385941151036
Fartcoin,0.75,0.08505756639581404
Fartcoin,0.95,0.037990983851304096
Fartcoin,0.05,0.034757121502731934
Fartcoin,0.25,0.029523594367736775
Fartcoin,0.5,0.049998524014152855
Fartcoin,0.75,0.07944643420508292
Fartcoin,0.95,0.053647297605510534
Fartcoin,0.05,0.028887917583410652
Fartcoin,0.25,0.07140346338013052
Fartcoin,0.5,0.09063412272721266
Fartcoin,0.75,0.04250000978624465
Fartcoin,0.95,0.04992763215644516
Fartcoin,0.05,0.03200509204845636
Fartcoin,0.25,0.09526705917081353
Fartcoin,0.5,0.0687759988619217
Fartcoin,0.75,0.06588233090989899
Fartcoin,0.95,0.030514096846186268
Fartcoin,0.05,0.02290244984067165
Fartcoin,0.25,0.058394640882433714
Fartcoin,0.5,0.05092776212213748
Fartcoin,0.75,0.08862612587449224
Fartcoin,0.95,0.03973878464020455
Fartcoin,0.05,0.022876732256746968
Fartcoin,0.25,0.07066918473235634
Fartcoin,0.5,0.025622480294980692
Fartcoin,0.75,0.06455168945185935
Fartcoin,0.95,0.033106312390960395
Fartcoin,0.05,0.0233073332158176
Fartcoin,0.25,0.08226160973426448
Fartcoin,0.5,0.0341544602980356
Fartcoin,0.75,0.04788519122128158
Fartcoin,0.95,0.024268802786884116
Fartcoin,0.05,0.022631023378836674
Fartcoin,0.25,0.04470763659407159
Fartcoin,0.5,0.06497831172512591
Fartcoin,0.75,0.06646825045944887
Fartcoin,0.95,0.01955561138471564
Fartcoin,0.05,0.03353239999301436
Fartcoin,0.25,0.11520896595799268
Fartcoin,0.5,0.11041748924795276
Fartcoin,0.75,0.0943585323609103
Fartcoin,0.95,0.02839366064773513
Fartcoin,0.05,0.029793413595517626
Fartcoin,0.25,0.12910364249034614
Fartcoin,0.5,0.11161478187737635
Fartcoin,0.75,0.05931413066673183
Fartcoin,0.95,0.01897175806742126
Fartcoin,0.05,0.029589845264284317
Fartcoin,0.25,0.06502544692070443
Fartcoin,0.5,0.048898881406672756
Fartcoin,0.75,0.10129989157886626
Fartcoin,0.95,0.028018033327924307
Fartcoin,0.05,0.024017481254606926
Fartcoin,0.25,0.08620120439914121
Fartcoin,0.5,0.024298304483426597
Fartcoin,0.75,0.07353674276290646
Fartcoin,0.95,0.0349074869362179
Fartcoin,0.05,0.024185218867352604
Fartcoin,0.25,0.08583670813091027
Fartcoin,0.5,0.0522880893006731
Fartcoin,0.75,0.057694015507341774
Fartcoin,0.95,0.03077554250269915
Fartcoin,0.05,0.01728713461105331
Fartcoin,0.25,0.08855390897150217
Fartcoin,0.5,0.051280758006903786
Fartcoin,0.75,0.0351591904885221
Fartcoin,0.95,0.025654625634901434
Fartcoin,0.05,0.012281317421628605
Fartcoin,0.25,0.03244261677811796
Fartcoin,0.5,0.027667399637852225
Fartcoin,0.75,0.07242662318971822
Fartcoin,0.95,0.021258176003905394
Fartcoin,0.05,0.023612191644829934
Fartcoin,0.25,0.03900319603389345
Fartcoin,0.5,0.029411250150985002
Fartcoin,0.75,0.06218213467483957
Fartcoin,0.95,0.027271892200315385
Fartcoin,0.05,0.014515929434344418
Fartcoin,0.25,0.03927789384073719
Fartcoin,0.5,0.01755648866067229
Fartcoin,0.75,0.06824033940026607
Fartcoin,0.95,0.02571303279227855
Fartcoin,0.05,0.013760082792676263
Fartcoin,0.25,0.04039716177000904
Fartcoin,0.5,0.013249660090367038
Fartcoin,0.75,0.023824007101123385
Fartcoin,0.95,0.020664515880546627
Fartcoin,0.05,0.01791780538905375
Fartcoin,0.25,0.05234040063722926
Fartcoin,0.5,0.024489012634393462
Fartcoin,0.75,0.034918931035950014
Fartcoin,0.95,0.021906515971963376
Fartcoin,0.05,0.011794826955986664
Fartcoin,0.25,0.036995779223147764
Fartcoin,0.5,0.04021754442384573
Fartcoin,0.75,0.045714677693913346
Fartcoin,0.95,0.01566582125824141
Fartcoin,0.05,0.012575232903972916
Fartcoin,0.25,0.03141927857030321
Fartcoin,0.5,0.009657243394618485
Fartcoin,0.75,0.026918595422482258
Fartcoin,0.95,0.018766898111559856
Fartcoin,0.05,0.015649981032492367
Fartcoin,0.25,0.03689200904689502
Fartcoin,0.5,0.015740203654772782
Fartcoin,0.75,0.04027717062710814
Fartcoin,0.95,0.0142217228510339
Fartcoin,0.05,0.015393262142725295
Fartcoin,0.25,0.034226763560210656
Fartcoin,0.5,0.023269276238397505
Fartcoin,0.75,0.05530680611915518
Fartcoin,0.95,0.013914003081934944
Fartcoin,0.05,0.013686983015469082
Fartcoin,0.25,0.041491548096694704
Fartcoin,0.5,0.020634501903535822
Fartcoin,0.75,0.03219157202275159
Fartcoin,0.95,0.00883422277273057
Fartcoin,0.05,0.007745925907117268
Fartcoin,0.25,0.02315534252488478
Fartcoin,0.5,0.022413024772698575
Fartcoin,0.75,0.03216851682778158
Fartcoin,0.95,0.014081144366956351
Fartcoin,0.05,0.013220089204839178
Fartcoin,0.25,0.017073527425949826
Fartcoin,0.5,0.044378104057272265
Fartcoin,0.75,0.04838393698535439
Fartcoin,0.95,0.01583333441645825
Fartcoin,0.05,0.013641112196923058
Fartcoin,0.25,0.03345145866034393
Fartcoin,0.5,0.029452198845852276
Fartcoin,0.75,0.03364930090135556
Fartcoin,0.95,0.013900344408097736
GIGA,0.05,0.011301111768979485
GIGA,0.25,0.01916384824829317
GIGA,0.5,0.046678673678107956
GIGA,0.75,0.04447192333072309
GIGA,0.95,0.017420764152365972
GIGA,0.05,0.014962104825280369
GIGA,0.25,0.03132937031250612
GIGA,0.5,0.04406280134415267
GIGA,0.75,0.031218325690154532
GIGA,0.95,0.012304724982022919
GIGA,0.05,0.009793081028255128
GIGA,0.25,0.019188066122475547
GIGA,0.5,0.01178443033954331
GIGA,0.75,0.04638507233632975
GIGA,0.95,0.021119597453561484
GIGA,0.05,0.013967809888811085
GIGA,0.25,0.03395355845890971
GIGA,0.5,0.03194114529947546
GIGA,0.75,0.024075379933262767
GIGA,0.95,0.01998818574270207
GIGA,0.05,0.018156844501129827
GIGA,0.25,0.04589907228007892
GIGA,0.5,0.022868393952884352
GIGA,0.75,0.026830885918915876
GIGA,0.95,0.01857830168675248
GIGA,0.05,0.01683625237656784
GIGA,0.25,0.030485213460000177
GIGA,0.5,0.03491416790484679
GIGA,0.75,0.03210028466856268
GIGA,0.95,0.024866041090621144
GIGA,0.05,0.006804977981884715
GIGA,0.25,0.05015135323463498
GIGA,0.5,0.0935053567110576
GIGA,0.75,0.08954598700038736
GIGA,0.95,0.027296273283557992
GIGA,0.05,0.016685838022522586
GIGA,0.25,0.04328221042890168
GIGA,0.5,0.06030490662774476
GIGA,0.75,0.04744584495915286
GIGA,0.95,0.01407568355134515
GIGA,0.05,0.024223034063326227
GIGA,0.25,0.05162311253983431
GIGA,0.5,0.03911233169121623
GIGA,0.75,0.04800209864574031
GIGA,0.95,0.019614249434020715
GIGA,0.05,0.019270267473832373
GIGA,0.25,0.030678372076324886
GIGA,0.5,0.028744441790560935
GIGA,0.75,0.06215715208670405
GIGA,0.95,0.030855482448240882
GIGA,0.05,0.021386544999597714
GIGA,0.25,0.038026215889172266
GIGA,0.5,0.03262258370895749
GIGA,0.75,0.05441336255717236
GIGA,0.95,0.025460693206837276
GIGA,0.05,0.028226755585430474
GIGA,0.25,0.09802723954951263
GIGA,0.5,0.07330138067418569
GIGA,0.75,0.06842799852024466
GIGA,0.95,0.024281521683311585
GIGA,0.05,0.021667305023143138
GIGA,0.25,0.0701487665654991
GIGA,0.5,0.06178488828749882
GIGA,0.75,0.05413876676696631
GIGA,0.95,0.01524160488103859
GIGA,0.05,0.010585953618067226
GIGA,0.25,0.039050338682240456
GIGA,0.5,0.023549394351196407
GIGA,0.75,0.058941728638178786
GIGA,0.95,0.01795891223761441
GIGA,0.05,0.01076877467151135
GIGA,0.25,0.02743972756143259
GIGA,0.5,0.02368006214876839
GIGA,0.75,0.03747344605281316
GIGA,0.95,0.011439889302837807
GIGA,0.05,0.015575943504636173
GIGA,0.25,0.03915037023423198
GIGA,0.5,0.03186309921992802
GIGA,0.75,0.0262258302917177
GIGA,0.95,0.030285418200463484
GIGA,0.05,0.014017569204474658
GIGA,0.25,0.04951136577791288
GIGA,0.5,0.02145431844670465
GIGA,0.75,0.036705994115448164
GIGA,0.95,0.0216358554996359
GIGA,0.05,0.014149717503002944
GIGA,0.25,0.060894280415995115
GIGA,0.5,0.0410110129875464
GIGA,0.75,0.024936683634545775
GIGA,0.95,0.01744411600441069
GIGA,0.05,0.016911232689560032
GIGA,0.25,0.035584344777912696
GIGA,0.5,0.031549002873245906
GIGA,0.75,0.041626512695694
GIGA,0.95,0.017842878941341945
GIGA,0.05,0.014661970225674802
GIGA,0.25,0.049859959618054284
GIGA,0.5,0.023525466042264926
GIGA,0.75,0.036437032799441244
GIGA,0.95,0.016563807049759585
GIGA,0.05,0.013866114189969502
GIGA,0.25,0.05319091412251583
GIGA,0.5,0.017880523756412733
GIGA,0.75,0.03717746434548768
GIGA,0.95,0.015828516416263982
GIGA,0.05,0.020064310877395113
GIGA,0.25,0.08068186243509701
GIGA,0.5,0.049841313703039035
GIGA,0.75,0.03185004584593313
GIGA,0.95,0.01891962630365122
GIGA,0.05,0.008622270644377983
GIGA,0.25,0.0227056955987968
GIGA,0.5,0.046900309080277446
GIGA,0.75,0.04942319619038953
GIGA,0.95,0.02438260351553608
GIGA,0.05,0.013580078524706952
GIGA,0.25,0.039167314731238724
GIGA,0.5,0.016731659597883877
GIGA,0.75,0.04469919646312742
GIGA,0.95,0.017177177129173146
GIGA,0.05,0.016950307333609572
GIGA,0.25,0.03648861011969823
GIGA,0.5,0.0191518643171375
GIGA,0.75,0.02159088648210339
GIGA,0.95,0.013927574536168224
GOAT,0.05,0.006858294030871015
GOAT,0.25,0.022164225776301755
GOAT,0.5,0.0148960903959873
GOAT,0.75,0.024016555241581018
GOAT,0.95,0.014639998658977716
GOAT,0.05,0.007331880689119544
GOAT,0.25,0.01924743366232361
GOAT,0.5,0.019010625515441297
GOAT,0.75,0.0255840803357482
GOAT,0.95,0.01766679844304783
GOAT,0.05,0.00837617160313818
GOAT,0.25,0.021112241924980662
GOAT,0.5,0.03640910197925143
GOAT,0.75,0.039084070577754905
GOAT,0.95,0.018724904595991566
GOAT,0.05,0.014197301711428523
GOAT,0.25,0.039399296685900115
GOAT,0.5,0.034911357616519444
GOAT,0.75,0.027556722227624297
GOAT,0.95,0.012902581389645734
GOAT,0.05,0.012025153337242413
GOAT,0.25,0.036631642994025215
GOAT,0.5,0.008451258374990393
GOAT,0.75,0.047160812286635934
GOAT,0.95,0.026593194610483293
GOAT,0.05,0.013807711474293674
GOAT,0.25,0.03881653192042308
GOAT,0.5,0.03142354851182214
GOAT,0.75,0.04205862223271695
GOAT,0.95,0.030393278959229855
GOAT,0.05,0.021681367607240893
GOAT,0.25,0.03632511779898934
GOAT,0.5,0.008382844911639424
GOAT,0.75,0.040293603051505845
GOAT,0.95,0.012524688731674704
GOAT,0.05,0.009766611545338463
GOAT,0.25,0.03298510759093496
GOAT,0.5,0.013254785038790302
GOAT,0.75,0.027007201061300407
GOAT,0.95,0.010537979922137522
GOAT,0.05,0.00957380714016874
GOAT,0.25,0.029324220474424918
GOAT,0.5,0.011888227929789727
GOAT,0.75,0.02593528676054839
GOAT,0.95,0.01868795225302348
GOAT,0.05,0.007489477777258683
GOAT,0.25,0.02290839978146848
GOAT,0.5,0.010394548904785998
GOAT,0.75,0.03356836127945607
GOAT,0.95,0.010060528726329645
GOAT,0.05,0.005331598577121926
GOAT,0.25,0.01734750168622038
GOAT,0.5,0.02173151280735117
GOAT,0.75,0.024443736278831906
GOAT,0.95,0.013849552733713593
GOAT,0.05,0.01090123992385505
GOAT,0.25,0.04104599892421535
GOAT,0.5,0.03982190687905879
GOAT,0.75,0.016081499914491218
GOAT,0.95,0.014324722465695043
GOAT,0.05,0.008279188369665152
GOAT,0.25,0.022021523805684156
GOAT,0.5,0.014444344586458192
GOAT,0.75,0.036311324482739604
GOAT,0.95,0.015269132352447182
GOAT,0.05,0.008991265198264847
GOAT,0.25,0.02266175828452491
GOAT,0.5,0.018127484330227876
GOAT,0.75,0.028685950533045915
GOAT,0.95,0.011886113077503077
GOAT,0.05,0.009166577870571084
GOAT,0.25,0.021734624995133053
GOAT,0.5,0.011020962197868335
GOAT,0.75,0.025154404318534624
GOAT,0.95,0.011693088851994424
GOAT,0.05,0.03165316254246615
GOAT,0.25,0.12509301691073874
GOAT,0.5,0.2133788095318946
GOAT,0.75,0.2834396110364177
GOAT,0.95,0.25076029568083275
GOAT,0.05,0.04003569085269631
GOAT,0.25,0.16441716871728282
GOAT,0.5,0.20593706306294632
GOAT,0.75,0.2560826348926216
GOAT,0.95,0.2520881716934375
GOAT,0.05,0.08278008837733794
GOAT,0.25,0.3870786816244865
GOAT,0.5,0.48071760465895
GOAT,0.75,0.6488919023422132
GOAT,0.95,0.7046754481921785
GOAT,0.05,0.06912313576115008
GOAT,0.25,0.2768401389764884
GOAT,0.5,0.08656572193073303
GOAT,0.75,0.10562933928109773
GOAT,0.95,0.03145238238071361
GOAT,0.05,0.05238119908107133
GOAT,0.25,0.22942947297696756
GOAT,0.5,0.060095007867341205
GOAT,0.75,0.04662493609702203
GOAT,0.95,0.016890570176579554
GOAT,0.05,0.05428457256704718
GOAT,0.25,0.24554828874736992
GOAT,0.5,0.042048544910620954
GOAT,0.75,0.09276808243196631
GOAT,0.95,0.02714782800382329
GOAT,0.05,0.043754907964984525
GOAT,0.25,0.14092348706816824
GOAT,0.5,0.013518778890090908
GOAT,0.75,0.08875649280872316
GOAT,0.95,0.03856639830644569
GOAT,0.05,0.013860866383007238
GOAT,0.25,0.025373418991214258
GOAT,0.5,0.02800733462481167
GOAT,0.75,0.09920330251300737
GOAT,0.95,0.04242030317269891
GOAT,0.05,0.01507312567917953
GOAT,0.25,0.022874046236344148
GOAT,0.5,0.01992741272424056
GOAT,0.75,0.055653355325557465
GOAT,0.95,0.03270563891528295
GOAT,0.05,0.014496687435908371
GOAT,0.25,0.0324742710772436
GOAT,0.5,0.03392539337843011
GOAT,0.75,0.05549632617379602
GOAT,0.95,0.02897544716717124
LAUNCHCOIN,0.05,0.06321211772074938
LAUNCHCOIN,0.25,0.21777573098890632
LAUNCHCOIN,0.5,0.3501650323539565
LAUNCHCOIN,0.75,0.3705935961154401
LAUNCHCOIN,0.95,0.08143551743217708
LAUNCHCOIN,0.05,0.09126516314715195
LAUNCHCOIN,0.25,0.35030132273725023
LAUNCHCOIN,0.5,0.5023337685409284
LAUNCHCOIN,0.75,0.38658743300081433
LAUNCHCOIN,0.95,0.09290853122524423
LAUNCHCOIN,0.05,0.07266057777262591
LAUNCHCOIN,0.25,0.23645254684439332
LAUNCHCOIN,0.5,0.21462826692444925
LAUNCHCOIN,0.75,0.25008426497316116
LAUNCHCOIN,0.95,0.10450029251730154
LAUNCHCOIN,0.05,0.0828323856665488
LAUNCHCOIN,0.25,0.2550152183715094
LAUNCHCOIN,0.5,0.07014194493871581
LAUNCHCOIN,0.75,0.3375235708485205
LAUNCHCOIN,0.95,0.09779044540644156
LAUNCHCOIN,0.05,0.12083036330361602
LAUNCHCOIN,0.25,0.43253095191265345
LAUNCHCOIN,0.5,0.3429416772442933
LAUNCHCOIN,0.75,0.17951537139595083
LAUNCHCOIN,0.95,0.08070133022331494
LAUNCHCOIN,0.05,0.12488344911839656
LAUNCHCOIN,0.25,0.4869818501351301
LAUNCHCOIN,0.5,0.1719087509404801
LAUNCHCOIN,0.75,0.4293434501007525
LAUNCHCOIN,0.95,0.12769530269189877
LAUNCHCOIN,0.05,0.14260589154163586
LAUNCHCOIN,0.25,0.42227426570699717
LAUNCHCOIN,0.5,0.5582449555031913
LAUNCHCOIN,0.75,0.6107811424297734
LAUNCHCOIN,0.95,0.21549213632044642
LAUNCHCOIN,0.05,0.3382439857973801
LAUNCHCOIN,0.25,1.3786770539884305
LAUNCHCOIN,0.5,2.054113105456569
LAUNCHCOIN,0.75,2.532463449423457
LAUNCHCOIN,0.95,2.4853404439563294
LAUNCHCOIN,0.05,0.18841607024420348
LAUNCHCOIN,0.25,0.7170925681943765
LAUNCHCOIN,0.5,0.09647250051888606
LAUNCHCOIN,0.75,0.5483616459961597
LAUNCHCOIN,0.95,0.12263709683665429
LAUNCHCOIN,0.05,0.18808812290189625
LAUNCHCOIN,0.25,0.6155921093822943
LAUNCHCOIN,0.5,0.08075678095443314
LAUNCHCOIN,0.75,0.542830975539831
LAUNCHCOIN,0.95,0.159079781911786
LAUNCHCOIN,0.05,0.2036712423457245
LAUNCHCOIN,0.25,0.8251637917512769
LAUNCHCOIN,0.5,0.34762756699946795
LAUNCHCOIN,0.75,0.3953063371220338
LAUNCHCOIN,0.95,0.1326923295064439
LAUNCHCOIN,0.05,0.815146077905867
LAUNCHCOIN,0.25,3.95547255756491
LAUNCHCOIN,0.5,6.835585744158247
LAUNCHCOIN,0.75,9.407493308850091
LAUNCHCOIN,0.95,9.88518418604329
LAUNCHCOIN,0.05,0.3475841104003488
LAUNCHCOIN,0.25,1.4528311731764882
LAUNCHCOIN,0.5,1.3275333214006255
LAUNCHCOIN,0.75,1.6597739588372171
LAUNCHCOIN,0.95,0.4854134096139544
LAUNCHCOIN,0.05,0.45578633694748083
LAUNCHCOIN,0.25,1.8704205750417497
LAUNCHCOIN,0.5,0.07714140661168432
LAUNCHCOIN,0.75,0.3107469341284061
LAUNCHCOIN,0.95,0.6107690765286097
LAUNCHCOIN,0.05,0.43119933646029013
LAUNCHCOIN,0.25,1.9041834661306831
LAUNCHCOIN,0.5,0.05655096879966806
LAUNCHCOIN,0.75,0.25609049878288226
LAUNCHCOIN,0.95,0.3642171441479661
LAUNCHCOIN,0.05,0.43241371937671286
LAUNCHCOIN,0.25,1.9390768793933464
LAUNCHCOIN,0.5,0.08191948113319818
LAUNCHCOIN,0.75,0.36170322997227267
LAUNCHCOIN,0.95,0.441461381756094
LAUNCHCOIN,0.05,0.03626828130151764
LAUNCHCOIN,0.25,0.11598336937901721
LAUNCHCOIN,0.5,0.028437008483949505
LAUNCHCOIN,0.75,0.4722701567271075
LAUNCHCOIN,0.95,0.3417224933776681
LAUNCHCOIN,0.05,0.01979371400637302
LAUNCHCOIN,0.25,0.06777720708885554
LAUNCHCOIN,0.5,0.05864849343418793
LAUNCHCOIN,0.75,0.6556933299455435
LAUNCHCOIN,0.95,0.038685677242163055
MEW,0.05,0.00872384593755292
MEW,0.25,0.013388911693318758
MEW,0.5,0.009289424764221592
MEW,0.75,0.01609128736056711
MEW,0.95,0.006761981644058226
MEW,0.05,0.011371966308705133
MEW,0.25,0.04153216623808322
MEW,0.5,0.04829108633088211
MEW,0.75,0.027176896510095333
MEW,0.95,0.015103677144925108
MEW,0.05,0.018879019368654215
MEW,0.25,0.052685705646261904
MEW,0.5,0.05829312470268077
MEW,0.75,0.055529359345389856
MEW,0.95,0.021300889680158978
MEW,0.05,0.01471704704757934
MEW,0.25,0.03928074873798032
MEW,0.5,0.03627312620492521
MEW,0.75,0.027273425387505507
MEW,0.95,0.009502556418838655
MEW,0.05,0.01886035454394024
MEW,0.25,0.059805055467882416
MEW,0.5,0.032810026420480115
MEW,0.75,0.03105056560599539
MEW,0.95,0.004953011205296369
MEW,0.05,0.010982521484690637
MEW,0.25,0.02235042910059795
MEW,0.5,0.03731363046945196
MEW,0.75,0.026389178956927797
MEW,0.95,0.011718553356378267
MEW,0.05,0.01195333900147487
MEW,0.25,0.019215167264562415
MEW,0.5,0.04277162987706515
MEW,0.75,0.05566420733246694
MEW,0.95,0.022385822532764357
MEW,0.05,0.01943701190434533
MEW,0.25,0.07269601029439465
MEW,0.5,0.03671845067222837
MEW,0.75,0.027231941198995135
MEW,0.95,0.020178272287108067
MEW,0.05,0.009511208014740551
MEW,0.25,0.023140805993954933
MEW,0.5,0.03824265609341283
MEW,0.75,0.06074506609060387
MEW,0.95,0.028476907664593692
MEW,0.05,0.011180284900010681
MEW,0.25,0.02652955649331354
MEW,0.5,0.0130778426785993
MEW,0.75,0.05293516721618141
MEW,0.95,0.017689604660624508
MEW,0.05,0.012190159042938421
MEW,0.25,0.02287407516499392
MEW,0.5,0.013491915846862159
MEW,0.75,0.02370831544493891
MEW,0.95,0.016275194436371612
MEW,0.05,0.012635599739423095
MEW,0.25,0.04623886189600685
MEW,0.5,0.026585800684707752
MEW,0.75,0.018869076873071242
MEW,0.95,0.012818409705438986
MEW,0.05,0.010808381675243483
MEW,0.25,0.016409859110093846
MEW,0.5,0.032025262437199636
MEW,0.75,0.036741408935459255
MEW,0.95,0.014367828394747623
MEW,0.05,0.009435558073415602
MEW,0.25,0.01932603998972358
MEW,0.5,0.014361079942686686
MEW,0.75,0.032248662857571136
MEW,0.95,0.011718410861968724
MEW,0.05,0.011207052800689265
MEW,0.25,0.026106313949750062
MEW,0.5,0.007669299961871368
MEW,0.75,0.03842689508204749
MEW,0.95,0.013557243282370303
MEW,0.05,0.011395645616233414
MEW,0.25,0.04034801240948523
MEW,0.5,0.013684196559447545
MEW,0.75,0.027237998036991673
MEW,0.95,0.012538044207688165
MEW,0.05,0.018082521149931603
MEW,0.25,0.07159561247549619
MEW,0.5,0.06139250821773188
MEW,0.75,0.04333455865703517
MEW,0.95,0.006641792712903705
MEW,0.05,0.014145737075305078
MEW,0.25,0.041436511760923674
MEW,0.5,0.03331287855302365
MEW,0.75,0.0254880485390428
MEW,0.95,0.009084451284900286
MEW,0.05,0.012168854013649264
MEW,0.25,0.042708736984597005
MEW,0.5,0.022823601496002932
MEW,0.75,0.028492078349702073
MEW,0.95,0.01649571708884674
MEW,0.05,0.011233597541204352
MEW,0.25,0.03428667471523177
MEW,0.5,0.02477857956620771
MEW,0.75,0.03294121146031115
MEW,0.95,0.01606440588945945
MEW,0.05,0.011759297809310692
MEW,0.25,0.03736948249006247
MEW,0.5,0.016029791431538886
MEW,0.75,0.02905730935738188
MEW,0.95,0.014045052149016924
MEW,0.05,0.01618380196655744
MEW,0.25,0.05273752475723966
MEW,0.5,0.04278756993965874
MEW,0.75,0.0356840784376107
MEW,0.95,0.008900423235678627
MEW,0.05,0.011899207762147536
MEW,0.25,0.031604630992684575
MEW,0.5,0.03799544189348107
MEW,0.75,0.04705633165609879
MEW,0.95,0.016618006486628253
MEW,0.05,0.011337767679803374
MEW,0.25,0.025300568393903572
MEW,0.5,0.02370599618828081
MEW,0.75,0.0522628367286491
MEW,0.95,0.01813677698205401
MEW,0.05,0.015177469230940746
MEW,0.25,0.02565564286254429
MEW,0.5,0.02203014374088395
MEW,0.75,0.03777847992527055
MEW,0.95,0.013130967661841563
MLG,0.05,0.02343299000011766
MLG,0.25,0.06823167356130048
MLG,0.5,0.02914257751750621
MLG,0.75,0.032667526714772695
MLG,0.95,0.1330496855722105
MLG,0.05,0.022943298640451446
MLG,0.25,0.061183167918768426
MLG,0.5,0.060137162693785294
MLG,0.75,0.09454525947728547
MLG,0.95,0.039101892417823615
MLG,0.05,0.03667827880837584
MLG,0.25,0.06902615357173868
MLG,0.5,0.033172282573554236
MLG,0.75,0.05682557476734588
MLG,0.95,0.0394485332072509
MLG,0.05,0.020439179212445157
MLG,0.25,0.05533067337200385
MLG,0.5,0.01875233625138232
MLG,0.75,0.04643388456619709
MLG,0.95,0.01929756191877181
MLG,0.05,0.015350375325334412
MLG,0.25,0.04740332517105092
MLG,0.5,0.025256402851134965
MLG,0.75,0.041468409403797014
MLG,0.95,0.01309952377832011
MLG,0.05,0.023218766211660875
MLG,0.25,0.041196446013833064
MLG,0.5,0.04072075182119012
MLG,0.75,0.0775938769740533
MLG,0.95,0.02787422132462471
MLG,0.05,0.014223270540210756
MLG,0.25,0.038985333021129644
MLG,0.5,0.032107615117449015
MLG,0.75,0.058631152476849156
MLG,0.95,0.022802757430140274
MLG,0.05,0.022675301435946513
MLG,0.25,0.04964663952697928
MLG,0.5,0.05677229295773293
MLG,0.75,0.06279030334462714
MLG,0.95,0.021235950265594144
MLG,0.05,0.026459767086527346
MLG,0.25,0.051548579900697854
MLG,0.5,0.04550799821096254
MLG,0.75,0.08265428680096885
MLG,0.95,0.02889211139505092
MLG,0.05,0.025696648028974357
MLG,0.25,0.05490228576853411
MLG,0.5,0.08130848534657563
MLG,0.75,0.06177587493256529
MLG,0.95,0.01598251643203483
MLG,0.05,0.02511233703466191
MLG,0.25,0.059645140838728156
MLG,0.5,0.02537908252424968
MLG,0.75,0.03383546059010123
MLG,0.95,0.019535732678423925
MLG,0.05,0.029804501853666687
MLG,0.25,0.09240631639732354
MLG,0.5,0.05918386608475559
MLG,0.75,0.023571374092376928
MLG,0.95,0.030881319236445794
MLG,0.05,0.029138637508835774
MLG,0.25,0.08189163961187015
MLG,0.5,0.09590147034508627
MLG,0.75,0.07143057820589667
MLG,0.95,0.029097065835896826
MLG,0.05,0.03848838831479354
MLG,0.25,0.13080630790698652
MLG,0.5,0.09089549862922934
MLG,0.75,0.0815927218377996
MLG,0.95,0.028829235479549967
MLG,0.05,0.014415573617962913
MLG,0.25,0.039708758339943
MLG,0.5,0.06499058942443413
MLG,0.75,0.08346855975615068
MLG,0.95,0.02559330669820244
MLG,0.05,0.023438600792376738
MLG,0.25,0.06253518206833937
MLG,0.5,0.014412914087303873
MLG,0.75,0.06595014194933412
MLG,0.95,0.034357672037614743
MLG,0.05,0.03312866179801504
MLG,0.25,0.07151331984878127
MLG,0.5,0.05135358884414983
MLG,0.75,0.0497600703231888
MLG,0.95,0.027203130763228996
MLG,0.05,0.042214371597880246
MLG,0.25,0.1678837738674119
MLG,0.5,0.2471439917905264
MLG,0.75,0.19702404078974212
MLG,0.95,0.07506894571190083
MLG,0.05,0.04643868001215332
MLG,0.25,0.1943241624444718
MLG,0.5,0.2237323863051902
MLG,0.75,0.2621357636096639
MLG,0.95,0.11839778501617215
MLG,0.05,0.038790528793132294
MLG,0.25,0.14616318725603783
MLG,0.5,0.07597234260365174
MLG,0.75,0.05715122411166787
MLG,0.95,0.025867123833155262
MLG,0.05,0.053237576621251725
MLG,0.25,0.19443999365746176
MLG,0.5,0.06881015620809167
MLG,0.75,0.04767984476767784
MLG,0.95,0.03020541488574882
MLG,0.05,0.04984634580588424
MLG,0.25,0.19988068790791616
MLG,0.5,0.04102641388556219
MLG,0.75,0.08670727313157105
MLG,0.95,0.025716687695840384
MLG,0.05,0.019565370235876494
MLG,0.25,0.06942741531465811
MLG,0.5,0.03620263656032499
MLG,0.75,0.1294734229596298
MLG,0.95,0.03259094036429392
MLG,0.05,0.01781440448398688
MLG,0.25,0.04843081812604294
MLG,0.5,0.036992219439187374
MLG,0.75,0.0872384149662805
MLG,0.95,0.057600684183620555
MLG,0.05,0.015807857752868623
MLG,0.25,0.0350889499053128
MLG,0.5,0.04487553843981127
MLG,0.75,0.07559944081616714
MLG,0.95,0.023671008686687076
MOODENG,0.05,0.006980337407757651
MOODENG,0.25,0.023471095920193613
MOODENG,0.5,0.016952791325107932
MOODENG,0.75,0.022972991943028487
MOODENG,0.95,0.015231729437250823
MOODENG,0.05,0.010807357088267909
MOODENG,0.25,0.03992673777183493
MOODENG,0.5,0.027539516725450033
MOODENG,0.75,0.022666597831141902
MOODENG,0.95,0.009152384725618
MOODENG,0.05,0.00959233554250861
MOODENG,0.25,0.02492792149099339
MOODENG,0.5,0.028589250610877154
MOODENG,0.75,0.02972109243669047
MOODENG,0.95,0.013932319941871309
MOODENG,0.05,0.013217821196103957
MOODENG,0.25,0.022340485758721707
MOODENG,0.5,0.04644689173020885
MOODENG,0.75,0.036679939685924735
MOODENG,0.95,0.01148923815717486
MOODENG,0.05,0.015056391099183471
MOODENG,0.25,0.042594793349624155
MOODENG,0.5,0.016107906467125403
MOODENG,0.75,0.03276929453429081
MOODENG,0.95,0.01959435776056548
MOODENG,0.05,0.010297681434671987
MOODENG,0.25,0.03467169396222212
MOODENG,0.5,0.04131535453400085
MOODENG,0.75,0.03071744221667327
MOODENG,0.95,0.021826638026147746
MOODENG,0.05,0.01977746671846599
MOODENG,0.25,0.036376520119873725
MOODENG,0.5,0.018396448275765382
MOODENG,0.75,0.04114531515036391
MOODENG,0.95,0.02684073918460232
MOODENG,0.05,0.02417380095756518
MOODENG,0.25,0.05399834795282621
MOODENG,0.5,0.020044615755140827
MOODENG,0.75,0.02145355443610569
MOODENG,0.95,0.012386157323410326
MOODENG,0.05,0.027967792937227443
MOODENG,0.25,0.031292850282308285
MOODENG,0.5,0.017488689004019283
MOODENG,0.75,0.028687841169328977
MOODENG,0.95,0.011821789675572236
MOODENG,0.05,0.014306442721333648
MOODENG,0.25,0.03136306646271181
MOODENG,0.5,0.017638956712223337
MOODENG,0.75,0.027543453504292475
MOODENG,0.95,0.009425317275643082
MOODENG,0.05,0.00804016964515968
MOODENG,0.25,0.02509487092393481
MOODENG,0.5,0.014753964973506424
MOODENG,0.75,0.02638119590022848
MOODENG,0.95,0.009612926949922052
MOODENG,0.05,0.015691923237094747
MOODENG,0.25,0.042168444562682254
MOODENG,0.5,0.029525499840939284
MOODENG,0.75,0.019203044328500386
MOODENG,0.95,0.009578170899926757
MOODENG,0.05,0.00894646457195386
MOODENG,0.25,0.03006324170026872
MOODENG,0.5,0.022297010562510083
MOODENG,0.75,0.025330286798687967
MOODENG,0.95,0.012228710241560766
MOODENG,0.05,0.008175196395677401
MOODENG,0.25,0.014828225034099016
MOODENG,0.5,0.027098205791980887
MOODENG,0.75,0.03475373844612834
MOODENG,0.95,0.010739565134979534
MOODENG,0.05,0.010971762850839168
MOODENG,0.25,0.017997628734382928
MOODENG,0.5,0.01842598432997521
MOODENG,0.75,0.02508581030790892
MOODENG,0.95,0.00970159744003244
MOODENG,0.05,0.009988245338773533
MOODENG,0.25,0.033824308424309495
MOODENG,0.5,0.020410994840778268
MOODENG,0.75,0.022723241100760707
MOODENG,0.95,0.007648288633279349
MOODENG,0.05,0.010689557785811673
MOODENG,0.25,0.023045588210715725
MOODENG,0.5,0.020663971419669906
MOODENG,0.75,0.02342002524289701
MOODENG,0.95,0.009816673420362633
MOODENG,0.05,0.014552177046199329
MOODENG,0.25,0.05231291522321536
MOODENG,0.5,0.046826756501661924
MOODENG,0.75,0.042396862474088165
MOODENG,0.95,0.01685067485410396
MOODENG,0.05,0.012369721762281106
MOODENG,0.25,0.04224304662816775
MOODENG,0.5,0.04636512962085094
MOODENG,0.75,0.034078354975515035
MOODENG,0.95,0.014285197668102802
MOODENG,0.05,0.009898301496570967
MOODENG,0.25,0.028703167933668883
MOODENG,0.5,0.0238954789696481
MOODENG,0.75,0.022559537627113723
MOODENG,0.95,0.010742158558268669
MOODENG,0.05,0.011227279854324493
MOODENG,0.25,0.03884837813609337
MOODENG,0.5,0.021401190778640587
MOODENG,0.75,0.013036818591415098
MOODENG,0.95,0.01197019306761446
MOODENG,0.05,0.02443114592209396
MOODENG,0.25,0.08267139136930234
MOODENG,0.5,0.10550163431212567
MOODENG,0.75,0.09953610739715528
MOODENG,0.95,0.03679283035221787
MOODENG,0.05,0.026024201906803667
MOODENG,0.25,0.06691052477624511
MOODENG,0.5,0.04704360717680356
MOODENG,0.75,0.012063748991501921
MOODENG,0.95,0.011816796817000257
MOODENG,0.05,0.017207229671005225
MOODENG,0.25,0.04730153388068544
MOODENG,0.5,0.020337201249250585
MOODENG,0.75,0.02535333723470595
MOODENG,0.95,0.018372251312222868
MOODENG,0.05,0.01692780251334575
MOODENG,0.25,0.044977692837816725
MOODENG,0.5,0.01850319298551421
MOODENG,0.75,0.013563592172644296
MOODENG,0.95,0.019130017985646727
PONKE,0.05,0.012835586412862
PONKE,0.25,0.02506116133429111
PONKE,0.5,0.014663237810850641
PONKE,0.75,0.04423931132299159
PONKE,0.95,0.018279176047766226
PONKE,0.05,0.010571554605657826
PONKE,0.25,0.025185449415435556
PONKE,0.5,0.019564592033704798
PONKE,0.75,0.024723504930969486
PONKE,0.95,0.019905836771855697
PONKE,0.05,0.006382962782790417
PONKE,0.25,0.013885154065951031
PONKE,0.5,0.011735883272754032
PONKE,0.75,0.03609787607218862
PONKE,0.95,0.019715891017801006
PONKE,0.05,0.011320240931054262
PONKE,0.25,0.0187316226111909
PONKE,0.5,0.026640777175612012
PONKE,0.75,0.06988626372585442
PONKE,0.95,0.013801198961633463
PONKE,0.05,0.00785096058059732
PONKE,0.25,0.018622846624177247
PONKE,0.5,0.014330490310618392
PONKE,0.75,0.0183066876670803
PONKE,0.95,0.010400050862943115
PONKE,0.05,0.010061173573856786
PONKE,0.25,0.02428568473444484
PONKE,0.5,0.021154971938681797
PONKE,0.75,0.02167029788449797
PONKE,0.95,0.010359241263029286
PONKE,0.05,0.010154057560301912
PONKE,0.25,0.02298258053392428
PONKE,0.5,0.01692223140430348
PONKE,0.75,0.03155980966811967
PONKE,0.95,0.014021719179578736
PONKE,0.05,0.01331313092790501
PONKE,0.25,0.034923394713353574
PONKE,0.5,0.02091747453211988
PONKE,0.75,0.01827230041967299
PONKE,0.95,0.012385523176466089
PONKE,0.05,0.011463169840652916
PONKE,0.25,0.018027550535744518
PONKE,0.5,0.01080455524525474
PONKE,0.75,0.015199099345568868
PONKE,0.95,0.008510612918249371
PONKE,0.05,0.009692502530489274
PONKE,0.25,0.020043163417527852
PONKE,0.5,0.013529064296736401
PONKE,0.75,0.024188889811637682
PONKE,0.95,0.00966185428252627
PONKE,0.05,0.008971697137683764
PONKE,0.25,0.019380377747040684
PONKE,0.5,0.005879424141182542
PONKE,0.75,0.01610910173034614
PONKE,0.95,0.008742084975095805
PONKE,0.05,0.009775363145716058
PONKE,0.25,0.02902392682768712
PONKE,0.5,0.04004348865304163
PONKE,0.75,0.01910541392107153
PONKE,0.95,0.006574089305954887
PONKE,0.05,0.012601871383278743
PONKE,0.25,0.053336355740835555
PONKE,0.5,0.05774811229092112
PONKE,0.75,0.026600917900634125
PONKE,0.95,0.007185176201217118
PONKE,0.05,0.009672049710270436
PONKE,0.25,0.037870198631007664
PONKE,0.5,0.025756717958202714
PONKE,0.75,0.016003887649797852
PONKE,0.95,0.008482155876983479
PONKE,0.05,0.009614201001221442
PONKE,0.25,0.03624500952956048
PONKE,0.5,0.02134920900711305
PONKE,0.75,0.02087780413592229
PONKE,0.95,0.01425571149131468
PONKE,0.05,0.008196422890138905
PONKE,0.25,0.03385762830102549
PONKE,0.5,0.010454793787344303
PONKE,0.75,0.02713558937086891
PONKE,0.95,0.011409497457915023
PONKE,0.05,0.018626609307523256
PONKE,0.25,0.09278223914937293
PONKE,0.5,0.10555913908725874
PONKE,0.75,0.10396463600101731
PONKE,0.95,0.08391223330463986
PONKE,0.05,0.028563086704201854
PONKE,0.25,0.08793878118894378
PONKE,0.5,0.1031592615589217
PONKE,0.75,0.05963930425681144
PONKE,0.95,0.0254584399941295
PONKE,0.05,0.025769636041629924
PONKE,0.25,0.05717762996883477
PONKE,0.5,0.02726158251478189
PONKE,0.75,0.020614624154842935
PONKE,0.95,0.010179741870444105
PONKE,0.05,0.009390598630934202
PONKE,0.25,0.028249372427665564
PONKE,0.5,0.04514925480101839
PONKE,0.75,0.04485164271067819
PONKE,0.95,0.015095370033306221
PONKE,0.05,0.013653346709409195
PONKE,0.25,0.061533227982992655
PONKE,0.5,0.033048154595727804
PONKE,0.75,0.030985977910212455
PONKE,0.95,0.009153541462028352
PONKE,0.05,0.01733487809794724
PONKE,0.25,0.04959624689154744
PONKE,0.5,0.012830439237668774
PONKE,0.75,0.026693985531316206
PONKE,0.95,0.019830720867104714
PONKE,0.05,0.0088656447414008
PONKE,0.25,0.02315810880745757
PONKE,0.5,0.022849739866574823
PONKE,0.75,0.043921632731761924
PONKE,0.95,0.02081066136270837
PONKE,0.05,0.01079908416913074
PONKE,0.25,0.02022677611516992
PONKE,0.5,0.028448814737429055
PONKE,0.75,0.04473235834657718
PONKE,0.95,0.018236600899399758
PONKE,0.05,0.0099527750690398
PONKE,0.25,0.021707209914765827
PONKE,0.5,0.03087464709498163
PONKE,0.75,0.04354317327769977
PONKE,0.95,0.01754582588040935
POPCAT,0.05,0.020062617555050715
POPCAT,0.25,0.08179215657297932
POPCAT,0.5,0.020261199925485664
POPCAT,0.75,0.04771632605050605
POPCAT,0.95,0.02515473495760828
POPCAT,0.05,0.016272173096562342
POPCAT,0.25,0.06436754329694051
POPCAT,0.5,0.01371197807357175
POPCAT,0.75,0.051236786137031885
POPCAT,0.95,0.01970502422359202
POPCAT,0.05,0.011845728233927188
POPCAT,0.25,0.023156536708043657
POPCAT,0.5,0.02747760192753664
POPCAT,0.75,0.053883459012203073
POPCAT,0.95,0.015862611824357813
POPCAT,0.05,0.010523901041203458
POPCAT,0.25,0.04071322280326328
POPCAT,0.5,0.03952954534932891
POPCAT,0.75,0.037033907791592685
POPCAT,0.95,0.010652432618067255
POPCAT,0.05,0.013764411857704892
POPCAT,0.25,0.03946466535973915
POPCAT,0.5,0.02403662263066075
POPCAT,0.75,0.03964679700488174
POPCAT,0.95,0.01538736439449234
POPCAT,0.05,0.013876290972625193
POPCAT,0.25,0.04680487802460278
POPCAT,0.5,0.048484808497666794
POPCAT,0.75,0.02926022241221825
POPCAT,0.95,0.009980975489890506
POPCAT,0.05,0.014368121615622993
POPCAT,0.25,0.036709452029604295
POPCAT,0.5,0.016226087188506034
POPCAT,0.75,0.07546657544314668
POPCAT,0.95,0.021564311326038973
POPCAT,0.05,0.015244468660931834
POPCAT,0.25,0.03899217653200453
POPCAT,0.5,0.03117842305099509
POPCAT,0.75,0.023727227412201634
POPCAT,0.95,0.013195383128049921
POPCAT,0.05,0.01644536733117701
POPCAT,0.25,0.042080887688786796
POPCAT,0.5,0.046257662197498196
POPCAT,0.75,0.028231145667319876
POPCAT,0.95,0.01594491395270001
POPCAT,0.05,0.02182466237177448
POPCAT,0.25,0.034948848551955826
POPCAT,0.5,0.01793740650331267
POPCAT,0.75,0.024195883169453262
POPCAT,0.95,0.015176858284866293
POPCAT,0.05,0.01876149532109622
POPCAT,0.25,0.0364087830763913
POPCAT,0.5,0.033844508547926845
POPCAT,0.75,0.03576891598546187
POPCAT,0.95,0.012455820840843805
POPCAT,0.05,0.019056033254588697
POPCAT,0.25,0.05699182298881735
POPCAT,0.5,0.0327286610216161
POPCAT,0.75,0.044760937680615766
POPCAT,0.95,0.012769641629919129
POPCAT,0.05,0.018588756153611885
POPCAT,0.25,0.02883027477610566
POPCAT,0.5,0.01827413715058089
POPCAT,0.75,0.034649740831953456
POPCAT,0.95,0.015162384511414745
POPCAT,0.05,0.01219570496564319
POPCAT,0.25,0.023078777929444613
POPCAT,0.5,0.02691018657112075
POPCAT,0.75,0.03435693552854204
POPCAT,0.95,0.015695272203887684
POPCAT,0.05,0.011980570216859283
POPCAT,0.25,0.027891013221325377
POPCAT,0.5,0.034888549820656624
POPCAT,0.75,0.01960867756757748
POPCAT,0.95,0.0124123599036733
POPCAT,0.05,0.013277692728956389
POPCAT,0.25,0.04407450010782336
POPCAT,0.5,0.028152709227963923
POPCAT,0.75,0.024711005548322392
POPCAT,0.95,0.02005911184024704
POPCAT,0.05,0.013331371420377455
POPCAT,0.25,0.03694003409193442
POPCAT,0.5,0.022548721857052062
POPCAT,0.75,0.04537429512253283
POPCAT,0.95,0.01746605982753544
POPCAT,0.05,0.04060693084747089
POPCAT,0.25,0.13324678113729627
POPCAT,0.5,0.19421015491212743
POPCAT,0.75,0.20438312917210133
POPCAT,0.95,0.14750419214284005
POPCAT,0.05,0.02067612846061422
POPCAT,0.25,0.05775732781123897
POPCAT,0.5,0.038359663192931756
POPCAT,0.75,0.0386420863358277
POPCAT,0.95,0.015738460507119925
POPCAT,0.05,0.025706458567634816
POPCAT,0.25,0.08081123084608981
POPCAT,0.5,0.03395717564309056
POPCAT,0.75,0.02876019591330532
POPCAT,0.95,0.01157623359910472
POPCAT,0.05,0.02239266068259509
POPCAT,0.25,0.07126761790809423
POPCAT,0.5,0.029351280821947993
POPCAT,0.75,0.022872410589873937
POPCAT,0.95,0.011390477266401841
POPCAT,0.05,0.03820956691861773
POPCAT,0.25,0.1197620937702663
POPCAT,0.5,0.08342083351987988
POPCAT,0.75,0.06755965763772982
POPCAT,0.95,0.03694710270841229
POPCAT,0.05,0.012676036200391476
POPCAT,0.25,0.039401208899647405
POPCAT,0.5,0.05644025740763512
POPCAT,0.75,0.0886305381314479
POPCAT,0.95,0.039253134401325045
POPCAT,0.05,0.02219814602369462
POPCAT,0.25,0.04911369720635674
POPCAT,0.5,0.023633255410183348
POPCAT,0.75,0.042192944347854255
POPCAT,0.95,0.023890569012931986
POPCAT,0.05,0.02503266576521111
POPCAT,0.25,0.04380340355077874
POPCAT,0.5,0.01816652924034425
POPCAT,0.75,0.03309104449408565
POPCAT,0.95,0.0246887970369198
Pnut,0.05,0.014298118129989682
Pnut,0.25,0.03826329508410877
Pnut,0.5,0.007215596015994946
Pnut,0.75,0.02996917130056217
Pnut,0.95,0.009146781408697303
Pnut,0.05,0.021417524300750942
Pnut,0.25,0.07577938545895825
Pnut,0.5,0.09684100966609001
Pnut,0.75,0.0916945470798652
Pnut,0.95,0.052258521447342415
Pnut,0.05,0.014094294821316333
Pnut,0.25,0.055485217715652645
Pnut,0.5,0.05823659734901035
Pnut,0.75,0.03413121505267371
Pnut,0.95,0.01373754870921332
Pnut,0.05,0.04303833322356184
Pnut,0.25,0.10666208106631365
Pnut,0.5,0.10983439955283619
Pnut,0.75,0.09135037268890746
Pnut,0.95,0.033999549020106525
Pnut,0.05,0.032399261434963744
Pnut,0.25,0.06286511849350611
Pnut,0.5,0.0676481727027342
Pnut,0.75,0.04554194055122951
Pnut,0.95,0.013579140324724794
Pnut,0.05,0.030320057092758756
Pnut,0.25,0.07076669889733278
Pnut,0.5,0.02539461344171969
Pnut,0.75,0.030114354152439533
Pnut,0.95,0.012575766737788941
Pnut,0.05,0.0272788304830645
Pnut,0.25,0.05946129950662877
Pnut,0.5,0.016137964073426308
Pnut,0.75,0.052321666535757705
Pnut,0.95,0.024353259741845226
Pnut,0.05,0.023289553955367373
Pnut,0.25,0.06793207867572126
Pnut,0.5,0.028211113402064152
Pnut,0.75,0.03360062783147446
Pnut,0.95,0.012349012456801861
Pnut,0.05,0.013644645394326064
Pnut,0.25,0.095100977224844
Pnut,0.5,0.05771355868337946
Pnut,0.75,0.02622655396889138
Pnut,0.95,0.01696062841585698
Pnut,0.05,0.0062311010714446
Pnut,0.25,0.025792994708106632
Pnut,0.5,0.0373333987573281
Pnut,0.75,0.039841676623447696
Pnut,0.95,0.016298226709843325
Pnut,0.05,0.01700123339858082
Pnut,0.25,0.03133196451535284
Pnut,0.5,0.019549710835566416
Pnut,0.75,0.02903132635047261
Pnut,0.95,0.026558037015482216
Pnut,0.05,0.024032099478695654
Pnut,0.25,0.062022486070589085
Pnut,0.5,0.05323849959985444
Pnut,0.75,0.04720382621652813
Pnut,0.95,0.03620921791953118
Pnut,0.05,0.016404880452156136
Pnut,0.25,0.02383024324070196
Pnut,0.5,0.030533270877126345
Pnut,0.75,0.050746742629390905
Pnut,0.95,0.0208941534109196
Pnut,0.05,0.013064218647354296
Pnut,0.25,0.03508334037365777
Pnut,0.5,0.014778435142928079
Pnut,0.75,0.030565545925117607
Pnut,0.95,0.009805010796708152
Pnut,0.05,0.010960231301063328
Pnut,0.25,0.042083711184242624
Pnut,0.5,0.013509748404790599
Pnut,0.75,0.027070809148226974
Pnut,0.95,0.020705278786444962
Pnut,0.05,0.011017653137169575
Pnut,0.25,0.03386108435848347
Pnut,0.5,0.018139970440601835
Pnut,0.75,0.01974948676284166
Pnut,0.95,0.008513696467011325
Pnut,0.05,0.010994167189588169
Pnut,0.25,0.02657506266320363
Pnut,0.5,0.01866774717433226
Pnut,0.75,0.020051089051759886
Pnut,0.95,0.01217304424975689
Pnut,0.05,0.006499334923853932
Pnut,0.25,0.023176926658048463
Pnut,0.5,0.02087682239765568
Pnut,0.75,0.02110524407047532
Pnut,0.95,0.011340517127223136
Pnut,0.05,0.008089116877147645
Pnut,0.25,0.02342879781156174
Pnut,0.5,0.015179825136898459
Pnut,0.75,0.018882389214339292
Pnut,0.95,0.01569309453914861
Pnut,0.05,0.007454851096509841
Pnut,0.25,0.031245890581420865
Pnut,0.5,0.014585754868137494
Pnut,0.75,0.015304836312075033
Pnut,0.95,0.009023675422435923
Pnut,0.05,0.01351757412669633
Pnut,0.25,0.029966068092250595
Pnut,0.5,0.011072424655265164
Pnut,0.75,0.021305237276599415
Pnut,0.95,0.008381992116023721
Pnut,0.05,0.013478836182882972
Pnut,0.25,0.05121283889203069
Pnut,0.5,0.041212893646674666
Pnut,0.75,0.027069101927741684
Pnut,0.95,0.015203288060863615
Pnut,0.05,0.009386464444499006
Pnut,0.25,0.018229723116738327
Pnut,0.5,0.02735670067659964
Pnut,0.75,0.023235145288456913
Pnut,0.95,0.01574817371323985
Pnut,0.05,0.009267801759958042
Pnut,0.25,0.020246269939992297
Pnut,0.5,0.030902202257374112
Pnut,0.75,0.036069069629604524
Pnut,0.95,0.023380756747893475
Pnut,0.05,0.008551233558969014
Pnut,0.25,0.03083801010204994
Pnut,0.5,0.01644159272928068
Pnut,0.75,0.03634696496055871
Pnut,0.95,0.022512342450488027
RETARDIO,0.05,0.011919288684888152
RETARDIO,0.25,0.03606842526205114
RETARDIO,0.5,0.014590561259939178
RETARDIO,0.75,0.03347234558908529
RETARDIO,0.95,0.014505444175680735
RETARDIO,0.05,0.013367994050631127
RETARDIO,0.25,0.06918560857592451
RETARDIO,0.5,0.03688906240206324
RETARDIO,0.75,0.02520237917615839
RETARDIO,0.95,0.009626358668872195
RETARDIO,0.05,0.012563785181347422
RETARDIO,0.25,0.032832166297321906
RETARDIO,0.5,0.043466353451891725
RETARDIO,0.75,0.045397186987341076
RETARDIO,0.95,0.016019033968493333
RETARDIO,0.05,0.014225093953935413
RETARDIO,0.25,0.04606349245929934
RETARDIO,0.5,0.052742079442155226
RETARDIO,0.75,0.057893329434361825
RETARDIO,0.95,0.01835950226044606
RETARDIO,0.05,0.023414259817248432
RETARDIO,0.25,0.0687573953224646
RETARDIO,0.5,0.04573724931566111
RETARDIO,0.75,0.03162416696022704
RETARDIO,0.95,0.02493480182930845
RETARDIO,0.05,0.014217832722559722
RETARDIO,0.25,0.02592737099820593
RETARDIO,0.5,0.03943917548312336
RETARDIO,0.75,0.06089656537176891
RETARDIO,0.95,0.02811534165871683
RETARDIO,0.05,0.012837981798333961
RETARDIO,0.25,0.020613354646497422
RETARDIO,0.5,0.04290508350975741
RETARDIO,0.75,0.06966374593716478
RETARDIO,0.95,0.03681184084039458
RETARDIO,0.05,0.0188953640077877
RETARDIO,0.25,0.04690676145034017
RETARDIO,0.5,0.032045536690762245
RETARDIO,0.75,0.03172220661879572
RETARDIO,0.95,0.022787781044504168
RETARDIO,0.05,0.02267966365527116
RETARDIO,0.25,0.047857988820962115
RETARDIO,0.5,0.03431502239384234
RETARDIO,0.75,0.03302555595742025
RETARDIO,0.95,0.029965224040624516
RETARDIO,0.05,0.014150815009719535
RETARDIO,0.25,0.03311954332440289
RETARDIO,0.5,0.027690638913386075
RETARDIO,0.75,0.05884279271731747
RETARDIO,0.95,0.031066450914737014
RETARDIO,0.05,0.017574085696453117
RETARDIO,0.25,0.037566975769026505
RETARDIO,0.5,0.034338881596611866
RETARDIO,0.75,0.024959224454740494
RETARDIO,0.95,0.03199426654284726
RETARDIO,0.05,0.019387624064854815
RETARDIO,0.25,0.042254588997557414
RETARDIO,0.5,0.011923432377054352
RETARDIO,0.75,0.029116593303187707
RETARDIO,0.95,0.020798784217057113
RETARDIO,0.05,0.014418072556272941
RETARDIO,0.25,0.028653429809470398
RETARDIO,0.5,0.02302757104637244
RETARDIO,0.75,0.03307034556073644
RETARDIO,0.95,0.019783976476764623
RETARDIO,0.05,0.012786208574513498
RETARDIO,0.25,0.036899876850482634
RETARDIO,0.5,0.02845380827933179
RETARDIO,0.75,0.04890954899909258
RETARDIO,0.95,0.021241107403093987
RETARDIO,0.05,0.01356465049682909
RETARDIO,0.25,0.03697470528369499
RETARDIO,0.5,0.03659115209966673
RETARDIO,0.75,0.021399525334927675
RETARDIO,0.95,0.013937745268087588
RETARDIO,0.05,0.009545513832705304
RETARDIO,0.25,0.037515515638035644
RETARDIO,0.5,0.0430085701013879
RETARDIO,0.75,0.037186778177850356
RETARDIO,0.95,0.015547434073786027
RETARDIO,0.05,0.013972590281712353
RETARDIO,0.25,0.054143256431193436
RETARDIO,0.5,0.05108870390816791
RETARDIO,0.75,0.0542624533695385
RETARDIO,0.95,0.02067205581510846
RETARDIO,0.05,0.020659063086473254
RETARDIO,0.25,0.0772117815007307
RETARDIO,0.5,0.05473008526926604
RETARDIO,0.75,0.02938495129626471
RETARDIO,0.95,0.021429392625841745
RETARDIO,0.05,0.015445112570136886
RETARDIO,0.25,0.07095173640580722
RETARDIO,0.5,0.03757587850336357
RETARDIO,0.75,0.04682875289034997
RETARDIO,0.95,0.02363962046658671
RETARDIO,0.05,0.014485444392667043
RETARDIO,0.25,0.05742821156252568
RETARDIO,0.5,0.028920325079648024
RETARDIO,0.75,0.05284531760342386
RETARDIO,0.95,0.031482390371914686
RETARDIO,0.05,0.019945839895239223
RETARDIO,0.25,0.07335430397460478
RETARDIO,0.5,0.01250726609283139
RETARDIO,0.75,0.028744939423747812
RETARDIO,0.95,0.014843911708666538
RETARDIO,0.05,0.018298448855055407
RETARDIO,0.25,0.05456252663470441
RETARDIO,0.5,0.030734377257004897
RETARDIO,0.75,0.025147627881209885
RETARDIO,0.95,0.01796336078804359
RETARDIO,0.05,0.011998440338534809
RETARDIO,0.25,0.029593216382691828
RETARDIO,0.5,0.05042047474884218
RETARDIO,0.75,0.05617643298315444
RETARDIO,0.95,0.01311521392640654
RETARDIO,0.05,0.020195479485683558
RETARDIO,0.25,0.04550938726213729
RETARDIO,0.5,0.0428548424719439
RETARDIO,0.75,0.042377388411336626
RETARDIO,0.95,0.012017735057737483
RETARDIO,0.05,0.014380644476422797
RETARDIO,0.25,0.02936801085001022
RETARDIO,0.5,0.02695085201786701
RETARDIO,0.75,0.031142253776926077
RETARDIO,0.95,0.019372828702692548
RETARDIO,0.05,0.017220135983999248
RETARDIO,0.25,0.03762152270906189
RETARDIO,0.5,0.024525608496383442
RETARDIO,0.75,0.04666809107979092
RETARDIO,0.95,0.02339536612530031
RETARDIO,0.05,0.02978805905264023
RETARDIO,0.25,0.09578821668463187
RETARDIO,0.5,0.12057580063600361
RETARDIO,0.75,0.08886806110010394
RETARDIO,0.95,0.02474087559145614
RETARDIO,0.05,0.037008176377042686
RETARDIO,0.25,0.13364675660543837
RETARDIO,0.5,0.1837618367206807
RETARDIO,0.75,0.18389155327575457
RETARDIO,0.95,0.06751575795186947
RETARDIO,0.05,0.03356147980308156
RETARDIO,0.25,0.12402360349695597
RETARDIO,0.5,0.04498421852542229
RETARDIO,0.75,0.03963865146211345
RETARDIO,0.95,0.01808628950585303
RETARDIO,0.05,0.026562476646680978
RETARDIO,0.25,0.09983139333010888
RETARDIO,0.5,0.045527301128136494
RETARDIO,0.75,0.04151762819713354
RETARDIO,0.95,0.019647743755361796
RETARDIO,0.05,0.029866746048394482
RETARDIO,0.25,0.10829165076971632
RETARDIO,0.5,0.03276164298860011
RETARDIO,0.75,0.03915217451387428
RETARDIO,0.95,0.010895463203317225
RETARDIO,0.05,0.022074823918762334
RETARDIO,0.25,0.07641998551817841
RETARDIO,0.5,0.032761795751541915
RETARDIO,0.75,0.049450907782636576
RETARDIO,0.95,0.025182671343563803
RETARDIO,0.05,0.013086132632406294
RETARDIO,0.25,0.04239635701961775
RETARDIO,0.5,0.016658002058050674
RETARDIO,0.75,0.1308224966497293
RETARDIO,0.95,0.032549228580638835
RETARDIO,0.05,0.010618794662570569
RETARDIO,0.25,0.030518052317319525
RETARDIO,0.5,0.016510374240170708
RETARDIO,0.75,0.08530300044249543
RETARDIO,0.95,0.029436971704592852
RETARDIO,0.05,0.008742407651696574
RETARDIO,0.25,0.02817018260050895
RETARDIO,0.5,0.029244212314092164
RETARDIO,0.75,0.05503302892291372
RETARDIO,0.95,0.020437183759902496
Ray,0.05,0.01381000959854653
Ray,0.25,0.012385143417614479
Ray,0.5,0.023511919755055916
Ray,0.75,0.032947086624947795
Ray,0.95,0.013011937617795948
Ray,0.05,0.009053775486862632
Ray,0.25,0.03245404228839415
Ray,0.5,0.023021032268492617
Ray,0.75,0.03749260729780191
Ray,0.95,0.014725843816190977
Ray,0.05,0.008388645250941395
Ray,0.25,0.02307653217496432
Ray,0.5,0.017355655922818694
Ray,0.75,0.037154937453899355
Ray,0.95,0.0127421134517623
Ray,0.05,0.010521504985933497
Ray,0.25,0.013749240438848342
Ray,0.5,0.01975065807265916
Ray,0.75,0.04836097718111887
Ray,0.95,0.011484414210892495
Ray,0.05,0.010414147468313619
Ray,0.25,0.022797481364262667
Ray,0.5,0.008378085251360903
Ray,0.75,0.015796458201968715
Ray,0.95,0.009105741669420441
Ray,0.05,0.009377722841705094
Ray,0.25,0.020830799249361896
Ray,0.5,0.03085596278142227
Ray,0.75,0.020170559147521732
Ray,0.95,0.010929906393094319
Ray,0.05,0.010961386586543479
Ray,0.25,0.014600499308827784
Ray,0.5,0.02871228390340724
Ray,0.75,0.030075748279599926
Ray,0.95,0.007932529282207336
Ray,0.05,0.012162112659132444
Ray,0.25,0.028732149480485747
Ray,0.5,0.020294019547453305
Ray,0.75,0.018081425391366354
Ray,0.95,0.008485731921720892
Ray,0.05,0.01427351252075073
Ray,0.25,0.040135946296848767
Ray,0.5,0.0302300968994729
Ray,0.75,0.016745913753648613
Ray,0.95,0.006658377947074037
Ray,0.05,0.012341250235137944
Ray,0.25,0.034564972633681114
Ray,0.5,0.019214080061881814
Ray,0.75,0.020122324727997902
Ray,0.95,0.012664021618618593
Ray,0.05,0.011611425241614232
Ray,0.25,0.021579106784342255
Ray,0.5,0.024113091390096316
Ray,0.75,0.026830842558520668
Ray,0.95,0.011099603883278937
Ray,0.05,0.01300341580044277
Ray,0.25,0.05787911831997337
Ray,0.5,0.0431141371747455
Ray,0.75,0.022398142143671446
Ray,0.95,0.004635898235202658
Ray,0.05,0.014052896891187253
Ray,0.25,0.04772047197011029
Ray,0.5,0.02388970150754427
Ray,0.75,0.020558934544373585
Ray,0.95,0.008359201576659899
Ray,0.05,0.010263794123537073
Ray,0.25,0.024819374178948292
Ray,0.5,0.01183193587949101
Ray,0.75,0.036521137032424406
Ray,0.95,0.012756106882546409
Ray,0.05,0.010443021208179687
Ray,0.25,0.032250874750335085
Ray,0.5,0.012006823254343449
Ray,0.75,0.018038256071654223
Ray,0.95,0.018251983647320936
Ray,0.05,0.009915714381313749
Ray,0.25,0.034715003257480725
Ray,0.5,0.008045349819670769
Ray,0.75,0.028473828500367587
Ray,0.95,0.008923461046760743
Ray,0.05,0.013315280197259536
Ray,0.25,0.03355870414375375
Ray,0.5,0.03730431588178396
Ray,0.75,0.02571993824703569
Ray,0.95,0.007282347841600052
Ray,0.05,0.009845135870859782
Ray,0.25,0.02721415299779943
Ray,0.5,0.022414984671189315
Ray,0.75,0.02374571893873582
Ray,0.95,0.0083341404421614
Ray,0.05,0.011099973237840129
Ray,0.25,0.034265093699684016
Ray,0.5,0.021549959166291936
Ray,0.75,0.02114772086323288
Ray,0.95,0.009628535559279701
Ray,0.05,0.008508290623833967
Ray,0.25,0.022645345808702696
Ray,0.5,0.014589771428154931
Ray,0.75,0.0243649917391958
Ray,0.95,0.016270666020717195
Ray,0.05,0.009508252111421788
Ray,0.25,0.02739494062900777
Ray,0.5,0.015806359018334118
Ray,0.75,0.015779701547845103
Ray,0.95,0.010036822489528334
Ray,0.05,0.008080291724365014
Ray,0.25,0.02279833507123577
Ray,0.5,0.008969510283650445
Ray,0.75,0.02304372823854368
Ray,0.95,0.011507904179373503
Ray,0.05,0.006768148465092302
Ray,0.25,0.02550556708661617
Ray,0.5,0.016822520326753427
Ray,0.75,0.01991255420240964
Ray,0.95,0.01237088068472605
Ray,0.05,0.006720945623173608
Ray,0.25,0.030582850779252907
Ray,0.5,0.04040453993121177
Ray,0.75,0.04003394308121986
Ray,0.95,0.01568854549220687
Ray,0.05,0.006800598817185535
Ray,0.25,0.01951268706475724
Ray,0.5,0.026700705790073262
Ray,0.75,0.024560277514803507
Ray,0.95,0.014380545860308404
SIGMA,0.05,0.015412234919403906
SIGMA,0.25,0.03887411322707512
SIGMA,0.5,0.024857357410758424
SIGMA,0.75,0.036614299500702024
SIGMA,0.95,0.02763708962204872
SIGMA,0.05,0.024691903518598887
SIGMA,0.25,0.08546598300657904
SIGMA,0.5,0.07384882449995993
SIGMA,0.75,0.04404940684094746
SIGMA,0.95,0.019392532833135398
SIGMA,0.05,0.025036518042040688
SIGMA,0.25,0.042764473586178325
SIGMA,0.5,0.03723558206751022
SIGMA,0.75,0.05035617705432497
SIGMA,0.95,0.023284876660512422
SIGMA,0.05,0.011992512976309731
SIGMA,0.25,0.053763703481071935
SIGMA,0.5,0.015130593009722311
SIGMA,0.75,0.03175260738913644
SIGMA,0.95,0.025087441480149186
SIGMA,0.05,0.015384360209663954
SIGMA,0.25,0.0576573029008364
SIGMA,0.5,0.04475089995146392
SIGMA,0.75,0.030012581641273434
SIGMA,0.95,0.021905539981502062
SIGMA,0.05,0.017477376099796698
SIGMA,0.25,0.05354737977443048
SIGMA,0.5,0.033103985141086194
SIGMA,0.75,0.019701812097270552
SIGMA,0.95,0.028463021897865436
SIGMA,0.05,0.013789783958508573
SIGMA,0.25,0.03327654513555763
SIGMA,0.5,0.03187947110767081
SIGMA,0.75,0.048469092073929666
SIGMA,0.95,0.038118282699613856
SIGMA,0.05,0.021794067834832048
SIGMA,0.25,0.07361585328371778
SIGMA,0.5,0.04573077966839093
SIGMA,0.75,0.0387202048742823
SIGMA,0.95,0.0268352728905033
SIGMA,0.05,0.02136642071992913
SIGMA,0.25,0.036945035408979636
SIGMA,0.5,0.030204326696760323
SIGMA,0.75,0.05364983969080192
SIGMA,0.95,0.02928695563186838
SIGMA,0.05,0.01847659701745656
SIGMA,0.25,0.05894007797380436
SIGMA,0.5,0.05313004099641963
SIGMA,0.75,0.04278079092881082
SIGMA,0.95,0.02672488806920244
SIGMA,0.05,0.032575954697192745
SIGMA,0.25,0.12091749212097219
SIGMA,0.5,0.12476776790786064
SIGMA,0.75,0.042530546740461216
SIGMA,0.95,0.012899645594239373
SIGMA,0.05,0.040949536761146085
SIGMA,0.25,0.12456583431426597
SIGMA,0.5,0.10612514602005656
SIGMA,0.75,0.04100359832847552
SIGMA,0.95,0.022149838719759257
SIGMA,0.05,0.027046608066500884
SIGMA,0.25,0.04666917723597016
SIGMA,0.5,0.04267879699134191
SIGMA,0.75,0.06356954212639458
SIGMA,0.95,0.022856957925872654
SIGMA,0.05,0.025708155845874405
SIGMA,0.25,0.0642338444649476
SIGMA,0.5,0.035275056191396814
SIGMA,0.75,0.0416167868571758
SIGMA,0.95,0.019342476307853934
SIGMA,0.05,0.028828908931013614
SIGMA,0.25,0.0775735803745577
SIGMA,0.5,0.035935830146367
SIGMA,0.75,0.029819001449533783
SIGMA,0.95,0.011908256412630354
SIGMA,0.05,0.019116088512041572
SIGMA,0.25,0.05216913080078591
SIGMA,0.5,0.0173901951367546
SIGMA,0.75,0.049612832208812054
SIGMA,0.95,0.03378400102036871
SIGMA,0.05,0.016683090133613257
SIGMA,0.25,0.05505002476371451
SIGMA,0.5,0.007466611234056446
SIGMA,0.75,0.07591854623103843
SIGMA,0.95,0.03057734191939705
SIGMA,0.05,0.018783450997925073
SIGMA,0.25,0.04480589186528231
SIGMA,0.5,0.029190617204232657
SIGMA,0.75,0.03305190769928241
SIGMA,0.95,0.026359914508931465
SIGMA,0.05,0.014424580765065524
SIGMA,0.25,0.023783774641448114
SIGMA,0.5,0.053191436643993284
SIGMA,0.75,0.06356130726677865
SIGMA,0.95,0.019583435281053316
SIGMA,0.05,0.013498836597155056
SIGMA,0.25,0.023963325058269553
SIGMA,0.5,0.032886628749119635
SIGMA,0.75,0.04104515127782554
SIGMA,0.95,0.019680756608299193
SIGMA,0.05,0.00959551222953751
SIGMA,0.25,0.022840219812681292
SIGMA,0.5,0.015478858033572797
SIGMA,0.75,0.035943338929470485
SIGMA,0.95,0.01591740742162648
SIGMA,0.05,0.009720890847679768
SIGMA,0.25,0.022743373992326104
SIGMA,0.5,0.026327558241672832
SIGMA,0.75,0.03130971662524334
SIGMA,0.95,0.020610541531579932
SIGMA,0.05,0.008631712103398616
SIGMA,0.25,0.020355653026407544
SIGMA,0.5,0.024259573848550094
SIGMA,0.75,0.030732115676422745
SIGMA,0.95,0.015282580091077767
SIGMA,0.05,0.013313011523347339
SIGMA,0.25,0.022379901108709317
SIGMA,0.5,0.007263730733212584
SIGMA,0.75,0.03483148699333526
SIGMA,0.95,0.013727825318462707
SIGMA,0.05,0.008090802867840816
SIGMA,0.25,0.026076013855487783
SIGMA,0.5,0.015575355300152291
SIGMA,0.75,0.026655141231070156
SIGMA,0.95,0.009219625999688364
UFD,0.05,0.006416329958601017
UFD,0.25,0.07412140408229766
UFD,0.5,0.18395590820222438
UFD,0.75,0.1715835001196064
UFD,0.95,0.07253532450901978
UFD,0.05,0.03041132534915471
UFD,0.25,0.10081996969690948
UFD,0.5,0.09913340579705165
UFD,0.75,0.10047778487394902
UFD,0.95,0.03750910479940218
UFD,0.05,0.030517540917758004
UFD,0.25,0.07558285137964227
UFD,0.5,0.038858806062372846
UFD,0.75,0.15320197121651924
UFD,0.95,0.0513545224728073
UFD,0.05,0.026531650538779355
UFD,0.25,0.10925993884848217
UFD,0.5,0.0595628011142262
UFD,0.75,0.11340494819886571
UFD,0.95,0.044305684084520854
UFD,0.05,0.015714886433694276
UFD,0.25,0.05255750646390941
UFD,0.5,0.03672189459294542
UFD,0.75,0.15739569665420808
UFD,0.95,0.04407550426124654
UFD,0.05,0.034626683779122786
UFD,0.25,0.08214935701075914
UFD,0.5,0.019772726860764037
UFD,0.75,0.06492491021368872
UFD,0.95,0.04865439049974954
UFD,0.05,0.0319833352501329
UFD,0.25,0.07512791356137728
UFD,0.5,0.042043391877619275
UFD,0.75,0.05913549476538868
UFD,0.95,0.023234517374550585
UFD,0.05,0.027450908850534195
UFD,0.25,0.05683793977339483
UFD,0.5,0.02600609559067001
UFD,0.75,0.052671177266814216
UFD,0.95,0.017978009137087525
UFD,0.05,0.038981203569402136
UFD,0.25,0.03971441221100567
UFD,0.5,0.02890202552730163
UFD,0.75,0.0679853582292844
UFD,0.95,0.019079026662940143
UFD,0.05,0.034629844461507846
UFD,0.25,0.06392627389943684
UFD,0.5,0.02610425056794351
UFD,0.75,0.04589148854477682
UFD,0.95,0.012649462397144297
UFD,0.05,0.0325289462521455
UFD,0.25,0.048885566682924465
UFD,0.5,0.01982931589861902
UFD,0.75,0.052575838590554896
UFD,0.95,0.03007421063126059
UFD,0.05,0.04162040410183195
UFD,0.25,0.08445361239667959
UFD,0.5,0.12648954709409596
UFD,0.75,0.1338014040238489
UFD,0.95,0.03324867522214726
UFD,0.05,0.04974450715802304
UFD,0.25,0.1809930575907196
UFD,0.5,0.23707217103912084
UFD,0.75,0.18095593239692473
UFD,0.95,0.03142254442124723
UFD,0.05,0.05990046554318027
UFD,0.25,0.1737783330737109
UFD,0.5,0.038156616289869584
UFD,0.75,0.04009714479559721
UFD,0.95,0.035365250656855314
UFD,0.05,0.03596695000396231
UFD,0.25,0.13974208258891013
UFD,0.5,0.02123937366063815
UFD,0.75,0.04240868475431733
UFD,0.95,0.0509394411761474
UFD,0.05,0.0464335193027918
UFD,0.25,0.14955683379797904
UFD,0.5,0.0332004274324822
UFD,0.75,0.05608551580068775
UFD,0.95,0.01843702478438007
UFD,0.05,0.03147725923081899
UFD,0.25,0.09593795304841714
UFD,0.5,0.026158934343140622
UFD,0.75,0.0479482568186547
UFD,0.95,0.034900263236587535
UFD,0.05,0.027487874574490895
UFD,0.25,0.041596155808190205
UFD,0.5,0.023024783322538156
UFD,0.75,0.06075101965339579
UFD,0.95,0.023781114629299275
UFD,0.05,0.029160753686777063
UFD,0.25,0.043949712818075005
UFD,0.5,0.011741521894181275
UFD,0.75,0.02484376124407053
UFD,0.95,0.013087983782925907
UFD,0.05,0.010948044028725413
UFD,0.25,0.022833316524320506
UFD,0.5,0.01719908491000614
UFD,0.75,0.020781075153605503
UFD,0.95,0.012220253854571907
ZEREBRO,0.05,0.012152453308837838
ZEREBRO,0.25,0.03247645048296372
ZEREBRO,0.5,0.012210963065418565
ZEREBRO,0.75,0.054530754980216346
ZEREBRO,0.95,0.018994064404251918
ZEREBRO,0.05,0.016623606979798887
ZEREBRO,0.25,0.05286798684410513
ZEREBRO,0.5,0.017877059170426392
ZEREBRO,0.75,0.05135886859415467
ZEREBRO,0.95,0.023463329931259727
ZEREBRO,0.05,0.0122095909793443
ZEREBRO,0.25,0.0492957258186702
ZEREBRO,0.5,0.05515256082376754
ZEREBRO,0.75,0.0570719305424597
ZEREBRO,0.95,0.036720767935660835
ZEREBRO,0.05,0.02570821918304876
ZEREBRO,0.25,0.07322130162667527
ZEREBRO,0.5,0.08324071085866126
ZEREBRO,0.75,0.03673102158967847
ZEREBRO,0.95,0.07056961463762083
ZEREBRO,0.05,0.02706839065082577
ZEREBRO,0.25,0.07776420588961809
ZEREBRO,0.5,0.035396017309982965
ZEREBRO,0.75,0.05269552155430198
ZEREBRO,0.95,0.04000498313506968
ZEREBRO,0.05,0.013907450221765089
ZEREBRO,0.25,0.013781894270765717
ZEREBRO,0.5,0.09510501978333023
ZEREBRO,0.75,0.13400782199754283
ZEREBRO,0.95,0.06636915679564821
ZEREBRO,0.05,0.022654942143466236
ZEREBRO,0.25,0.04643148230552433
ZEREBRO,0.5,0.04159833119120281
ZEREBRO,0.75,0.11446715962994154
ZEREBRO,0.95,0.06438239198111806
ZEREBRO,0.05,0.026215171861987477
ZEREBRO,0.25,0.04291307392246276
ZEREBRO,0.5,0.02798458035848314
ZEREBRO,0.75,0.0930959684614604
ZEREBRO,0.95,0.04680503468607764
ZEREBRO,0.05,0.026130718225341427
ZEREBRO,0.25,0.025765249170437595
ZEREBRO,0.5,0.021693113714344292
ZEREBRO,0.75,0.07157195526070731
ZEREBRO,0.95,0.0378430519173881
ZEREBRO,0.05,0.0320937954801794
ZEREBRO,0.25,0.023120144924934777
ZEREBRO,0.5,0.02288363490772054
ZEREBRO,0.75,0.0599239943819779
ZEREBRO,0.95,0.017439305909506986
ZEREBRO,0.05,0.017396253064576747
ZEREBRO,0.25,0.0415379685593788
ZEREBRO,0.5,0.023071942274314885
ZEREBRO,0.75,0.030408977304819493
ZEREBRO,0.95,0.01715117944241893
ZEREBRO,0.05,0.10698925118797291
ZEREBRO,0.25,0.48699296398864833
ZEREBRO,0.5,0.9283578546009817
ZEREBRO,0.75,1.2316523172913403
ZEREBRO,0.95,1.2881127337427758
ZEREBRO,0.05,0.05857998454766475
ZEREBRO,0.25,0.21219208787440913
ZEREBRO,0.5,0.199889176242255
ZEREBRO,0.75,0.24103295926680215
ZEREBRO,0.95,0.18214681978691524
ZEREBRO,0.05,0.09851369261269151
ZEREBRO,0.25,0.3761712923122324
ZEREBRO,0.5,0.0624616594219482
ZEREBRO,0.75,0.034258389946521556
ZEREBRO,0.95,0.016947467163996463
ZEREBRO,0.05,0.10151046250163798
ZEREBRO,0.25,0.3625367181531948
ZEREBRO,0.5,0.058226680209871755
ZEREBRO,0.75,0.0629762014432688
ZEREBRO,0.95,0.023167865367146375
ZEREBRO,0.05,0.08874719618137283
ZEREBRO,0.25,0.37563564366294244
ZEREBRO,0.5,0.022212584876361057
ZEREBRO,0.75,0.0675678281895999
ZEREBRO,0.95,0.023687824223100038
ZEREBRO,0.05,0.03317793076737268
ZEREBRO,0.25,0.08618815432062965
ZEREBRO,0.5,0.04426326551377522
ZEREBRO,0.75,0.12405723817102238
ZEREBRO,0.95,0.06829842801042385
ZEREBRO,0.05,0.0166502297042771
ZEREBRO,0.25,0.07062171091154003
ZEREBRO,0.5,0.05008268004707158
ZEREBRO,0.75,0.054785358013030555
ZEREBRO,0.95,0.04624737365683873
ZEREBRO,0.05,0.03163235247997418
ZEREBRO,0.25,0.052809545369381365
ZEREBRO,0.5,0.03860068777190837
ZEREBRO,0.75,0.06616026804738294
ZEREBRO,0.95,0.09109817417186859
ZEREBRO,0.05,0.008355633587070525
ZEREBRO,0.25,0.014491780977081163
ZEREBRO,0.5,0.04252298681184468
ZEREBRO,0.75,0.10373552984809725
ZEREBRO,0.95,0.1244666030248547
ZEREBRO,0.05,0.016575689607953494
ZEREBRO,0.25,0.03251661893611519
ZEREBRO,0.5,0.028760172189517628
ZEREBRO,0.75,0.07464153187334784
ZEREBRO,0.95,0.05985573937718841
ZEREBRO,0.05,0.01245054881992219
ZEREBRO,0.25,0.0393440345336058
ZEREBRO,0.5,0.014756316100457495
ZEREBRO,0.75,0.07285448707514906
ZEREBRO,0.95,0.1340265808705334
ZEREBRO,0.05,0.017775068101218205
ZEREBRO,0.25,0.036204542269321294
ZEREBRO,0.5,0.026083573455353573
ZEREBRO,0.75,0.05466460825268088
ZEREBRO,0.95,0.01904328707386955
ZEREBRO,0.05,0.011114974551328295
ZEREBRO,0.25,0.03204693332031544
ZEREBRO,0.5,0.013080342477027567
ZEREBRO,0.75,0.04494038683164132
ZEREBRO,0.95,0.008759336174613344
ZEREBRO,0.05,0.006944609780299538
ZEREBRO,0.25,0.02717367407097593
ZEREBRO,0.5,0.04584168351825013
ZEREBRO,0.75,0.04425033170413689
ZEREBRO,0.95,0.014112113246315906
