token,fold,tau,pinball_loss
$WIF,0,0.1,0.08353140457265601
$WIF,0,0.25,0.06960950381054666
$WIF,0,0.5,0.046406335873697774
$WIF,0,0.75,0.025237408593559777
$WIF,0,0.9,0.010165664697778373
$WIF,1,0.1,0.02647063058708389
$WIF,1,0.25,0.02407657719021151
$WIF,1,0.5,0.020086488195424208
$WIF,1,0.75,0.011342658772033642
$WIF,1,0.9,0.008320722357593716
$WIF,2,0.1,0.11430075019267767
$WIF,2,0.25,0.09525062516056472
$WIF,2,0.5,0.06350041677370982
$WIF,2,0.75,0.03253916068333978
$WIF,2,0.9,0.014575258141359071
$WIF,3,0.1,0.013321178672754072
$WIF,3,0.25,0.015606356282329975
$WIF,3,0.5,0.019414985631623142
$WIF,3,0.75,0.016748735207886823
$WIF,3,0.9,0.01416741960916517
$WIF,4,0.1,0.019956299053660916
$WIF,4,0.25,0.03089346309886155
$WIF,4,0.5,0.04912206984086261
$WIF,4,0.75,0.061386407576197545
$WIF,4,0.9,0.06574218457281529
$WIF,5,0.1,0.28672030975417356
$WIF,5,0.25,0.23893359146181128
$WIF,5,0.5,0.15928906097454087
$WIF,5,0.75,0.07964453048727044
$WIF,5,0.9,0.041807740152847515
$WIF,6,0.1,0.08893578635600226
$WIF,6,0.25,0.07676509146056609
$WIF,6,0.5,0.05648059996817243
$WIF,6,0.75,0.03459056830554914
$WIF,6,0.9,0.015434619741779851
$WIF,7,0.1,0.0073362587928864536
$WIF,7,0.25,0.017158241202071975
$WIF,7,0.5,0.033528211884047844
$WIF,7,0.75,0.04125151974533575
$WIF,7,0.9,0.02062450970425496
$WIF,8,0.1,0.05611001540818541
$WIF,8,0.25,0.0520842936804925
$WIF,8,0.5,0.045374757467671
$WIF,8,0.75,0.03371436649078994
$WIF,8,0.9,0.02251226368125066
$WIF,9,0.1,0.1472148438649715
$WIF,9,0.25,0.12267903655414292
$WIF,9,0.5,0.0817860243694286
$WIF,9,0.75,0.04161052573417764
$WIF,9,0.9,0.02215003075884527
$WIF,10,0.1,0.07505749243206358
$WIF,10,0.25,0.06254791036005299
$WIF,10,0.5,0.04169860690670199
$WIF,10,0.75,0.02116144845196781
$WIF,10,0.9,0.012877120541106367
$WIF,11,0.1,0.021297084031457438
$WIF,11,0.25,0.02634527926148686
$WIF,11,0.5,0.03475893797820256
$WIF,11,0.75,0.043545535125426714
$WIF,11,0.9,0.027521010523607656
$WIF,12,0.1,0.01610410240004194
$WIF,12,0.25,0.020621344194160385
$WIF,12,0.5,0.028150080517691134
$WIF,12,0.75,0.03567881684122188
$WIF,12,0.9,0.025828888501824757
$WIF,13,0.1,0.14059918299745727
$WIF,13,0.25,0.1171659858312144
$WIF,13,0.5,0.0781106572208096
$WIF,13,0.75,0.0390553286104048
$WIF,13,0.9,0.023127349063016875
$WIF,14,0.1,0.11042959111021684
$WIF,14,0.25,0.09202465925851405
$WIF,14,0.5,0.06134977283900936
$WIF,14,0.75,0.03067488641950468
$WIF,14,0.9,0.01926469832232153
$WIF,15,0.1,0.07816340324145234
$WIF,15,0.25,0.06513616936787696
$WIF,15,0.5,0.04342411291191797
$WIF,15,0.75,0.023689258419139454
$WIF,15,0.9,0.017773452462678262
$WIF,16,0.1,0.0242948713617626
$WIF,16,0.25,0.027561380977614066
$WIF,16,0.5,0.03300556367069984
$WIF,16,0.75,0.03759049471342519
$WIF,16,0.9,0.03675277509486984
$WIF,17,0.1,0.03121470890861384
$WIF,17,0.25,0.07803677227153459
$WIF,17,0.5,0.15607354454306918
$WIF,17,0.75,0.2332107720808673
$WIF,17,0.9,0.2747743817395552
$WIF,18,0.1,0.11025083423210585
$WIF,18,0.25,0.09187569519342154
$WIF,18,0.5,0.061250463462281024
$WIF,18,0.75,0.036069092930088344
$WIF,18,0.9,0.034407147479755075
$WIF,19,0.1,0.23283759889250233
$WIF,19,0.25,0.1940313324104186
$WIF,19,0.5,0.12935422160694574
$WIF,19,0.75,0.06479913137760827
$WIF,19,0.9,0.0448185582571175
$WIF,20,0.1,0.19414199363977802
$WIF,20,0.25,0.16178499469981503
$WIF,20,0.5,0.10785666313321002
$WIF,20,0.75,0.05392833156660501
$WIF,20,0.9,0.035152384782443806
$WIF,21,0.1,0.10475398289502569
$WIF,21,0.25,0.08729498574585474
$WIF,21,0.5,0.05819665716390316
$WIF,21,0.75,0.02909832858195158
$WIF,21,0.9,0.026839319822322346
$WIF,22,0.1,0.10900783183499034
$WIF,22,0.25,0.09083985986249195
$WIF,22,0.5,0.06055990657499464
$WIF,22,0.75,0.03027995328749732
$WIF,22,0.9,0.012111981314998925
$WIF,23,0.1,0.025305751514839946
$WIF,23,0.25,0.022091414678709443
$WIF,23,0.5,0.01571804772492404
$WIF,23,0.75,0.009663780029232068
$WIF,23,0.9,0.010202254213822195
$WIF,24,0.1,0.11309169443494715
$WIF,24,0.25,0.09934178198444578
$WIF,24,0.5,0.06622785465629719
$WIF,24,0.75,0.04137585449400202
$WIF,24,0.9,0.028831973529399632
$michi,0,0.1,0.034650330597680704
$michi,0,0.25,0.032016147472069066
$michi,0,0.5,0.02762584226271635
$michi,0,0.75,0.021891624994019657
$michi,0,0.9,0.009824171996626397
$michi,1,0.1,0.024548152831658416
$michi,1,0.25,0.024187055276395874
$michi,1,0.5,0.017281135933576008
$michi,1,0.75,0.03121721804568413
$michi,1,0.9,0.02340238583730911
$michi,2,0.1,0.0642208872993517
$michi,2,0.25,0.05819803720270365
$michi,2,0.5,0.03988068673469172
$michi,2,0.75,0.021563336266679792
$michi,2,0.9,0.009538307358374484
$michi,3,0.1,0.060623231848807
$michi,3,0.25,0.051447789838152784
$michi,3,0.5,0.03615538648706244
$michi,3,0.75,0.020862983135972096
$michi,3,0.9,0.013139059281529503
$michi,4,0.1,0.028777817873365367
$michi,4,0.25,0.026132325270220205
$michi,4,0.5,0.02172317093164493
$michi,4,0.75,0.016620856535339092
$michi,4,0.9,0.0142244578317577
$michi,5,0.1,0.04087703052838404
$michi,5,0.25,0.03499486061636598
$michi,5,0.5,0.025191244096335875
$michi,5,0.75,0.01507005898921808
$michi,5,0.9,0.010669021683538832
$michi,6,0.1,0.037554910706770396
$michi,6,0.25,0.03413512254057777
$michi,6,0.5,0.028435475596923387
$michi,6,0.75,0.02066562865402111
$michi,6,0.9,0.015229113138828979
$michi,7,0.1,0.03196082105743362
$michi,7,0.25,0.05949452506703858
$michi,7,0.5,0.10538403174971349
$michi,7,0.75,0.11921850022137488
$michi,7,0.9,0.05476439469997416
$michi,8,0.1,0.09491893890578877
$michi,8,0.25,0.09170166755542941
$michi,8,0.5,0.0863395486381638
$michi,8,0.75,0.0809774297208982
$michi,8,0.9,0.018545398621151104
$michi,9,0.1,0.1792645220875847
$michi,9,0.25,0.14938710173965394
$michi,9,0.5,0.09959140115976926
$michi,9,0.75,0.04979570057988463
$michi,9,0.9,0.020189715543980757
$michi,10,0.1,0.12881491053419766
$michi,10,0.25,0.10734575877849806
$michi,10,0.5,0.07156383918566538
$michi,10,0.75,0.03578191959283269
$michi,10,0.9,0.01431276783713307
$michi,11,0.1,0.02222804459273996
$michi,11,0.25,0.029148168773432733
$michi,11,0.5,0.04068170907458737
$michi,11,0.75,0.052215249375741984
$michi,11,0.9,0.03082385373391246
$michi,12,0.1,0.06401207936619072
$michi,12,0.25,0.06912397098100755
$michi,12,0.5,0.07764379033903557
$michi,12,0.75,0.04344592745865911
$michi,12,0.9,0.028505880998284966
$michi,13,0.1,0.1058463749137003
$michi,13,0.25,0.08820531242808359
$michi,13,0.5,0.05880354161872239
$michi,13,0.75,0.03248951038438726
$michi,13,0.9,0.01616182882214935
$michi,14,0.1,0.15688693298813003
$michi,14,0.25,0.1307391108234417
$michi,14,0.5,0.0871594072156278
$michi,14,0.75,0.0435797036078139
$michi,14,0.9,0.017431881443125557
$michi,15,0.1,0.16915016816397688
$michi,15,0.25,0.14095847346998075
$michi,15,0.5,0.09397231564665383
$michi,15,0.75,0.046986157823326914
$michi,15,0.9,0.018794463129330762
$michi,16,0.1,0.015721113002126197
$michi,16,0.25,0.038557653791689996
$michi,16,0.5,0.07661855510762967
$michi,16,0.75,0.10637550149580531
$michi,16,0.9,0.07896274892982466
$michi,17,0.1,0.00943279478004567
$michi,17,0.25,0.023581986950114178
$michi,17,0.5,0.047163973900228355
$michi,17,0.75,0.05352723577748001
$michi,17,0.9,0.03221676429045598
$michi,18,0.1,0.13103739885913096
$michi,18,0.25,0.11630721546615437
$michi,18,0.5,0.09175690981119337
$michi,18,0.75,0.06713015562988629
$michi,18,0.9,0.03366046591144722
$michi,19,0.1,0.1995495701416795
$michi,19,0.25,0.16629130845139958
$michi,19,0.5,0.11086087230093304
$michi,19,0.75,0.058340077133477365
$michi,19,0.9,0.03789090982965827
$michi,20,0.1,0.21386717036428257
$michi,20,0.25,0.17822264197023543
$michi,20,0.5,0.11881509464682362
$michi,20,0.75,0.05940754732341181
$michi,20,0.9,0.02640181237635844
$michi,21,0.1,0.12108791848772754
$michi,21,0.25,0.10090659873977294
$michi,21,0.5,0.0672710658265153
$michi,21,0.75,0.03363553291325765
$michi,21,0.9,0.01578351747878114
$michi,22,0.1,0.054601084749897714
$michi,22,0.25,0.04650064040161971
$michi,22,0.5,0.032999899821156364
$michi,22,0.75,0.01949915924069302
$michi,22,0.9,0.012111498191787598
$michi,23,0.1,0.10916780987687734
$michi,23,0.25,0.09097317489739777
$michi,23,0.5,0.06064878326493186
$michi,23,0.75,0.03032439163246593
$michi,23,0.9,0.012348786304816733
$michi,24,0.1,0.052267038535885386
$michi,24,0.25,0.04620790764626597
$michi,24,0.5,0.0361093561635669
$michi,24,0.75,0.027143612167917833
$michi,24,0.9,0.02137605566390303
ALCH,0,0.1,0.00817622853511063
ALCH,0,0.25,0.010674471281475967
ALCH,0,0.5,0.014838209192084862
ALCH,0,0.75,0.021825052920672924
ALCH,0,0.9,0.010472896133368258
ALCH,1,0.1,0.04344266128857954
ALCH,1,0.25,0.03676847575174153
ALCH,1,0.5,0.041179032866520505
ALCH,1,0.75,0.042787633066712204
ALCH,1,0.9,0.02659267997189757
ALCH,2,0.1,0.06663343568631831
ALCH,2,0.25,0.1261387680737381
ALCH,2,0.5,0.20340277939507212
ALCH,2,0.75,0.20541755901264705
ALCH,2,0.9,0.09921140773230956
ALCH,3,0.1,0.096085572424856
ALCH,3,0.25,0.18424645742980317
ALCH,3,0.5,0.305185524503989
ALCH,3,0.75,0.2691826610053823
ALCH,3,0.9,0.19754231664974053
ALCH,4,0.1,0.36593289667198103
ALCH,4,0.25,0.3049440805599841
ALCH,4,0.5,0.20329605370665613
ALCH,4,0.75,0.10732436530829294
ALCH,4,0.9,0.08150163600526462
ALCH,5,0.1,0.3899178803998446
ALCH,5,0.25,0.32493156699987047
ALCH,5,0.5,0.2166210446665803
ALCH,5,0.75,0.1107128267164487
ALCH,5,0.9,0.075281955773075
ALCH,6,0.1,0.4344904711343099
ALCH,6,0.25,0.36207539261192484
ALCH,6,0.5,0.2413835950746166
ALCH,6,0.75,0.1206917975373083
ALCH,6,0.9,0.07051221448262036
ALCH,7,0.1,0.08488136196776269
ALCH,7,0.25,0.08116127509028924
ALCH,7,0.5,0.07496113029450015
ALCH,7,0.75,0.07084664953775782
ALCH,7,0.9,0.08086940537251318
ALCH,8,0.1,0.03048625222788268
ALCH,8,0.25,0.03299834338933752
ALCH,8,0.5,0.037185161991762264
ALCH,8,0.75,0.09417971064081265
ALCH,8,0.9,0.06814959157224278
ALCH,9,0.1,0.22918562466769352
ALCH,9,0.25,0.19098802055641126
ALCH,9,0.5,0.1273253470376075
ALCH,9,0.75,0.06366267351880375
ALCH,9,0.9,0.02821596930487531
ALCH,10,0.1,0.18336427228044203
ALCH,10,0.25,0.15280356023370167
ALCH,10,0.5,0.10186904015580112
ALCH,10,0.75,0.05093452007790056
ALCH,10,0.9,0.02037380803116022
ALCH,11,0.1,0.06598700896007532
ALCH,11,0.25,0.05938217730302075
ALCH,11,0.5,0.04837412454126311
ALCH,11,0.75,0.03746395556830788
ALCH,11,0.9,0.03776116446201412
ALCH,12,0.1,0.21171418839881925
ALCH,12,0.25,0.17642849033234934
ALCH,12,0.5,0.11761899355489958
ALCH,12,0.75,0.05880949677744979
ALCH,12,0.9,0.02352379871097991
ALCH,13,0.1,0.02918226751840869
ALCH,13,0.25,0.029222156823486386
ALCH,13,0.5,0.029288638998615887
ALCH,13,0.75,0.026394762156972406
ALCH,13,0.9,0.015209539377114438
ALCH,14,0.1,0.08166265802476305
ALCH,14,0.25,0.06918114425879367
ALCH,14,0.5,0.04837862131551136
ALCH,14,0.75,0.03116309039453853
ALCH,14,0.9,0.011743617299795285
ALCH,15,0.1,0.07684344548146646
ALCH,15,0.25,0.06403620456788871
ALCH,15,0.5,0.04269080304525915
ALCH,15,0.75,0.023819200249926075
ALCH,15,0.9,0.017392474790326438
ALCH,16,0.1,0.044682954134865206
ALCH,16,0.25,0.03791111568446065
ALCH,16,0.5,0.03148235963468423
ALCH,16,0.75,0.025162027427944933
ALCH,16,0.9,0.015549809148320735
ALCH,17,0.1,0.11979639354071066
ALCH,17,0.25,0.0998303279505922
ALCH,17,0.5,0.06655355196706148
ALCH,17,0.75,0.03402290494878191
ALCH,17,0.9,0.021098413121796115
ALCH,18,0.1,0.006956168940316874
ALCH,18,0.25,0.017390422350792183
ALCH,18,0.5,0.034780844701584365
ALCH,18,0.75,0.029570474528567075
ALCH,18,0.9,0.018950068430010573
ALCH,19,0.1,0.04338153503135005
ALCH,19,0.25,0.03774433833254202
ALCH,19,0.5,0.028349010501195305
ALCH,19,0.75,0.018861736621867988
ALCH,19,0.9,0.014784315746920037
ALCH,20,0.1,0.0692353174110587
ALCH,20,0.25,0.05822485155678762
ALCH,20,0.5,0.03987407513300248
ALCH,20,0.75,0.026980284108149788
ALCH,20,0.9,0.02311143125774159
ALCH,21,0.1,0.07959475227811579
ALCH,21,0.25,0.06632896023176316
ALCH,21,0.5,0.04421930682117544
ALCH,21,0.75,0.029152001884432163
ALCH,21,0.9,0.015957546281862956
ALCH,22,0.1,0.027591809171967036
ALCH,22,0.25,0.02378184035322679
ALCH,22,0.5,0.017431892321993037
ALCH,22,0.75,0.011081944290759288
ALCH,22,0.9,0.005989488005779132
ALCH,23,0.1,0.016356972645773165
ALCH,23,0.25,0.013630810538144302
ALCH,23,0.5,0.009087207025429535
ALCH,23,0.75,0.004795616745440822
ALCH,23,0.9,0.002846846214659133
ALCH,24,0.1,0.018083848800197064
ALCH,24,0.25,0.015715687229915513
ALCH,24,0.5,0.011768751279446257
ALCH,24,0.75,0.010871561484529476
ALCH,24,0.9,0.006863092348590297
AVA,0,0.1,0.06487737566573748
AVA,0,0.25,0.059256091914132135
AVA,0,0.5,0.04988728566145656
AVA,0,0.75,0.03982837135368513
AVA,0,0.9,0.03188213479063542
AVA,1,0.1,0.07053522738328831
AVA,1,0.25,0.06582309030285513
AVA,1,0.5,0.045896656894502015
AVA,1,0.75,0.0475118767762966
AVA,1,0.9,0.0450818983230216
AVA,2,0.1,0.04427345973240392
AVA,2,0.25,0.03765961651440222
AVA,2,0.5,0.02663654448439938
AVA,2,0.75,0.012270147218111935
AVA,2,0.9,0.005627708704014804
AVA,3,0.1,0.02741990776450401
AVA,3,0.25,0.022849923137086673
AVA,3,0.5,0.015233282091391118
AVA,3,0.75,0.007616641045695559
AVA,3,0.9,0.0031796441171977833
AVA,4,0.1,0.0789489827410577
AVA,4,0.25,0.07437745369989439
AVA,4,0.5,0.050459949862262675
AVA,4,0.75,0.02937267255462994
AVA,4,0.9,0.014771984109022307
AVA,5,0.1,0.05517996853123954
AVA,5,0.25,0.050018575315700205
AVA,5,0.5,0.041416253289801336
AVA,5,0.75,0.03281393126390246
AVA,5,0.9,0.022145884196372496
AVA,6,0.1,0.025633241210414607
AVA,6,0.25,0.023709995648345028
AVA,6,0.5,0.020504586378229047
AVA,6,0.75,0.017903497140054552
AVA,6,0.9,0.004969398545164901
AVA,7,0.1,0.007926738792632419
AVA,7,0.25,0.018480464115269917
AVA,7,0.5,0.03145131387420094
AVA,7,0.75,0.02649319602848284
AVA,7,0.9,0.028498837005322044
AVA,8,0.1,0.02315182467936026
AVA,8,0.25,0.05787956169840066
AVA,8,0.5,0.11575912339680132
AVA,8,0.75,0.061651686318069644
AVA,8,0.9,0.06788466078476439
AVA,9,0.1,0.220851535100812
AVA,9,0.25,0.18404294591734335
AVA,9,0.5,0.12269529727822888
AVA,9,0.75,0.06134764863911444
AVA,9,0.9,0.03129521146183357
AVA,10,0.1,0.22021544676666868
AVA,10,0.25,0.18351287230555716
AVA,10,0.5,0.12234191487037148
AVA,10,0.75,0.06117095743518574
AVA,10,0.9,0.02993936420179612
AVA,11,0.1,0.07833409675765175
AVA,11,0.25,0.07599374056563067
AVA,11,0.5,0.07209314691226221
AVA,11,0.75,0.0691706635773179
AVA,11,0.9,0.031056426805183116
AVA,12,0.1,0.18948391959648958
AVA,12,0.25,0.16320495361502355
AVA,12,0.5,0.11940667697924683
AVA,12,0.75,0.07210694168630234
AVA,12,0.9,0.03180989732322963
AVA,13,0.1,0.156906575141615
AVA,13,0.25,0.13075547928467915
AVA,13,0.5,0.08717031952311945
AVA,13,0.75,0.04440014224103042
AVA,13,0.9,0.028326555340915882
AVA,14,0.1,0.08076002407378416
AVA,14,0.25,0.07023418244899755
AVA,14,0.5,0.052691113074353195
AVA,14,0.75,0.036759284973831755
AVA,14,0.9,0.019072495247095027
AVA,15,0.1,0.10623856697837268
AVA,15,0.25,0.0885321391486439
AVA,15,0.5,0.059021426099095935
AVA,15,0.75,0.030275202424605022
AVA,15,0.9,0.020699158917142562
AVA,16,0.1,0.10769329414879653
AVA,16,0.25,0.09172633708377836
AVA,16,0.5,0.06511474197541477
AVA,16,0.75,0.0384436776204357
AVA,16,0.9,0.01911677429276013
AVA,17,0.1,0.10102779553583152
AVA,17,0.25,0.08483744907095338
AVA,17,0.5,0.05785353829615646
AVA,17,0.75,0.03086962752135954
AVA,17,0.9,0.015408297311647537
AVA,18,0.1,0.11050677207153148
AVA,18,0.25,0.09208897672627624
AVA,18,0.5,0.06139265115085082
AVA,18,0.75,0.03069632557542541
AVA,18,0.9,0.017630326295312488
AVA,19,0.1,0.09149615100207763
AVA,19,0.25,0.07624679250173134
AVA,19,0.5,0.05083119500115424
AVA,19,0.75,0.026113892869454255
AVA,19,0.9,0.016783023758445925
AVA,20,0.1,0.034833807854629535
AVA,20,0.25,0.03429135234836439
AVA,20,0.5,0.03338725983792249
AVA,20,0.75,0.03388087149810232
AVA,20,0.9,0.015639126172926242
AVA,21,0.1,0.03489896024292119
AVA,21,0.25,0.05637859489704571
AVA,21,0.5,0.09217798598725324
AVA,21,0.75,0.1218332816260783
AVA,21,0.9,0.056960720890700534
AVA,22,0.1,0.23114447211209707
AVA,22,0.25,0.19355337184471122
AVA,22,0.5,0.1309015380657349
AVA,22,0.75,0.07109758498389296
AVA,22,0.9,0.042961817406845314
AVA,23,0.1,0.05186740497079695
AVA,23,0.25,0.04865986472271567
AVA,23,0.5,0.04331396430924687
AVA,23,0.75,0.031013632834807254
AVA,23,0.9,0.010665345824254824
AVA,24,0.1,0.14880574694117835
AVA,24,0.25,0.12400478911764863
AVA,24,0.5,0.08266985941176576
AVA,24,0.75,0.04212264580498463
AVA,24,0.9,0.01684905832199385
BOME,0,0.1,0.043880658760041595
BOME,0,0.25,0.03745559293141525
BOME,0,0.5,0.02674714988370469
BOME,0,0.75,0.0171344041253975
BOME,0,0.9,0.01047480799614482
BOME,1,0.1,0.015334072080416388
BOME,1,0.25,0.015019968850874227
BOME,1,0.5,0.014496463468303961
BOME,1,0.75,0.0116838493497571
BOME,1,0.9,0.007515140762555247
BOME,2,0.1,0.08719945552182723
BOME,2,0.25,0.07266621293485603
BOME,2,0.5,0.04844414195657068
BOME,2,0.75,0.0272228376950984
BOME,2,0.9,0.01679466458848641
BOME,3,0.1,0.017588539273202156
BOME,3,0.25,0.021548583090473025
BOME,3,0.5,0.028148656119257806
BOME,3,0.75,0.028984505627396698
BOME,3,0.9,0.02048058244364084
BOME,4,0.1,0.013446183492644648
BOME,4,0.25,0.01742807528933559
BOME,4,0.5,0.023646798384047943
BOME,4,0.75,0.023931160965052673
BOME,4,0.9,0.013930345272873767
BOME,5,0.1,0.06776072476097762
BOME,5,0.25,0.05653660585036335
BOME,5,0.5,0.03782974099933956
BOME,5,0.75,0.019122876148315777
BOME,5,0.9,0.011454888754095392
BOME,6,0.1,0.07651199161353739
BOME,6,0.25,0.06375999301128116
BOME,6,0.5,0.04250666200752077
BOME,6,0.75,0.026510666383420964
BOME,6,0.9,0.01632705068149384
BOME,7,0.1,0.03718731827343684
BOME,7,0.25,0.03160470377298169
BOME,7,0.5,0.02230034627222312
BOME,7,0.75,0.010567308090846115
BOME,7,0.9,0.006631771040230032
BOME,8,0.1,0.05032849790742621
BOME,8,0.25,0.04194041492285518
BOME,8,0.5,0.027960276615236784
BOME,8,0.75,0.014701855583756382
BOME,8,0.9,0.0062008323774967984
BOME,9,0.1,0.041593117966811526
BOME,9,0.25,0.03466093163900961
BOME,9,0.5,0.023107287759339738
BOME,9,0.75,0.01435014257894389
BOME,9,0.9,0.008678730118257089
BOME,10,0.1,0.02547058424968632
BOME,10,0.25,0.02281564218934159
BOME,10,0.5,0.01839073875543371
BOME,10,0.75,0.014657321830550291
BOME,10,0.9,0.007372807138659467
BOME,11,0.1,0.007985910020712776
BOME,11,0.25,0.017264046013149223
BOME,11,0.5,0.03122195903576495
BOME,11,0.75,0.03935783573232098
BOME,11,0.9,0.031500378142722996
BOME,12,0.1,0.05104591454911702
BOME,12,0.25,0.042538262124264176
BOME,12,0.5,0.028358841416176117
BOME,12,0.75,0.01576763037921397
BOME,12,0.9,0.013005525886231961
BOME,13,0.1,0.05383927233056141
BOME,13,0.25,0.04491684325643671
BOME,13,0.5,0.03004612813289553
BOME,13,0.75,0.015278444097154467
BOME,13,0.9,0.012359070620978697
BOME,14,0.1,0.03531191454615752
BOME,14,0.25,0.029454160340395857
BOME,14,0.5,0.019691236664126418
BOME,14,0.75,0.012766718993046539
BOME,14,0.9,0.010007178023431679
BOME,15,0.1,0.03168653712801031
BOME,15,0.25,0.027335223301434647
BOME,15,0.5,0.020083033590475207
BOME,15,0.75,0.014364098166414895
BOME,15,0.9,0.00924339801609655
BOME,16,0.1,0.024249207897608257
BOME,16,0.25,0.02275090748439122
BOME,16,0.5,0.020253740129029505
BOME,16,0.75,0.01775657277366778
BOME,16,0.9,0.012013685124326873
BOME,17,0.1,0.015619997633547896
BOME,17,0.25,0.01747681844900721
BOME,17,0.5,0.02057151980810608
BOME,17,0.75,0.0236721849450852
BOME,17,0.9,0.019488183104137705
BOME,18,0.1,0.06096924868040702
BOME,18,0.25,0.05080770723367251
BOME,18,0.5,0.033871804822448344
BOME,18,0.75,0.021265518304868638
BOME,18,0.9,0.010634272447224905
BOME,19,0.1,0.04023470498701683
BOME,19,0.25,0.033570621694691404
BOME,19,0.5,0.022463816207482352
BOME,19,0.75,0.013177179548292275
BOME,19,0.9,0.007218306043777871
BOME,20,0.1,0.008771250992730342
BOME,20,0.25,0.008700340288910861
BOME,20,0.5,0.008582155782545063
BOME,20,0.75,0.009146685169706285
BOME,20,0.9,0.003718465125267466
BOME,21,0.1,0.005684156300920032
BOME,21,0.25,0.014210390752300081
BOME,21,0.5,0.028420781504600163
BOME,21,0.75,0.0345226099724414
BOME,21,0.9,0.033804896786113224
BOME,22,0.1,0.012517371543711483
BOME,22,0.25,0.011024082236886149
BOME,22,0.5,0.00853526672551059
BOME,22,0.75,0.0060844959461041305
BOME,22,0.9,0.0063913334862781
BOME,23,0.1,0.11313041774810978
BOME,23,0.25,0.09427534812342481
BOME,23,0.5,0.0628502320822832
BOME,23,0.75,0.0314251160411416
BOME,23,0.9,0.016088918259256912
BOME,24,0.1,0.0622097512091546
BOME,24,0.25,0.051841459340962175
BOME,24,0.5,0.03456097289397478
BOME,24,0.75,0.01728048644698739
BOME,24,0.9,0.009778521862864572
BOME,25,0.1,0.06570283914150928
BOME,25,0.25,0.054752365951257716
BOME,25,0.5,0.03650157730083847
BOME,25,0.75,0.019466464870330567
BOME,25,0.9,0.014659419511971429
BOME,26,0.1,0.01923128920162251
BOME,26,0.25,0.04507634183671436
BOME,26,0.5,0.08815142956186746
BOME,26,0.75,0.13046790893063848
BOME,26,0.9,0.15671820933645786
BOME,27,0.1,0.02159345571115595
BOME,27,0.25,0.045473861406787656
BOME,27,0.5,0.08527453756617383
BOME,27,0.75,0.12507521372556005
BOME,27,0.9,0.06672739986579983
BOME,28,0.1,0.09361630669138414
BOME,28,0.25,0.08189072080784487
BOME,28,0.5,0.06234807766861278
BOME,28,0.75,0.045248618666935914
BOME,28,0.9,0.026525306527703702
BOME,29,0.1,0.3152219253491917
BOME,29,0.25,0.26268493779099306
BOME,29,0.5,0.175123291860662
BOME,29,0.75,0.10587965955479177
BOME,29,0.9,0.05512923925857294
BOME,30,0.1,0.17323094848377776
BOME,30,0.25,0.14435912373648144
BOME,30,0.5,0.09623941582432095
BOME,30,0.75,0.06462477733810457
BOME,30,0.9,0.0378612140563731
BOME,31,0.1,0.10665100049524785
BOME,31,0.25,0.08887583374603987
BOME,31,0.5,0.05925055583069325
BOME,31,0.75,0.029881001432660304
BOME,31,0.9,0.02328477992938256
BOME,32,0.1,0.06601396363805283
BOME,32,0.25,0.05537059611334951
BOME,32,0.5,0.03763165023884399
BOME,32,0.75,0.019892704364338463
BOME,32,0.9,0.009249336839635145
BOME,33,0.1,0.0681210148377525
BOME,33,0.25,0.05680548082831385
BOME,33,0.5,0.037946257479249436
BOME,33,0.75,0.019087034130185036
BOME,33,0.9,0.010932146163752291
BOME,34,0.1,0.08841941116108075
BOME,34,0.25,0.07745582879889364
BOME,34,0.5,0.05918319152858186
BOME,34,0.75,0.03489542079134495
BOME,34,0.9,0.022082338657631314
FWOG,0,0.1,0.08386589142464429
FWOG,0,0.25,0.1277376082068147
FWOG,0,0.5,0.18201665395119263
FWOG,0,0.75,0.23045599701283503
FWOG,0,0.9,0.254815873242971
FWOG,1,0.1,0.08028768284712245
FWOG,1,0.25,0.11621226718816224
FWOG,1,0.5,0.16326840248225638
FWOG,1,0.75,0.1969206146768437
FWOG,1,0.9,0.18753915698371246
FWOG,2,0.1,0.328214898334421
FWOG,2,0.25,0.27351241527868425
FWOG,2,0.5,0.18234161018578945
FWOG,2,0.75,0.09117080509289473
FWOG,2,0.9,0.07854255900223052
FWOG,3,0.1,0.203205073907705
FWOG,3,0.25,0.1700610862468552
FWOG,3,0.5,0.1148211068121056
FWOG,3,0.75,0.05958112737735596
FWOG,3,0.9,0.05752364059070137
FWOG,4,0.1,0.21889567119289888
FWOG,4,0.25,0.1824130593274157
FWOG,4,0.5,0.12160870621827713
FWOG,4,0.75,0.060804353109138565
FWOG,4,0.9,0.0597174787800074
FWOG,5,0.1,0.40489372627531833
FWOG,5,0.25,0.3374114385627653
FWOG,5,0.5,0.2249409590418435
FWOG,5,0.75,0.11247047952092175
FWOG,5,0.9,0.058725380495852963
FWOG,6,0.1,0.1018179592892035
FWOG,6,0.25,0.08807872584089736
FWOG,6,0.5,0.0651800034270538
FWOG,6,0.75,0.045536456302898265
FWOG,6,0.9,0.028704157287489263
FWOG,7,0.1,0.02437850709729504
FWOG,7,0.25,0.04045043331919635
FWOG,7,0.5,0.06723697702236521
FWOG,7,0.75,0.06763168294552728
FWOG,7,0.9,0.02095850283941714
FWOG,8,0.1,0.07186172404427815
FWOG,8,0.25,0.07947044556316928
FWOG,8,0.5,0.09215164809465448
FWOG,8,0.75,0.08789295392452008
FWOG,8,0.9,0.02612341711526964
FWOG,9,0.1,0.20297856023587021
FWOG,9,0.25,0.1691488001965585
FWOG,9,0.5,0.11276586679770567
FWOG,9,0.75,0.0581155787085846
FWOG,9,0.9,0.023246231483433837
FWOG,10,0.1,0.10422752962191867
FWOG,10,0.25,0.08685627468493222
FWOG,10,0.5,0.05790418312328815
FWOG,10,0.75,0.03052556756766499
FWOG,10,0.9,0.012210227027065998
FWOG,11,0.1,0.04739052897324194
FWOG,11,0.25,0.04816793989305066
FWOG,11,0.5,0.04946362475939851
FWOG,11,0.75,0.03575394925535473
FWOG,11,0.9,0.02370628565857971
FWOG,12,0.1,0.13872705963093332
FWOG,12,0.25,0.11560588302577779
FWOG,12,0.5,0.07707058868385185
FWOG,12,0.75,0.04034143297499157
FWOG,12,0.9,0.03122334103504674
FWOG,13,0.1,0.08200496716042714
FWOG,13,0.25,0.06833747263368929
FWOG,13,0.5,0.04555831508912619
FWOG,13,0.75,0.03244047615912136
FWOG,13,0.9,0.02082891514990341
FWOG,14,0.1,0.12076211185473847
FWOG,14,0.25,0.10063509321228203
FWOG,14,0.5,0.06709006214152137
FWOG,14,0.75,0.036734531873092814
FWOG,14,0.9,0.014693812749237123
FWOG,15,0.1,0.08924006969805316
FWOG,15,0.25,0.07436672474837763
FWOG,15,0.5,0.049577816498918424
FWOG,15,0.75,0.024788908249459212
FWOG,15,0.9,0.009915563299783681
FWOG,16,0.1,0.021974284403002114
FWOG,16,0.25,0.04733526657690057
FWOG,16,0.5,0.08888056584350552
FWOG,16,0.75,0.09848741088173853
FWOG,16,0.9,0.0657171088685743
FWOG,17,0.1,0.032493830566109896
FWOG,17,0.25,0.08115267658079421
FWOG,17,0.5,0.16230535316158842
FWOG,17,0.75,0.21127544276151097
FWOG,17,0.9,0.11053057233544143
FWOG,18,0.1,0.11185192710300619
FWOG,18,0.25,0.09570344784373469
FWOG,18,0.5,0.06878931574494884
FWOG,18,0.75,0.04687366325430467
FWOG,18,0.9,0.02896423483611744
FWOG,19,0.1,0.33018294444256024
FWOG,19,0.25,0.27515245370213354
FWOG,19,0.5,0.18343496913475568
FWOG,19,0.75,0.09790850437781677
FWOG,19,0.9,0.045973175016898106
FWOG,20,0.1,0.20242916845691483
FWOG,20,0.25,0.1686909737140957
FWOG,20,0.5,0.11246064914273046
FWOG,20,0.75,0.05623032457136523
FWOG,20,0.9,0.02249212982854609
FWOG,21,0.1,0.14961696300198601
FWOG,21,0.25,0.12468080250165502
FWOG,21,0.5,0.08312053500110335
FWOG,21,0.75,0.04179232218750015
FWOG,21,0.9,0.018994472730437577
FWOG,22,0.1,0.09447005927673119
FWOG,22,0.25,0.07945660493097996
FWOG,22,0.5,0.05443418102139456
FWOG,22,0.75,0.02941175711180917
FWOG,22,0.9,0.014398302766057932
FWOG,23,0.1,0.024563995685598018
FWOG,23,0.25,0.03347491087993817
FWOG,23,0.5,0.02824421430757901
FWOG,23,0.75,0.02453406282368929
FWOG,23,0.9,0.02010129379869158
FWOG,24,0.1,0.07750930723450232
FWOG,24,0.25,0.0706273154792935
FWOG,24,0.5,0.04708487698619566
FWOG,24,0.75,0.025235506463885685
FWOG,24,0.9,0.011006560343831705
Fartcoin,0,0.1,0.12172861486347973
Fartcoin,0,0.25,0.1024435850540869
Fartcoin,0,0.5,0.07030186870509886
Fartcoin,0,0.75,0.03763342993301373
Fartcoin,0,0.9,0.020435277065843808
Fartcoin,1,0.1,0.044213002748209
Fartcoin,1,0.25,0.04269280733700493
Fartcoin,1,0.5,0.04015914831833147
Fartcoin,1,0.75,0.03261571368426363
Fartcoin,1,0.9,0.020786306890013054
Fartcoin,2,0.1,0.06626032031711201
Fartcoin,2,0.25,0.05586073975726084
Fartcoin,2,0.5,0.03852810549084222
Fartcoin,2,0.75,0.025017320164586788
Fartcoin,2,0.9,0.017402411667077813
Fartcoin,3,0.1,0.0378551664790116
Fartcoin,3,0.25,0.039526492542924695
Fartcoin,3,0.5,0.042312035982779855
Fartcoin,3,0.75,0.04189869610794723
Fartcoin,3,0.9,0.023073134096122754
Fartcoin,4,0.1,0.04800929746816523
Fartcoin,4,0.25,0.05224038274571182
Fartcoin,4,0.5,0.040573047704767655
Fartcoin,4,0.75,0.03971377292932423
Fartcoin,4,0.9,0.02119347286146048
Fartcoin,5,0.1,0.12207564287497387
Fartcoin,5,0.25,0.12000580293232481
Fartcoin,5,0.5,0.09470523277283144
Fartcoin,5,0.75,0.07899923893052357
Fartcoin,5,0.9,0.039374316152250115
Fartcoin,6,0.1,0.13853336469423141
Fartcoin,6,0.25,0.11544447057852619
Fartcoin,6,0.5,0.07696298038568412
Fartcoin,6,0.75,0.03848149019284206
Fartcoin,6,0.9,0.016285785711599318
Fartcoin,7,0.1,0.023229227011670798
Fartcoin,7,0.25,0.020526977978163195
Fartcoin,7,0.5,0.015763104361964694
Fartcoin,7,0.75,0.02267230206364589
Fartcoin,7,0.9,0.018626287792835993
Fartcoin,8,0.1,0.054614183820719746
Fartcoin,8,0.25,0.05031233501486134
Fartcoin,8,0.5,0.040500172830240704
Fartcoin,8,0.75,0.039071568919691956
Fartcoin,8,0.9,0.03519649292811694
Fartcoin,9,0.1,0.13683318380389628
Fartcoin,9,0.25,0.11446757611362655
Fartcoin,9,0.5,0.07719156329651038
Fartcoin,9,0.75,0.045604421465287946
Fartcoin,9,0.9,0.030490065819526208
Fartcoin,10,0.1,0.037707567900279085
Fartcoin,10,0.25,0.051967951048578605
Fartcoin,10,0.5,0.07573525629574447
Fartcoin,10,0.75,0.06187109695887603
Fartcoin,10,0.9,0.01606016886507466
Fartcoin,11,0.1,0.044667022116160436
Fartcoin,11,0.25,0.05112386795111079
Fartcoin,11,0.5,0.06188527767602805
Fartcoin,11,0.75,0.06088856903729901
Fartcoin,11,0.9,0.026664305284934145
Fartcoin,12,0.1,0.24954724049187726
Fartcoin,12,0.25,0.20795603374323104
Fartcoin,12,0.5,0.13863735582882072
Fartcoin,12,0.75,0.07116709808879944
Fartcoin,12,0.9,0.029812161866915005
Fartcoin,13,0.1,0.15945208397455082
Fartcoin,13,0.25,0.13318248032926763
Fartcoin,13,0.5,0.089399807587129
Fartcoin,13,0.75,0.05360091524847338
Fartcoin,13,0.9,0.03091841728425102
Fartcoin,14,0.1,0.12209612373197155
Fartcoin,14,0.25,0.10174676977664297
Fartcoin,14,0.5,0.06783117985109531
Fartcoin,14,0.75,0.04730375507036597
Fartcoin,14,0.9,0.02748041736847373
Fartcoin,15,0.1,0.10438713487726191
Fartcoin,15,0.25,0.08885783986437157
Fartcoin,15,0.5,0.06297568150955433
Fartcoin,15,0.75,0.03739746281458505
Fartcoin,15,0.9,0.019302057421461374
Fartcoin,16,0.1,0.07345071689504604
Fartcoin,16,0.25,0.08600308885222722
Fartcoin,16,0.5,0.10692370878086256
Fartcoin,16,0.75,0.1263522721304793
Fartcoin,16,0.9,0.13733047680555616
Fartcoin,17,0.1,0.02845015455608586
Fartcoin,17,0.25,0.05298818212842735
Fartcoin,17,0.5,0.09388489474899649
Fartcoin,17,0.75,0.11144303517051696
Fartcoin,17,0.9,0.11994320303441453
Fartcoin,18,0.1,0.24198119824601938
Fartcoin,18,0.25,0.20165099853834947
Fartcoin,18,0.5,0.13443399902556633
Fartcoin,18,0.75,0.06721699951278316
Fartcoin,18,0.9,0.04951154832622181
Fartcoin,19,0.1,0.17204631539387857
Fartcoin,19,0.25,0.14337192949489877
Fartcoin,19,0.5,0.09558128632993251
Fartcoin,19,0.75,0.04779064316496626
Fartcoin,19,0.9,0.038653401418780195
Fartcoin,20,0.1,0.1397941290422052
Fartcoin,20,0.25,0.11669207434309516
Fartcoin,20,0.5,0.0781886498445784
Fartcoin,20,0.75,0.03968522534606167
Fartcoin,20,0.9,0.03842549884758064
Fartcoin,21,0.1,0.03457974247500945
Fartcoin,21,0.25,0.03419513858008806
Fartcoin,21,0.5,0.03355413208855241
Fartcoin,21,0.75,0.018625915065869452
Fartcoin,21,0.9,0.009601267707807967
Fartcoin,22,0.1,0.15893997323308914
Fartcoin,22,0.25,0.13244997769424097
Fartcoin,22,0.5,0.08829998512949398
Fartcoin,22,0.75,0.05068237548268869
Fartcoin,22,0.9,0.022145515387960026
Fartcoin,23,0.1,0.08737231378367749
Fartcoin,23,0.25,0.07281026148639791
Fartcoin,23,0.5,0.04854017432426527
Fartcoin,23,0.75,0.032735028747634766
Fartcoin,23,0.9,0.01588522801979509
Fartcoin,24,0.1,0.10307256940964177
Fartcoin,24,0.25,0.08589380784136813
Fartcoin,24,0.5,0.05726253856091209
Fartcoin,24,0.75,0.028631269280456045
Fartcoin,24,0.9,0.01543114658689089
Fartcoin,25,0.1,0.03713252730060587
Fartcoin,25,0.25,0.030943772750504892
Fartcoin,25,0.5,0.02062918183366993
Fartcoin,25,0.75,0.010421613173694963
Fartcoin,25,0.9,0.012475140626020259
Fartcoin,26,0.1,0.02612732126906409
Fartcoin,26,0.25,0.03231580753787736
Fartcoin,26,0.5,0.03216314748028134
Fartcoin,26,0.75,0.02944022466557629
Fartcoin,26,0.9,0.01895486967681082
Fartcoin,27,0.1,0.05682852413469502
Fartcoin,27,0.25,0.053287408877047915
Fartcoin,27,0.5,0.04579500813803148
Fartcoin,27,0.75,0.04043368610618776
Fartcoin,27,0.9,0.027435646160854796
Fartcoin,28,0.1,0.05390012724128695
Fartcoin,28,0.25,0.044916772701072444
Fartcoin,28,0.5,0.0299445151340483
Fartcoin,28,0.75,0.01497225756702415
Fartcoin,28,0.9,0.010882208667191333
Fartcoin,29,0.1,0.042581015555161916
Fartcoin,29,0.25,0.035484179629301595
Fartcoin,29,0.5,0.02365611975286773
Fartcoin,29,0.75,0.011918306712490655
Fartcoin,29,0.9,0.0071908418916302895
Fartcoin,30,0.1,0.03527446310259224
Fartcoin,30,0.25,0.032105558572398926
Fartcoin,30,0.5,0.02682405102207673
Fartcoin,30,0.75,0.018939652932581152
Fartcoin,30,0.9,0.014342025413689584
Fartcoin,31,0.1,0.021471650600530218
Fartcoin,31,0.25,0.02553253966809767
Fartcoin,31,0.5,0.03230068811404343
Fartcoin,31,0.75,0.018720820634314284
Fartcoin,31,0.9,0.009577152383796477
Fartcoin,32,0.1,0.06269782918282242
Fartcoin,32,0.25,0.05255562983628564
Fartcoin,32,0.5,0.03565196425872431
Fartcoin,32,0.75,0.01874829868116298
Fartcoin,32,0.9,0.009909861184589525
Fartcoin,33,0.1,0.1352395057631397
Fartcoin,33,0.25,0.11269958813594975
Fartcoin,33,0.5,0.07513305875729984
Fartcoin,33,0.75,0.03756652937864992
Fartcoin,33,0.9,0.015026611751459964
Fartcoin,34,0.1,0.0627869724434613
Fartcoin,34,0.25,0.05564582985569233
Fartcoin,34,0.5,0.04374392554274406
Fartcoin,34,0.75,0.031842021229795785
Fartcoin,34,0.9,0.0089785117864747
GIGA,0,0.1,0.11539844245233204
GIGA,0,0.25,0.0971620133327737
GIGA,0,0.5,0.06668433355188606
GIGA,0,0.75,0.03317265089585981
GIGA,0,0.9,0.01777654888971719
GIGA,1,0.1,0.03603269348912451
GIGA,1,0.25,0.03926038305806761
GIGA,1,0.5,0.04463986567297279
GIGA,1,0.75,0.047458403583843116
GIGA,1,0.9,0.0283070979275299
GIGA,2,0.1,0.12284742077936045
GIGA,2,0.25,0.10237285064946704
GIGA,2,0.5,0.0682485670996447
GIGA,2,0.75,0.03412428354982235
GIGA,2,0.9,0.01770972469575816
GIGA,3,0.1,0.010073526150266182
GIGA,3,0.25,0.009907543649488796
GIGA,3,0.5,0.009630906148193149
GIGA,3,0.75,0.012601221058733536
GIGA,3,0.9,0.008937018648651627
GIGA,4,0.1,0.03236423643689773
GIGA,4,0.25,0.033693400076525236
GIGA,4,0.5,0.03590867280923775
GIGA,4,0.75,0.02196280258755735
GIGA,4,0.9,0.007934003934615621
GIGA,5,0.1,0.08010386068169208
GIGA,5,0.25,0.06681513243542266
GIGA,5,0.5,0.04466725202497365
GIGA,5,0.75,0.02654454824562547
GIGA,5,0.9,0.011817154587351377
GIGA,6,0.1,0.22087576546460966
GIGA,6,0.25,0.18476574842499693
GIGA,6,0.5,0.12317716561666463
GIGA,6,0.75,0.06337034915516203
GIGA,6,0.9,0.029048751987490514
GIGA,7,0.1,0.04475628745262015
GIGA,7,0.25,0.05653736003076345
GIGA,7,0.5,0.07617248099433561
GIGA,7,0.75,0.07061510455117868
GIGA,7,0.9,0.053708301241755435
GIGA,8,0.1,0.028051834988000054
GIGA,8,0.25,0.02864475426160058
GIGA,8,0.5,0.029632953050934788
GIGA,8,0.75,0.017501717509490894
GIGA,8,0.9,0.007447090735297192
GIGA,9,0.1,0.11178436607537649
GIGA,9,0.25,0.09315363839614706
GIGA,9,0.5,0.06210242559743138
GIGA,9,0.75,0.03988949831222908
GIGA,9,0.9,0.017178740925896385
GIGA,10,0.1,0.07055918092206705
GIGA,10,0.25,0.05888566667185833
GIGA,10,0.5,0.03942980958817714
GIGA,10,0.75,0.02662804009321761
GIGA,10,0.9,0.011373769009260367
GIGA,11,0.1,0.05234810661625459
GIGA,11,0.25,0.05652053564899484
GIGA,11,0.5,0.06347458403689525
GIGA,11,0.75,0.07121652301451825
GIGA,11,0.9,0.06594984036932303
GIGA,12,0.1,0.07826464933959945
GIGA,12,0.25,0.07717781160961686
GIGA,12,0.5,0.07536641539297921
GIGA,12,0.75,0.07574451549001952
GIGA,12,0.9,0.05088156168436419
GIGA,13,0.1,0.1305763448733517
GIGA,13,0.25,0.10881362072779309
GIGA,13,0.5,0.07254241381852873
GIGA,13,0.75,0.037758457913341294
GIGA,13,0.9,0.03528691042969494
GIGA,14,0.1,0.06221066068697581
GIGA,14,0.25,0.05326050655985228
GIGA,14,0.5,0.03834358301464638
GIGA,14,0.75,0.02342665946944049
GIGA,14,0.9,0.019436325560166914
GIGA,15,0.1,0.1148039815151893
GIGA,15,0.25,0.09566998459599108
GIGA,15,0.5,0.06377998973066072
GIGA,15,0.75,0.03233618447635142
GIGA,15,0.9,0.024113102534178185
GIGA,16,0.1,0.06428530721314886
GIGA,16,0.25,0.05862798735249961
GIGA,16,0.5,0.04919912091808424
GIGA,16,0.75,0.03176213445186179
GIGA,16,0.9,0.025379146889495413
GIGA,17,0.1,0.01584552279963873
GIGA,17,0.25,0.024270576312072887
GIGA,17,0.5,0.038312332166129816
GIGA,17,0.75,0.053570375056841764
GIGA,17,0.9,0.030109586288162904
GIGA,18,0.1,0.10644185443588454
GIGA,18,0.25,0.08870154536323711
GIGA,18,0.5,0.05913436357549142
GIGA,18,0.75,0.03552126878421263
GIGA,18,0.9,0.019201204451796048
GIGA,19,0.1,0.10028227018442869
GIGA,19,0.25,0.08356855848702388
GIGA,19,0.5,0.055712372324682596
GIGA,19,0.75,0.029249019474604846
GIGA,19,0.9,0.02429581971586318
GIGA,20,0.1,0.051459279116366385
GIGA,20,0.25,0.042882732596971986
GIGA,20,0.5,0.02858848839798132
GIGA,20,0.75,0.014453252099601513
GIGA,20,0.9,0.016891851448039067
GIGA,21,0.1,0.011076213733262778
GIGA,21,0.25,0.027690534333156946
GIGA,21,0.5,0.05538106866631389
GIGA,21,0.75,0.07183507845566282
GIGA,21,0.9,0.035992234904470274
GIGA,22,0.1,0.10974079157609552
GIGA,22,0.25,0.09145065964674627
GIGA,22,0.5,0.06096710643116418
GIGA,22,0.75,0.03048355321558209
GIGA,22,0.9,0.0140696062394668
GIGA,23,0.1,0.118045470634749
GIGA,23,0.25,0.0983712255289575
GIGA,23,0.5,0.065580817019305
GIGA,23,0.75,0.033424994723189855
GIGA,23,0.9,0.01867087538354011
GIGA,24,0.1,0.07141453794926192
GIGA,24,0.25,0.059512114957718264
GIGA,24,0.5,0.039674743305145505
GIGA,24,0.75,0.019837371652572752
GIGA,24,0.9,0.008137152496266004
GOAT,0,0.1,0.01744510992021323
GOAT,0,0.25,0.014742947895095561
GOAT,0,0.5,0.011386591588851953
GOAT,0,0.75,0.008394934252401247
GOAT,0,0.9,0.007658825823914655
GOAT,1,0.1,0.020954222922047478
GOAT,1,0.25,0.019993140991584477
GOAT,1,0.5,0.024367108418564792
GOAT,1,0.75,0.01622211822188832
GOAT,1,0.9,0.015506044939800791
GOAT,2,0.1,0.08417652227684085
GOAT,2,0.25,0.07067216758906493
GOAT,2,0.5,0.048164909776105075
GOAT,2,0.75,0.028293261450010748
GOAT,2,0.9,0.014569191554087466
GOAT,3,0.1,0.02462215502435196
GOAT,3,0.25,0.027435438365347134
GOAT,3,0.5,0.03240603050415903
GOAT,3,0.75,0.03027363578689259
GOAT,3,0.9,0.021503862748519034
GOAT,4,0.1,0.05225491355292674
GOAT,4,0.25,0.0436960626424559
GOAT,4,0.5,0.029431311125004498
GOAT,4,0.75,0.01598351749415212
GOAT,4,0.9,0.011403683189646227
GOAT,5,0.1,0.08521140350415128
GOAT,5,0.25,0.07100950292012606
GOAT,5,0.5,0.047339668613417374
GOAT,5,0.75,0.023669834306708687
GOAT,5,0.9,0.010883240640849163
GOAT,6,0.1,0.04513671812402132
GOAT,6,0.25,0.03761393177001777
GOAT,6,0.5,0.02507595451334518
GOAT,6,0.75,0.012977037958395976
GOAT,6,0.9,0.00544857639039353
GOAT,7,0.1,0.02484705892459857
GOAT,7,0.25,0.020956946327239007
GOAT,7,0.5,0.014473425331639742
GOAT,7,0.75,0.007989904336040477
GOAT,7,0.9,0.004424576499987966
GOAT,8,0.1,0.007132434659631061
GOAT,8,0.25,0.006912441064470473
GOAT,8,0.5,0.006545785072536164
GOAT,8,0.75,0.0064384007773584375
GOAT,8,0.9,0.004795976945251225
GOAT,9,0.1,0.03505188356375509
GOAT,9,0.25,0.029434386990209074
GOAT,9,0.5,0.019742798895605575
GOAT,9,0.75,0.012431597201283914
GOAT,9,0.9,0.006361238442660778
GOAT,10,0.1,0.026385758570729848
GOAT,10,0.25,0.024385114070145323
GOAT,10,0.5,0.021628373579677368
GOAT,10,0.75,0.016557495782168755
GOAT,10,0.9,0.014009843030429866
GOAT,11,0.1,0.009155257690981166
GOAT,11,0.25,0.018446653236931367
GOAT,11,0.5,0.03267410180043165
GOAT,11,0.75,0.046168139663142205
GOAT,11,0.9,0.049576957071901295
GOAT,12,0.1,0.06535013721528064
GOAT,12,0.25,0.05452536450414477
GOAT,12,0.5,0.036484076652251646
GOAT,12,0.75,0.018611984211963955
GOAT,12,0.9,0.01136242429469479
GOAT,13,0.1,0.04906632683423057
GOAT,13,0.25,0.04148225639649664
GOAT,13,0.5,0.028842139000273447
GOAT,13,0.75,0.016465552215057473
GOAT,13,0.9,0.01233895339753023
GOAT,14,0.1,0.0435307489125018
GOAT,14,0.25,0.0362756240937515
GOAT,14,0.5,0.02418374939583433
GOAT,14,0.75,0.01254960947252205
GOAT,14,0.9,0.012051235150235443
GOAT,15,0.1,0.05384942887965896
GOAT,15,0.25,0.11651170498378487
GOAT,15,0.5,0.22094883182399463
GOAT,15,0.75,0.3154743819005605
GOAT,15,0.9,0.337912709303432
GOAT,16,0.1,0.057744360950941764
GOAT,16,0.25,0.10451485055432368
GOAT,16,0.5,0.18246566655996022
GOAT,16,0.75,0.26041648256559674
GOAT,16,0.9,0.2024564087594355
GOAT,17,0.1,0.07091589526927697
GOAT,17,0.25,0.15948590352652614
GOAT,17,0.5,0.3071025839552748
GOAT,17,0.75,0.37635567916802787
GOAT,17,0.9,0.4003240513245285
GOAT,18,0.1,0.5698456966216708
GOAT,18,0.25,0.47487141385139225
GOAT,18,0.5,0.3165809425675949
GOAT,18,0.75,0.15829047128379745
GOAT,18,0.9,0.10183111265767579
GOAT,19,0.1,0.8000674529383992
GOAT,19,0.25,0.6667228774486661
GOAT,19,0.5,0.4444819182991107
GOAT,19,0.75,0.22224095914955536
GOAT,19,0.9,0.12758770786715015
GOAT,20,0.1,0.4768788019946328
GOAT,20,0.25,0.397399001662194
GOAT,20,0.5,0.264932667774796
GOAT,20,0.75,0.132466333887398
GOAT,20,0.9,0.0714974561419605
GOAT,21,0.1,0.30139611245101916
GOAT,21,0.25,0.251163427042516
GOAT,21,0.5,0.16744228469501066
GOAT,21,0.75,0.08658994293834073
GOAT,21,0.9,0.07534541876163452
GOAT,22,0.1,0.08731312913794292
GOAT,22,0.25,0.07276094094828577
GOAT,22,0.5,0.048507293965523855
GOAT,22,0.75,0.024253646982761928
GOAT,22,0.9,0.009901870440511247
GOAT,23,0.1,0.047096696494055255
GOAT,23,0.25,0.040476118362185544
GOAT,23,0.5,0.029441821475736013
GOAT,23,0.75,0.0184075245892865
GOAT,23,0.9,0.01178694645741678
GOAT,24,0.1,0.11522621750749214
GOAT,24,0.25,0.096187001829334
GOAT,24,0.5,0.0644549756990704
GOAT,24,0.75,0.0327229495688068
GOAT,24,0.9,0.01368373389064865
LAUNCHCOIN,0,0.1,0.122026518957231
LAUNCHCOIN,0,0.25,0.19793263182820853
LAUNCHCOIN,0,0.5,0.30019795764952767
LAUNCHCOIN,0,0.75,0.29567859862416335
LAUNCHCOIN,0,0.9,0.15998810609267705
LAUNCHCOIN,1,0.1,0.2379135849094227
LAUNCHCOIN,1,0.25,0.35591036339718024
LAUNCHCOIN,1,0.5,0.5525716608767762
LAUNCHCOIN,1,0.75,0.6113567519043756
LAUNCHCOIN,1,0.9,0.2095537001293253
LAUNCHCOIN,2,0.1,0.5868040457004794
LAUNCHCOIN,2,0.25,0.49891237689167117
LAUNCHCOIN,2,0.5,0.3524262622103241
LAUNCHCOIN,2,0.75,0.20594014752897713
LAUNCHCOIN,2,0.9,0.11946215170676959
LAUNCHCOIN,3,0.1,0.8126825438441178
LAUNCHCOIN,3,0.25,0.6772354532034314
LAUNCHCOIN,3,0.5,0.4514903021356209
LAUNCHCOIN,3,0.75,0.22574515106781046
LAUNCHCOIN,3,0.9,0.09994291487593115
LAUNCHCOIN,4,0.1,0.232653260187172
LAUNCHCOIN,4,0.25,0.23516001297614977
LAUNCHCOIN,4,0.5,0.2393379342911128
LAUNCHCOIN,4,0.75,0.20155593065534028
LAUNCHCOIN,4,0.9,0.06593769623933791
LAUNCHCOIN,5,0.1,0.19879656297328638
LAUNCHCOIN,5,0.25,0.1829473391230173
LAUNCHCOIN,5,0.5,0.15653196603923555
LAUNCHCOIN,5,0.75,0.19532920124710287
LAUNCHCOIN,5,0.9,0.0931025352921555
LAUNCHCOIN,6,0.1,0.5469744313940551
LAUNCHCOIN,6,0.25,0.5933241643697501
LAUNCHCOIN,6,0.5,0.6705737193292415
LAUNCHCOIN,6,0.75,0.574375855960506
LAUNCHCOIN,6,0.9,0.5910807394188806
LAUNCHCOIN,7,0.1,0.6121883461649106
LAUNCHCOIN,7,0.25,1.1932616490960923
LAUNCHCOIN,7,0.5,2.1617171539813955
LAUNCHCOIN,7,0.75,2.8473443903236437
LAUNCHCOIN,7,0.9,3.3266725580926733
LAUNCHCOIN,8,0.1,2.3402784556069425
LAUNCHCOIN,8,0.25,1.9502320463391187
LAUNCHCOIN,8,0.5,1.3001546975594125
LAUNCHCOIN,8,0.75,0.6500773487797062
LAUNCHCOIN,8,0.9,0.5376081056936969
LAUNCHCOIN,9,0.1,2.0175198844016453
LAUNCHCOIN,9,0.25,1.6812665703347047
LAUNCHCOIN,9,0.5,1.1208443802231363
LAUNCHCOIN,9,0.75,0.5604221901115681
LAUNCHCOIN,9,0.9,0.5450470446338435
LAUNCHCOIN,10,0.1,0.9950751297261466
LAUNCHCOIN,10,0.25,0.8589019083968151
LAUNCHCOIN,10,0.5,0.6319465395145959
LAUNCHCOIN,10,0.75,0.4049911706323766
LAUNCHCOIN,10,0.9,0.4017634852451706
LAUNCHCOIN,11,0.1,1.217977255745237
LAUNCHCOIN,11,0.25,3.044943139363093
LAUNCHCOIN,11,0.5,6.089886278726186
LAUNCHCOIN,11,0.75,9.13482941808928
LAUNCHCOIN,11,0.9,9.872541066439808
LAUNCHCOIN,12,0.1,3.251545183110873
LAUNCHCOIN,12,0.25,2.942240926883695
LAUNCHCOIN,12,0.5,2.4267338331717316
LAUNCHCOIN,12,0.75,1.9112267394597688
LAUNCHCOIN,12,0.9,1.1800190490250817
LAUNCHCOIN,13,0.1,5.905995098454788
LAUNCHCOIN,13,0.25,4.9216625820456565
LAUNCHCOIN,13,0.5,3.2811083880304373
LAUNCHCOIN,13,0.75,1.6405541940152186
LAUNCHCOIN,13,0.9,0.7753491326938918
LAUNCHCOIN,14,0.1,5.883874510554591
LAUNCHCOIN,14,0.25,4.903228758795492
LAUNCHCOIN,14,0.5,3.268819172530328
LAUNCHCOIN,14,0.75,1.634409586265164
LAUNCHCOIN,14,0.9,0.7262028696327375
LAUNCHCOIN,15,0.1,5.445561152536738
LAUNCHCOIN,15,0.25,4.537967627113949
LAUNCHCOIN,15,0.5,3.025311751409299
LAUNCHCOIN,15,0.75,1.5126558757046495
LAUNCHCOIN,15,0.9,0.6050623502818598
LAUNCHCOIN,16,0.1,0.274579170612415
LAUNCHCOIN,16,0.25,0.22881597551034583
LAUNCHCOIN,16,0.5,0.15254398367356384
LAUNCHCOIN,16,0.75,0.19269051266776463
LAUNCHCOIN,16,0.9,0.22462344290024353
LAUNCHCOIN,17,0.1,0.03311952758096315
LAUNCHCOIN,17,0.25,0.08279881895240786
LAUNCHCOIN,17,0.5,0.16559763790481571
LAUNCHCOIN,17,0.75,0.24839645685722356
LAUNCHCOIN,17,0.9,0.29807574822866834
MEW,0,0.1,0.010934660575035093
MEW,0,0.25,0.010857383710736397
MEW,0,0.5,0.010728588936905236
MEW,0,0.75,0.010854568756051508
MEW,0,0.9,0.003416604933735173
MEW,1,0.1,0.011003523358322755
MEW,1,0.25,0.02677013608292078
MEW,1,0.5,0.05279094309246918
MEW,1,0.75,0.07489631204829568
MEW,1,0.9,0.058975591926984795
MEW,2,0.1,0.03233940961380641
MEW,2,0.25,0.04355635978727341
MEW,2,0.5,0.06225127674305176
MEW,2,0.75,0.06888218219527466
MEW,2,0.9,0.059832932578845414
MEW,3,0.1,0.06373491795395635
MEW,3,0.25,0.05497463393274978
MEW,3,0.5,0.04037416056407214
MEW,3,0.75,0.024323150395454116
MEW,3,0.9,0.014038957461606397
MEW,4,0.1,0.03011508307093713
MEW,4,0.25,0.026756231623229123
MEW,4,0.5,0.021158145877049114
MEW,4,0.75,0.01556491814526566
MEW,4,0.9,0.009772857911641506
MEW,5,0.1,0.18756078557782674
MEW,5,0.25,0.15630065464818896
MEW,5,0.5,0.10420043643212595
MEW,5,0.75,0.05328044743447313
MEW,5,0.9,0.02596109527089202
MEW,6,0.1,0.16093517087122042
MEW,6,0.25,0.13411264239268367
MEW,6,0.5,0.08940842826178912
MEW,6,0.75,0.053159349478574584
MEW,6,0.9,0.02719233237741113
MEW,7,0.1,0.018135859460251768
MEW,7,0.25,0.025938986307709286
MEW,7,0.5,0.03894419772013848
MEW,7,0.75,0.0494838499311453
MEW,7,0.9,0.03679595415854491
MEW,8,0.1,0.0989981210431109
MEW,8,0.25,0.08275534306988004
MEW,8,0.5,0.055684046447828615
MEW,8,0.75,0.029870373043965236
MEW,8,0.9,0.01488520509238514
MEW,9,0.1,0.045921362862638725
MEW,9,0.25,0.03840569119979052
MEW,9,0.5,0.025879571761710195
MEW,9,0.75,0.013574373931811393
MEW,9,0.9,0.011104970192811073
MEW,10,0.1,0.051964692928768375
MEW,10,0.25,0.04330391077397364
MEW,10,0.5,0.028869273849315768
MEW,10,0.75,0.015499341927054508
MEW,10,0.9,0.008821036042557752
MEW,11,0.1,0.02061297668758713
MEW,11,0.25,0.019757419395962966
MEW,11,0.5,0.018331490576589362
MEW,11,0.75,0.017959712064646915
MEW,11,0.9,0.015210862885187611
MEW,12,0.1,0.04985379068923018
MEW,12,0.25,0.04191398622742193
MEW,12,0.5,0.028680978791074844
MEW,12,0.75,0.017757275583198905
MEW,12,0.9,0.007348750434347369
MEW,13,0.1,0.06420057100509896
MEW,13,0.25,0.05350047583758246
MEW,13,0.5,0.03566698389172165
MEW,13,0.75,0.021371741752048465
MEW,13,0.9,0.0092595819070361
MEW,14,0.1,0.032120455326605825
MEW,14,0.25,0.027294792702667815
MEW,14,0.5,0.019252021662771148
MEW,14,0.75,0.012968465573052314
MEW,14,0.9,0.006855864434019097
MEW,15,0.1,0.027671022776283857
MEW,15,0.25,0.024484091670131655
MEW,15,0.5,0.019172539826544648
MEW,15,0.75,0.01677931597317313
MEW,15,0.9,0.00772651317190793
MEW,16,0.1,0.01658745961406083
MEW,16,0.25,0.031340332503130806
MEW,16,0.5,0.055928453984914105
MEW,16,0.75,0.0805165754666974
MEW,16,0.9,0.08784650516427296
MEW,17,0.1,0.01771634502051293
MEW,17,0.25,0.023230854648218086
MEW,17,0.5,0.03242170402772668
MEW,17,0.75,0.04161255340723528
MEW,17,0.9,0.014965076577587928
MEW,18,0.1,0.08728653364107174
MEW,18,0.25,0.07273877803422645
MEW,18,0.5,0.04849251868948429
MEW,18,0.75,0.02621199364321331
MEW,18,0.9,0.023193031712400215
MEW,19,0.1,0.10712407946260899
MEW,19,0.25,0.0892700662188408
MEW,19,0.5,0.0595133774792272
MEW,19,0.75,0.035065302339202374
MEW,19,0.9,0.021842593271641248
MEW,20,0.1,0.05480877899646525
MEW,20,0.25,0.04567398249705438
MEW,20,0.5,0.030449321664702916
MEW,20,0.75,0.015504594920418247
MEW,20,0.9,0.016529810521503978
MEW,21,0.1,0.013375052431590395
MEW,21,0.25,0.025447525483358133
MEW,21,0.5,0.04556831390297103
MEW,21,0.75,0.04718440413769642
MEW,21,0.9,0.04519559634535952
MEW,22,0.1,0.1238089415830253
MEW,22,0.25,0.1031741179858544
MEW,22,0.5,0.06878274532390294
MEW,22,0.75,0.03439137266195147
MEW,22,0.9,0.015119978785028972
MEW,23,0.1,0.09479554007233693
MEW,23,0.25,0.08372161824795399
MEW,23,0.5,0.05581441216530266
MEW,23,0.75,0.03207875380641836
MEW,23,0.9,0.016066796769839607
MEW,24,0.1,0.0691089949966699
MEW,24,0.25,0.05805743280429653
MEW,24,0.5,0.039638162483674265
MEW,24,0.75,0.02212610168912502
MEW,24,0.9,0.014261641081899276
MLG,0,0.1,0.05012141940500229
MLG,0,0.25,0.04334840150497201
MLG,0,0.5,0.03206003833825487
MLG,0,0.75,0.02077167517153772
MLG,0,0.9,0.0207379208072823
MLG,1,0.1,0.0695166071529791
MLG,1,0.25,0.05793050596081591
MLG,1,0.5,0.03983874747858352
MLG,1,0.75,0.0463138729922176
MLG,1,0.9,0.03817932268622822
MLG,2,0.1,0.07713674569318228
MLG,2,0.25,0.06498397458707393
MLG,2,0.5,0.04472935607689333
MLG,2,0.75,0.024474737566712753
MLG,2,0.9,0.013117204152853482
MLG,3,0.1,0.017568213678230183
MLG,3,0.25,0.015667368991073478
MLG,3,0.5,0.012499294512478961
MLG,3,0.75,0.010464516636624614
MLG,3,0.9,0.009391926957711981
MLG,4,0.1,0.02275107638399464
MLG,4,0.25,0.022698189204664918
MLG,4,0.5,0.030769413404393615
MLG,4,0.75,0.0413334418517446
MLG,4,0.9,0.03532404531282807
MLG,5,0.1,0.12718150569300618
MLG,5,0.25,0.10598458807750515
MLG,5,0.5,0.0706563920516701
MLG,5,0.75,0.03532819602583505
MLG,5,0.9,0.014131278410334019
MLG,6,0.1,0.058637056936688386
MLG,6,0.25,0.05480300569795493
MLG,6,0.5,0.04185158129033157
MLG,6,0.75,0.02090655555955591
MLG,6,0.9,0.015699521064096573
MLG,7,0.1,0.014250524955767207
MLG,7,0.25,0.02639828190423463
MLG,7,0.5,0.034337259432371266
MLG,7,0.75,0.0296229889459184
MLG,7,0.9,0.01965322396144978
MLG,8,0.1,0.041097490608068964
MLG,8,0.25,0.03748509965572375
MLG,8,0.5,0.03146444806848172
MLG,8,0.75,0.02497398471212958
MLG,8,0.9,0.020004034285315903
MLG,9,0.1,0.12297538175393374
MLG,9,0.25,0.11123200479682172
MLG,9,0.5,0.09165970986830164
MLG,9,0.75,0.07208741493978159
MLG,9,0.9,0.0318021680244816
MLG,10,0.1,0.08874605496869103
MLG,10,0.25,0.07395504580724252
MLG,10,0.5,0.04930336387149501
MLG,10,0.75,0.024651681935747505
MLG,10,0.9,0.009860672774299
MLG,11,0.1,0.02865577879614283
MLG,11,0.25,0.03219760361291062
MLG,11,0.5,0.03810064497419027
MLG,11,0.75,0.038196681700402794
MLG,11,0.9,0.010956090187264315
MLG,12,0.1,0.10174262780489934
MLG,12,0.25,0.09974885100669739
MLG,12,0.5,0.09642588967636084
MLG,12,0.75,0.07864885025771685
MLG,12,0.9,0.046264726499629615
MLG,13,0.1,0.08883315165468965
MLG,13,0.25,0.08579233397322018
MLG,13,0.5,0.08072430450410441
MLG,13,0.75,0.07638651554901259
MLG,13,0.9,0.0656622928156073
MLG,14,0.1,0.22401327523800948
MLG,14,0.25,0.18667772936500793
MLG,14,0.5,0.12445181957667194
MLG,14,0.75,0.06269977076594194
MLG,14,0.9,0.02860200282137815
MLG,15,0.1,0.1084373077604629
MLG,15,0.25,0.0903644231337191
MLG,15,0.5,0.06024294875581273
MLG,15,0.75,0.030121474377906365
MLG,15,0.9,0.012048589751162542
MLG,16,0.1,0.09408360389965442
MLG,16,0.25,0.08929136482719557
MLG,16,0.5,0.0813042997064308
MLG,16,0.75,0.07108463083695332
MLG,16,0.9,0.043870564425676294
MLG,17,0.1,0.04712284398784039
MLG,17,0.25,0.11780710996960098
MLG,17,0.5,0.23561421993920195
MLG,17,0.75,0.324939180921549
MLG,17,0.9,0.283343801102236
MLG,18,0.1,0.21613062726012947
MLG,18,0.25,0.22761515642231775
MLG,18,0.5,0.24675603835929827
MLG,18,0.75,0.25049190249187586
MLG,18,0.9,0.15801316214569386
MLG,19,0.1,0.534954041089329
MLG,19,0.25,0.4457950342411074
MLG,19,0.5,0.29719668949407163
MLG,19,0.75,0.15603146533765902
MLG,19,0.9,0.10134645244800455
MLG,20,0.1,0.3554161405545851
MLG,20,0.25,0.29618011712882086
MLG,20,0.5,0.19745341141921394
MLG,20,0.75,0.10127322052829546
MLG,20,0.9,0.0740609436819167
MLG,21,0.1,0.3421647171023661
MLG,21,0.25,0.2851372642519718
MLG,21,0.5,0.19009150950131457
MLG,21,0.75,0.09968122308188676
MLG,21,0.9,0.07083031113714343
MLG,22,0.1,0.30866440980085336
MLG,22,0.25,0.25722034150071116
MLG,22,0.5,0.17148022766714074
MLG,22,0.75,0.08574011383357037
MLG,22,0.9,0.06854932726597723
MLG,23,0.1,0.1488606506459231
MLG,23,0.25,0.12405054220493589
MLG,23,0.5,0.08270036146995727
MLG,23,0.75,0.041350180734978634
MLG,23,0.9,0.020671496348463065
MLG,24,0.1,0.12441662922454054
MLG,24,0.25,0.10729316824334188
MLG,24,0.5,0.07875406660801085
MLG,24,0.75,0.0502149649726798
MLG,24,0.9,0.03789465772633968
MOODENG,0,0.1,0.02913912476125688
MOODENG,0,0.25,0.02641437253498365
MOODENG,0,0.5,0.021873118824528286
MOODENG,0,0.75,0.013535621537192496
MOODENG,0,0.9,0.007690262184096718
MOODENG,1,0.1,0.008230764235361286
MOODENG,1,0.25,0.018272522978841438
MOODENG,1,0.5,0.03460863074021688
MOODENG,1,0.75,0.03772367874445379
MOODENG,1,0.9,0.02762857618579395
MOODENG,2,0.1,0.048151029695061486
MOODENG,2,0.25,0.041707875348077274
MOODENG,2,0.5,0.028270330328393812
MOODENG,2,0.75,0.01842206276142087
MOODENG,2,0.9,0.010509627595325408
MOODENG,3,0.1,0.0698921815576498
MOODENG,3,0.25,0.06561187476225011
MOODENG,3,0.5,0.05620037251274359
MOODENG,3,0.75,0.04011875724093499
MOODENG,3,0.9,0.024742792951297294
MOODENG,4,0.1,0.07607086447177895
MOODENG,4,0.25,0.06339238705981577
MOODENG,4,0.5,0.042261591373210526
MOODENG,4,0.75,0.021130795686605263
MOODENG,4,0.9,0.01101547682145558
MOODENG,5,0.1,0.10367304044490018
MOODENG,5,0.25,0.08639420037075017
MOODENG,5,0.5,0.05759613358050011
MOODENG,5,0.75,0.029631707744916552
MOODENG,5,0.9,0.014578967681420238
MOODENG,6,0.1,0.04760042847901908
MOODENG,6,0.25,0.0396670237325159
MOODENG,6,0.5,0.026444682488343935
MOODENG,6,0.75,0.01402724292242614
MOODENG,6,0.9,0.009746045553920136
MOODENG,7,0.1,0.013486825201423983
MOODENG,7,0.25,0.015776143871427954
MOODENG,7,0.5,0.019591674988101247
MOODENG,7,0.75,0.023711471048713673
MOODENG,7,0.9,0.017714285297457357
MOODENG,8,0.1,0.014660105399242904
MOODENG,8,0.25,0.01572529305024566
MOODENG,8,0.5,0.017500605801916914
MOODENG,8,0.75,0.008519999504273889
MOODENG,8,0.9,0.0064654078485591295
MOODENG,9,0.1,0.04473847446341601
MOODENG,9,0.25,0.037897478703209954
MOODENG,9,0.5,0.026495819102866552
MOODENG,9,0.75,0.01580154279549635
MOODENG,9,0.9,0.00819701374381148
MOODENG,10,0.1,0.03729476929907022
MOODENG,10,0.25,0.031078974415891844
MOODENG,10,0.5,0.02071931627726123
MOODENG,10,0.75,0.010965743927653234
MOODENG,10,0.9,0.005628277098078379
MOODENG,11,0.1,0.009196897115770887
MOODENG,11,0.25,0.014408832052925724
MOODENG,11,0.5,0.023095390281517126
MOODENG,11,0.75,0.02437259784523262
MOODENG,11,0.9,0.025560706281920906
MOODENG,12,0.1,0.03769617856382684
MOODENG,12,0.25,0.03455796541897774
MOODENG,12,0.5,0.029327610177562566
MOODENG,12,0.75,0.022972391125109504
MOODENG,12,0.9,0.015308830820279493
MOODENG,13,0.1,0.09437317283766093
MOODENG,13,0.25,0.07864431069805077
MOODENG,13,0.5,0.05242954046536718
MOODENG,13,0.75,0.02649009452474163
MOODENG,13,0.9,0.017009867584507513
MOODENG,14,0.1,0.08625123569910137
MOODENG,14,0.25,0.07187602974925114
MOODENG,14,0.5,0.04791735316616743
MOODENG,14,0.75,0.023958676583083715
MOODENG,14,0.9,0.013406235539564574
MOODENG,15,0.1,0.05080910876066333
MOODENG,15,0.25,0.04304337458774243
MOODENG,15,0.5,0.030100484299540934
MOODENG,15,0.75,0.017715946878948972
MOODENG,15,0.9,0.010072750138759705
MOODENG,16,0.1,0.041445690741334786
MOODENG,16,0.25,0.0372308342552511
MOODENG,16,0.5,0.030206073445111628
MOODENG,16,0.75,0.022135764562165785
MOODENG,16,0.9,0.016184079132887857
MOODENG,17,0.1,0.015441302149004773
MOODENG,17,0.25,0.029140021538864774
MOODENG,17,0.5,0.05197122052196477
MOODENG,17,0.75,0.07165374048480856
MOODENG,17,0.9,0.07547380787278825
MOODENG,18,0.1,0.06311318675381104
MOODENG,18,0.25,0.05700839160319979
MOODENG,18,0.5,0.04683373301884771
MOODENG,18,0.75,0.02891121484259453
MOODENG,18,0.9,0.015111109440376835
MOODENG,19,0.1,0.06902709145842757
MOODENG,19,0.25,0.05769633244694611
MOODENG,19,0.5,0.03881173409447701
MOODENG,19,0.75,0.022265575527372492
MOODENG,19,0.9,0.012052461524437126
MOODENG,20,0.1,0.015649913400723272
MOODENG,20,0.25,0.016547928256040928
MOODENG,20,0.5,0.018044619681570354
MOODENG,20,0.75,0.01856347281215689
MOODENG,20,0.9,0.010404592579096634
MOODENG,21,0.1,0.017335254797575927
MOODENG,21,0.25,0.04333813699393981
MOODENG,21,0.5,0.08667627398787962
MOODENG,21,0.75,0.12302734145629339
MOODENG,21,0.9,0.13099642197931663
MOODENG,22,0.1,0.016817939758130323
MOODENG,22,0.25,0.015460666989462059
MOODENG,22,0.5,0.013198545708348289
MOODENG,22,0.75,0.010936424427234519
MOODENG,22,0.9,0.012957745113944909
MOODENG,23,0.1,0.17025094261582652
MOODENG,23,0.25,0.14187578551318877
MOODENG,23,0.5,0.0945838570087925
MOODENG,23,0.75,0.04741211695402767
MOODENG,23,0.9,0.028071591279954376
MOODENG,24,0.1,0.154210428932273
MOODENG,24,0.25,0.12850869077689417
MOODENG,24,0.5,0.08567246051792944
MOODENG,24,0.75,0.042906380417080094
MOODENG,24,0.9,0.025761368992996626
PONKE,0,0.1,0.03130087061382616
PONKE,0,0.25,0.026404108303926605
PONKE,0,0.5,0.018242837787427347
PONKE,0,0.75,0.012621790507919445
PONKE,0,0.9,0.011016849389076294
PONKE,1,0.1,0.016595900705191458
PONKE,1,0.25,0.0170908534690865
PONKE,1,0.5,0.017915774742244903
PONKE,1,0.75,0.015033278836867016
PONKE,1,0.9,0.008130983609437118
PONKE,2,0.1,0.03280444412630077
PONKE,2,0.25,0.02762747760548818
PONKE,2,0.5,0.018999200070800526
PONKE,2,0.75,0.012894893519669201
PONKE,2,0.9,0.007924354688786746
PONKE,3,0.1,0.05805573563214874
PONKE,3,0.25,0.04838557873405349
PONKE,3,0.5,0.0322686505705614
PONKE,3,0.75,0.016183864501605024
PONKE,3,0.9,0.006494422346788351
PONKE,4,0.1,0.004724335829562808
PONKE,4,0.25,0.00765129612255949
PONKE,4,0.5,0.012529563277553954
PONKE,4,0.75,0.013417166910506812
PONKE,4,0.9,0.014396959249459254
PONKE,5,0.1,0.04255547594740258
PONKE,5,0.25,0.03358312080734969
PONKE,5,0.5,0.025976864134390293
PONKE,5,0.75,0.017616491004265055
PONKE,5,0.9,0.008520464691543545
PONKE,6,0.1,0.04330888881011206
PONKE,6,0.25,0.03635671951345
PONKE,6,0.5,0.024769770685679888
PONKE,6,0.75,0.013182821857909787
PONKE,6,0.9,0.007830870714445515
PONKE,7,0.1,0.012674629393556382
PONKE,7,0.25,0.014244800573353393
PONKE,7,0.5,0.01686175253968174
PONKE,7,0.75,0.019478704506010094
PONKE,7,0.9,0.010455411752924698
PONKE,8,0.1,0.03320494135657211
PONKE,8,0.25,0.027990581542473695
PONKE,8,0.5,0.019299981852309682
PONKE,8,0.75,0.010609382162145665
PONKE,8,0.9,0.0055649566435178295
PONKE,9,0.1,0.07510826592355037
PONKE,9,0.25,0.06259022160295863
PONKE,9,0.5,0.04172681440197242
PONKE,9,0.75,0.02086340720098621
PONKE,9,0.9,0.00854050838656878
PONKE,10,0.1,0.016905334669688837
PONKE,10,0.25,0.014087778891407365
PONKE,10,0.5,0.009391852594271576
PONKE,10,0.75,0.005239234353543218
PONKE,10,0.9,0.005381973200878065
PONKE,11,0.1,0.016311768553806068
PONKE,11,0.25,0.023692581380587396
PONKE,11,0.5,0.035993936091889604
PONKE,11,0.75,0.048295290803191816
PONKE,11,0.9,0.03209527742035225
PONKE,12,0.1,0.009492474495141033
PONKE,12,0.25,0.023731186237852583
PONKE,12,0.5,0.047462372475705165
PONKE,12,0.75,0.07119355871355774
PONKE,12,0.9,0.052755315080012445
PONKE,13,0.1,0.09502691137754792
PONKE,13,0.25,0.07966364739091004
PONKE,13,0.5,0.05405820741318027
PONKE,13,0.75,0.03395863923437292
PONKE,13,0.9,0.016733142143888966
PONKE,14,0.1,0.11041459929874513
PONKE,14,0.25,0.09201216608228759
PONKE,14,0.5,0.061341444054858384
PONKE,14,0.75,0.030840882300869593
PONKE,14,0.9,0.013533694683972983
PONKE,15,0.1,0.12764587302706612
PONKE,15,0.25,0.10637156085588843
PONKE,15,0.5,0.07091437390392562
PONKE,15,0.75,0.04295113595424362
PONKE,15,0.9,0.020820405130775415
PONKE,16,0.1,0.022711021011070354
PONKE,16,0.25,0.04820087868553294
PONKE,16,0.5,0.09068397480963725
PONKE,16,0.75,0.1313245211227014
PONKE,16,0.9,0.1143673288120054
PONKE,17,0.1,0.031643696916516355
PONKE,17,0.25,0.05206858662119312
PONKE,17,0.5,0.08611006946232104
PONKE,17,0.75,0.11799634247438218
PONKE,17,0.9,0.06791941340675291
PONKE,18,0.1,0.10640816728717138
PONKE,18,0.25,0.08867347273930948
PONKE,18,0.5,0.05911564849287298
PONKE,18,0.75,0.02955782424643649
PONKE,18,0.9,0.03404703800311345
PONKE,19,0.1,0.25071609600144673
PONKE,19,0.25,0.20893008000120558
PONKE,19,0.5,0.13928672000080375
PONKE,19,0.75,0.06964336000040187
PONKE,19,0.9,0.04850359943263601
PONKE,20,0.1,0.17629011235919825
PONKE,20,0.25,0.14690842696599857
PONKE,20,0.5,0.09793895131066571
PONKE,20,0.75,0.048969475655332856
PONKE,20,0.9,0.03825534070958797
PONKE,21,0.1,0.07812490998030984
PONKE,21,0.25,0.0651040916502582
PONKE,21,0.5,0.04340272776683879
PONKE,21,0.75,0.022444815655603956
PONKE,21,0.9,0.014566024051291723
PONKE,22,0.1,0.08489611208103771
PONKE,22,0.25,0.07088857137170866
PONKE,22,0.5,0.04754267018949356
PONKE,22,0.75,0.024409812387046897
PONKE,22,0.9,0.011123616768104846
PONKE,23,0.1,0.044207487701188264
PONKE,23,0.25,0.03871484214387199
PONKE,23,0.5,0.029560432881678214
PONKE,23,0.75,0.02103400800093984
PONKE,23,0.9,0.016742765559577318
PONKE,24,0.1,0.08965696718902594
PONKE,24,0.25,0.07548375125223966
PONKE,24,0.5,0.05186172469092925
PONKE,24,0.75,0.03202424969123178
PONKE,24,0.9,0.0145575497089159
POPCAT,0,0.1,0.1776208101860867
POPCAT,0,0.25,0.1480173418217389
POPCAT,0,0.5,0.09867822788115928
POPCAT,0,0.75,0.04933911394057964
POPCAT,0,0.9,0.028639625870562374
POPCAT,1,0.1,0.049556047938629576
POPCAT,1,0.25,0.04129670661552465
POPCAT,1,0.5,0.0275311377436831
POPCAT,1,0.75,0.01376556887184155
POPCAT,1,0.9,0.01765719187246471
POPCAT,2,0.1,0.07392486845682167
POPCAT,2,0.25,0.062140494680313484
POPCAT,2,0.5,0.042499871719466516
POPCAT,2,0.75,0.025021896621053214
POPCAT,2,0.9,0.012931335997219765
POPCAT,3,0.1,0.03797299304329623
POPCAT,3,0.25,0.042979137773437065
POPCAT,3,0.5,0.05132271232367178
POPCAT,3,0.75,0.04648881426308047
POPCAT,3,0.9,0.045723326558691456
POPCAT,4,0.1,0.060089344339112984
POPCAT,4,0.25,0.05007445361592749
POPCAT,4,0.5,0.03338296907728499
POPCAT,4,0.75,0.018998613520166567
POPCAT,4,0.9,0.012800999246833372
POPCAT,5,0.1,0.07069268571765014
POPCAT,5,0.25,0.06301716126403806
POPCAT,5,0.5,0.05022462050801796
POPCAT,5,0.75,0.03743207975199784
POPCAT,5,0.9,0.03220201513400984
POPCAT,6,0.1,0.08984036511778015
POPCAT,6,0.25,0.07486697093148346
POPCAT,6,0.5,0.0499113139543223
POPCAT,6,0.75,0.025779127118952836
POPCAT,6,0.9,0.01830217515428352
POPCAT,7,0.1,0.052300268756964946
POPCAT,7,0.25,0.04946216948857248
POPCAT,7,0.5,0.044732004041251695
POPCAT,7,0.75,0.028656832082421358
POPCAT,7,0.9,0.0156921955369364
POPCAT,8,0.1,0.029378326707519397
POPCAT,8,0.25,0.035883679266427375
POPCAT,8,0.5,0.046725933531274
POPCAT,8,0.75,0.04165720470838264
POPCAT,8,0.9,0.015721478996048043
POPCAT,9,0.1,0.106093774682768
POPCAT,9,0.25,0.08841147890230668
POPCAT,9,0.5,0.05894098593487112
POPCAT,9,0.75,0.03324626989490638
POPCAT,9,0.9,0.022688754681198714
POPCAT,10,0.1,0.07142578890708219
POPCAT,10,0.25,0.05971175447481464
POPCAT,10,0.5,0.04018836375436871
POPCAT,10,0.75,0.021001680827529165
POPCAT,10,0.9,0.01428320195649599
POPCAT,11,0.1,0.012910908912577686
POPCAT,11,0.25,0.01192926583838922
POPCAT,11,0.5,0.010293194048075114
POPCAT,11,0.75,0.010631896420660843
POPCAT,11,0.9,0.005450827242842445
POPCAT,12,0.1,0.09607575322173872
POPCAT,12,0.25,0.08029987533129448
POPCAT,12,0.5,0.0540067455138874
POPCAT,12,0.75,0.033264990529213924
POPCAT,12,0.9,0.017517435418670183
POPCAT,13,0.1,0.08136475876066061
POPCAT,13,0.25,0.06907897922875657
POPCAT,13,0.5,0.04860268000891646
POPCAT,13,0.75,0.028126380789076377
POPCAT,13,0.9,0.012788845106697262
POPCAT,14,0.1,0.03766999780307926
POPCAT,14,0.25,0.03389743511833199
POPCAT,14,0.5,0.02760983064375321
POPCAT,14,0.75,0.021322226169174428
POPCAT,14,0.9,0.013293351231683735
POPCAT,15,0.1,0.05424543622814985
POPCAT,15,0.25,0.045204530190124874
POPCAT,15,0.5,0.03013635346008325
POPCAT,15,0.75,0.015068176730041625
POPCAT,15,0.9,0.007884491802889372
POPCAT,16,0.1,0.03316043575677413
POPCAT,16,0.25,0.031932103558010676
POPCAT,16,0.5,0.029884883226738258
POPCAT,16,0.75,0.014051479254322624
POPCAT,16,0.9,0.0077974680754926045
POPCAT,17,0.1,0.040926043623254034
POPCAT,17,0.25,0.10231510905813508
POPCAT,17,0.5,0.20463021811627016
POPCAT,17,0.75,0.2746210305737879
POPCAT,17,0.9,0.3278568327166562
POPCAT,18,0.1,0.1647800003149342
POPCAT,18,0.25,0.1401158608828236
POPCAT,18,0.5,0.09900896182930596
POPCAT,18,0.75,0.0579020627757883
POPCAT,18,0.9,0.056469252339871094
POPCAT,19,0.1,0.22763942401159296
POPCAT,19,0.25,0.18969952000966073
POPCAT,19,0.5,0.1264663466731072
POPCAT,19,0.75,0.0632331733365536
POPCAT,19,0.9,0.058137254876488936
POPCAT,20,0.1,0.20435146981506336
POPCAT,20,0.25,0.1702928915125528
POPCAT,20,0.5,0.11352859434170189
POPCAT,20,0.75,0.05676429717085094
POPCAT,20,0.9,0.05503908539161361
POPCAT,21,0.1,0.03410287553618757
POPCAT,21,0.25,0.03630975024936378
POPCAT,21,0.5,0.03998787477132415
POPCAT,21,0.75,0.04366599929328452
POPCAT,21,0.9,0.029241202471930364
POPCAT,22,0.1,0.15465919946889076
POPCAT,22,0.25,0.12888266622407563
POPCAT,22,0.5,0.08592177748271708
POPCAT,22,0.75,0.04296088874135854
POPCAT,22,0.9,0.022023640082931468
POPCAT,23,0.1,0.13653018238659895
POPCAT,23,0.25,0.11377515198883241
POPCAT,23,0.5,0.07585010132588828
POPCAT,23,0.75,0.03792505066294414
POPCAT,23,0.9,0.015170020265177655
POPCAT,24,0.1,0.07917908396844435
POPCAT,24,0.25,0.06598256997370362
POPCAT,24,0.5,0.04398837998246908
POPCAT,24,0.75,0.02199418999123454
POPCAT,24,0.9,0.008797675996493814
Pnut,0,0.1,0.0235383888527055
Pnut,0,0.25,0.01987558025299044
Pnut,0,0.5,0.013770899253465344
Pnut,0,0.75,0.007666218253940249
Pnut,0,0.9,0.007507427074068343
Pnut,1,0.1,0.022175474704995965
Pnut,1,0.25,0.04939711735220114
Pnut,1,0.5,0.09209943251904679
Pnut,1,0.75,0.126848330792315
Pnut,1,0.9,0.12125566238925795
Pnut,2,0.1,0.10030896512735586
Pnut,2,0.25,0.08800733731627584
Pnut,2,0.5,0.06750462429780918
Pnut,2,0.75,0.0395553844658685
Pnut,2,0.9,0.02002144892658367
Pnut,3,0.1,0.03483362907092686
Pnut,3,0.25,0.05394190950885646
Pnut,3,0.5,0.08578904357207244
Pnut,3,0.75,0.11739365448013422
Pnut,3,0.9,0.08424331319151694
Pnut,4,0.1,0.20201087742583376
Pnut,4,0.25,0.1689306622666782
Pnut,4,0.5,0.11379697033475228
Pnut,4,0.75,0.06648113401051217
Pnut,4,0.9,0.03339781241189275
Pnut,5,0.1,0.2394338265177083
Pnut,5,0.25,0.1995281887647569
Pnut,5,0.5,0.13301879250983797
Pnut,5,0.75,0.06668384613988322
Pnut,5,0.9,0.031015539812716934
Pnut,6,0.1,0.13478151781660896
Pnut,6,0.25,0.11231793151384079
Pnut,6,0.5,0.0748786210092272
Pnut,6,0.75,0.04153597210659505
Pnut,6,0.9,0.026450229290705115
Pnut,7,0.1,0.09091588274211332
Pnut,7,0.25,0.07576323561842777
Pnut,7,0.5,0.05050882374561852
Pnut,7,0.75,0.02525441187280926
Pnut,7,0.9,0.020625299044792267
Pnut,8,0.1,0.012079345863894211
Pnut,8,0.25,0.022596626910158863
Pnut,8,0.5,0.04012542865393329
Pnut,8,0.75,0.038875138359357256
Pnut,8,0.9,0.03959486646446773
Pnut,9,0.1,0.11447166696212147
Pnut,9,0.25,0.09539305580176786
Pnut,9,0.5,0.06359537053451192
Pnut,9,0.75,0.03179768526725596
Pnut,9,0.9,0.01648625797274317
Pnut,10,0.1,0.03435259996448285
Pnut,10,0.25,0.030185317302785997
Pnut,10,0.5,0.02323984619995791
Pnut,10,0.75,0.012569757289569071
Pnut,10,0.9,0.0052859369302036665
Pnut,11,0.1,0.03249763716081033
Pnut,11,0.25,0.03843899067477354
Pnut,11,0.5,0.04834124653137889
Pnut,11,0.75,0.04841094415761598
Pnut,11,0.9,0.041540292527335244
Pnut,12,0.1,0.14943851083636814
Pnut,12,0.25,0.1245320923636401
Pnut,12,0.5,0.0830213949090934
Pnut,12,0.75,0.0415106974545467
Pnut,12,0.9,0.020293670343416968
Pnut,13,0.1,0.055912524297825054
Pnut,13,0.25,0.04702503108744046
Pnut,13,0.5,0.03221254240346615
Pnut,13,0.75,0.017400053719491843
Pnut,13,0.9,0.009361640142044278
Pnut,14,0.1,0.09774460052501559
Pnut,14,0.25,0.0814538337708463
Pnut,14,0.5,0.054302555847230864
Pnut,14,0.75,0.027151277923615432
Pnut,14,0.9,0.011095739422592364
Pnut,15,0.1,0.03495128410295792
Pnut,15,0.25,0.02978373998052576
Pnut,15,0.5,0.021171166443138826
Pnut,15,0.75,0.0125585929057519
Pnut,15,0.9,0.00873729812905161
Pnut,16,0.1,0.028113175597400984
Pnut,16,0.25,0.025921070421514727
Pnut,16,0.5,0.022267561795037628
Pnut,16,0.75,0.01513921186543791
Pnut,16,0.9,0.006825850965510658
Pnut,17,0.1,0.017112289640884508
Pnut,17,0.25,0.016820168088067695
Pnut,17,0.5,0.01761663559288207
Pnut,17,0.75,0.02092847688287923
Pnut,17,0.9,0.011647060602864814
Pnut,18,0.1,0.04783849255408945
Pnut,18,0.25,0.04030996818275236
Pnut,18,0.5,0.027762427563857234
Pnut,18,0.75,0.014777926292416825
Pnut,18,0.9,0.009091779086092185
Pnut,19,0.1,0.020657929274768026
Pnut,19,0.25,0.018358769041712922
Pnut,19,0.5,0.01452683531995441
Pnut,19,0.75,0.010694901598195902
Pnut,19,0.9,0.006026646938877785
Pnut,20,0.1,0.008465899917978947
Pnut,20,0.25,0.007764177184640178
Pnut,20,0.5,0.007281220479452768
Pnut,20,0.75,0.018667494548711094
Pnut,20,0.9,0.012524275770410868
Pnut,21,0.1,0.009994035995685182
Pnut,21,0.25,0.020320421875809586
Pnut,21,0.5,0.030262983678394684
Pnut,21,0.75,0.022984714087247986
Pnut,21,0.9,0.013553447939794344
Pnut,22,0.1,0.017537910564736966
Pnut,22,0.25,0.015294113083308289
Pnut,22,0.5,0.011554450614260492
Pnut,22,0.75,0.014902625798802813
Pnut,22,0.9,0.009210377446766888
Pnut,23,0.1,0.09507698882068316
Pnut,23,0.25,0.07923082401723598
Pnut,23,0.5,0.052820549344823976
Pnut,23,0.75,0.029227257026847156
Pnut,23,0.9,0.018085720182600868
Pnut,24,0.1,0.037984578419959676
Pnut,24,0.25,0.03165381534996639
Pnut,24,0.5,0.02110254356664426
Pnut,24,0.75,0.01055127178332213
Pnut,24,0.9,0.0046540150075855755
RETARDIO,0,0.1,0.05695727804808607
RETARDIO,0,0.25,0.05181245328151505
RETARDIO,0,0.5,0.037752018032454364
RETARDIO,0,0.75,0.02212686675007695
RETARDIO,0,0.9,0.011225739141258191
RETARDIO,1,0.1,0.005326667353652323
RETARDIO,1,0.25,0.007885346672848894
RETARDIO,1,0.5,0.011988528073463657
RETARDIO,1,0.75,0.020966120537507224
RETARDIO,1,0.9,0.015821981257298792
RETARDIO,2,0.1,0.11271599171984127
RETARDIO,2,0.25,0.09402995952758934
RETARDIO,2,0.5,0.06288657254050278
RETARDIO,2,0.75,0.037700976253695014
RETARDIO,2,0.9,0.01839003561354426
RETARDIO,3,0.1,0.033280918507088426
RETARDIO,3,0.25,0.03534140261009708
RETARDIO,3,0.5,0.03877554278177816
RETARDIO,3,0.75,0.04756315319246233
RETARDIO,3,0.9,0.04384887083900308
RETARDIO,4,0.1,0.046792267963798706
RETARDIO,4,0.25,0.05251827977012675
RETARDIO,4,0.5,0.0620616327806735
RETARDIO,4,0.75,0.04892034043217078
RETARDIO,4,0.9,0.02559790540072027
RETARDIO,5,0.1,0.15252068395904209
RETARDIO,5,0.25,0.1271005699658684
RETARDIO,5,0.5,0.08473371331057894
RETARDIO,5,0.75,0.04236685665528947
RETARDIO,5,0.9,0.023800938258245002
RETARDIO,6,0.1,0.16137562418707782
RETARDIO,6,0.25,0.13447968682256484
RETARDIO,6,0.5,0.08965312454837655
RETARDIO,6,0.75,0.04482656227418828
RETARDIO,6,0.9,0.028687576681446798
RETARDIO,7,0.1,0.027865658123848197
RETARDIO,7,0.25,0.03163762700297196
RETARDIO,7,0.5,0.037924241801511556
RETARDIO,7,0.75,0.04187995739611927
RETARDIO,7,0.9,0.014326741054184243
RETARDIO,8,0.1,0.0048669831886570085
RETARDIO,8,0.25,0.012167457971642521
RETARDIO,8,0.5,0.024334915943285042
RETARDIO,8,0.75,0.029226827576224926
RETARDIO,8,0.9,0.013203075237320736
RETARDIO,9,0.1,0.12342743068511515
RETARDIO,9,0.25,0.10365680782342183
RETARDIO,9,0.5,0.07070576972059965
RETARDIO,9,0.75,0.03626491347343661
RETARDIO,9,0.9,0.018593420626615155
RETARDIO,10,0.1,0.07190876937848154
RETARDIO,10,0.25,0.06067319282470748
RETARDIO,10,0.5,0.04194723190175074
RETARDIO,10,0.75,0.023221270978793996
RETARDIO,10,0.9,0.0131398281420018
RETARDIO,11,0.1,0.0773312108813105
RETARDIO,11,0.25,0.0644426757344254
RETARDIO,11,0.5,0.04296178382295027
RETARDIO,11,0.75,0.022328486211012202
RETARDIO,11,0.9,0.009542136839873382
RETARDIO,12,0.1,0.07210386379018795
RETARDIO,12,0.25,0.06008655315848996
RETARDIO,12,0.5,0.04005770210565997
RETARDIO,12,0.75,0.020658677043698965
RETARDIO,12,0.9,0.008360022626702525
RETARDIO,13,0.1,0.07601282979801978
RETARDIO,13,0.25,0.06334402483168314
RETARDIO,13,0.5,0.04222934988778876
RETARDIO,13,0.75,0.02408573078007005
RETARDIO,13,0.9,0.01089686426145854
RETARDIO,14,0.1,0.0215107575281156
RETARDIO,14,0.25,0.025256907505581933
RETARDIO,14,0.5,0.031500490801359166
RETARDIO,14,0.75,0.02740994602475622
RETARDIO,14,0.9,0.0163965152754587
RETARDIO,15,0.1,0.04450709584619656
RETARDIO,15,0.25,0.04011468800833519
RETARDIO,15,0.5,0.03359118743886962
RETARDIO,15,0.75,0.024140192364337815
RETARDIO,15,0.9,0.012848421816145754
RETARDIO,16,0.1,0.07781882101442
RETARDIO,16,0.25,0.07167051423597516
RETARDIO,16,0.5,0.061423336271900435
RETARDIO,16,0.75,0.051614635261477776
RETARDIO,16,0.9,0.0436578551099406
RETARDIO,17,0.1,0.03021450829943251
RETARDIO,17,0.25,0.03589094077429752
RETARDIO,17,0.5,0.0453516615657392
RETARDIO,17,0.75,0.05172087211757027
RETARDIO,17,0.9,0.052396653506165757
RETARDIO,18,0.1,0.0766072248723806
RETARDIO,18,0.25,0.06657836420581707
RETARDIO,18,0.5,0.04986359642821119
RETARDIO,18,0.75,0.033644650452737214
RETARDIO,18,0.9,0.014493463788380909
RETARDIO,19,0.1,0.14680532618536646
RETARDIO,19,0.25,0.12233777182113874
RETARDIO,19,0.5,0.08155851454742583
RETARDIO,19,0.75,0.04077925727371291
RETARDIO,19,0.9,0.0224313997425831
RETARDIO,20,0.1,0.07221348179578087
RETARDIO,20,0.25,0.06017790149648405
RETARDIO,20,0.5,0.04011860099765604
RETARDIO,20,0.75,0.02005930049882802
RETARDIO,20,0.9,0.015289325715503533
RETARDIO,21,0.1,0.029776508175680533
RETARDIO,21,0.25,0.028242565241383463
RETARDIO,21,0.5,0.02568599368422168
RETARDIO,21,0.75,0.022618704492540706
RETARDIO,21,0.9,0.014281643356796195
RETARDIO,22,0.1,0.10462058156220218
RETARDIO,22,0.25,0.09216616150902927
RETARDIO,22,0.5,0.07140879475374104
RETARDIO,22,0.75,0.051596534561788414
RETARDIO,22,0.9,0.03175531062967734
RETARDIO,23,0.1,0.042125934322755416
RETARDIO,23,0.25,0.04516271170270439
RETARDIO,23,0.5,0.05022400733595267
RETARDIO,23,0.75,0.042826097329383854
RETARDIO,23,0.9,0.027279321619893233
RETARDIO,24,0.1,0.10947734741355565
RETARDIO,24,0.25,0.09123112284462971
RETARDIO,24,0.5,0.06082074856308647
RETARDIO,24,0.75,0.031020812334042885
RETARDIO,24,0.9,0.013026648892934851
RETARDIO,25,0.1,0.11855932350770199
RETARDIO,25,0.25,0.09879943625641831
RETARDIO,25,0.5,0.06586629083761221
RETARDIO,25,0.75,0.03937888724386975
RETARDIO,25,0.9,0.02052937326731472
RETARDIO,26,0.1,0.02595604503752061
RETARDIO,26,0.25,0.05782962162927761
RETARDIO,26,0.5,0.11095224928220593
RETARDIO,26,0.75,0.1608067707494796
RETARDIO,26,0.9,0.13801898441877633
RETARDIO,27,0.1,0.03171219017375131
RETARDIO,27,0.25,0.07928047543437829
RETARDIO,27,0.5,0.15856095086875657
RETARDIO,27,0.75,0.23784142630313487
RETARDIO,27,0.9,0.15451744073536844
RETARDIO,28,0.1,0.21176023274571185
RETARDIO,28,0.25,0.17697460980867455
RETARDIO,28,0.5,0.1189985715802791
RETARDIO,28,0.75,0.07093170621244414
RETARDIO,28,0.9,0.0402669897917697
RETARDIO,29,0.1,0.36027651116853554
RETARDIO,29,0.25,0.30023042597377964
RETARDIO,29,0.5,0.2001536173158531
RETARDIO,29,0.75,0.1106922370829529
RETARDIO,29,0.9,0.054623339507059866
RETARDIO,30,0.1,0.23689267350180943
RETARDIO,30,0.25,0.19741056125150783
RETARDIO,30,0.5,0.13160704083433858
RETARDIO,30,0.75,0.0708404870099221
RETARDIO,30,0.9,0.03746405231164752
RETARDIO,31,0.1,0.16857425330787545
RETARDIO,31,0.25,0.14047854442322955
RETARDIO,31,0.5,0.09365236294881969
RETARDIO,31,0.75,0.04712143338291386
RETARDIO,31,0.9,0.02641571163742995
RETARDIO,32,0.1,0.08070864441149228
RETARDIO,32,0.25,0.06725720367624356
RETARDIO,32,0.5,0.04483813578416238
RETARDIO,32,0.75,0.02241906789208119
RETARDIO,32,0.9,0.008967627156832473
RETARDIO,33,0.1,0.03409668981226777
RETARDIO,33,0.25,0.028894278924498678
RETARDIO,33,0.5,0.020223594111550194
RETARDIO,33,0.75,0.011552909298601708
RETARDIO,33,0.9,0.006350498410832613
RETARDIO,34,0.1,0.051300088553090706
RETARDIO,34,0.25,0.044451458303708745
RETARDIO,34,0.5,0.03303707455473881
RETARDIO,34,0.75,0.02162269080576888
RETARDIO,34,0.9,0.014774060556386914
Ray,0,0.1,0.06950419815019616
Ray,0,0.25,0.05792016512516346
Ray,0,0.5,0.03861344341677563
Ray,0,0.75,0.019306721708387816
Ray,0,0.9,0.014678278614365508
Ray,1,0.1,0.007896182303796793
Ray,1,0.25,0.008964312561858218
Ray,1,0.5,0.01074452965862726
Ray,1,0.75,0.006849646198078085
Ray,1,0.9,0.008822245773348501
Ray,2,0.1,0.050977933220256955
Ray,2,0.25,0.04313709504174575
Ray,2,0.5,0.03006903141089373
Ray,2,0.75,0.018929573366663992
Ray,2,0.9,0.008880948906368378
Ray,3,0.1,0.05049709151687015
Ray,3,0.25,0.042080909597391795
Ray,3,0.5,0.028053939731594525
Ray,3,0.75,0.014070804117302013
Ray,3,0.9,0.005855361588480705
Ray,4,0.1,0.0042952004033169865
Ray,4,0.25,0.005250560385864712
Ray,4,0.5,0.006842827023444256
Ray,4,0.75,0.003669273546262368
Ray,4,0.9,0.003940242856493105
Ray,5,0.1,0.04817832195012863
Ray,5,0.25,0.0398277763394413
Ray,5,0.5,0.028476176650160556
Ray,5,0.75,0.013938720910456365
Ray,5,0.9,0.008280511319850775
Ray,6,0.1,0.061863665160377834
Ray,6,0.25,0.054129459489513886
Ray,6,0.5,0.041239116704740626
Ray,6,0.75,0.030460761181352294
Ray,6,0.9,0.01494909774563946
Ray,7,0.1,0.010248955391556945
Ray,7,0.25,0.011509135006553073
Ray,7,0.5,0.013609434364879944
Ray,7,0.75,0.01573548376304536
Ray,7,0.9,0.009689814359316736
Ray,8,0.1,0.020489011448904637
Ray,8,0.25,0.020746105795930378
Ray,8,0.5,0.02117459637430662
Ray,8,0.75,0.02164297167245084
Ray,8,0.9,0.018155593182999
Ray,9,0.1,0.03726104159321726
Ray,9,0.25,0.03354471653641555
Ray,9,0.5,0.027350841441746057
Ray,9,0.75,0.022088451560464763
Ray,9,0.9,0.016362096156096777
Ray,10,0.1,0.10434385528786828
Ray,10,0.25,0.08695321273989022
Ray,10,0.5,0.05796880849326016
Ray,10,0.75,0.030040813229781457
Ray,10,0.9,0.014743858109139476
Ray,11,0.1,0.00799913778038183
Ray,11,0.25,0.014583455592309004
Ray,11,0.5,0.025557318612187633
Ray,11,0.75,0.02876936199061197
Ray,11,0.9,0.014750732692609394
Ray,12,0.1,0.04129533875833276
Ray,12,0.25,0.03693953510150594
Ray,12,0.5,0.029679862340127913
Ray,12,0.75,0.020653488597329437
Ray,12,0.9,0.010002979405584181
Ray,13,0.1,0.09404094549063317
Ray,13,0.25,0.07836745457552763
Ray,13,0.5,0.05224496971701842
Ray,13,0.75,0.029070772206939377
Ray,13,0.9,0.017824896926902294
Ray,14,0.1,0.04536447934043287
Ray,14,0.25,0.03785913682596056
Ray,14,0.5,0.025350232635173383
Ray,14,0.75,0.01566231026102475
Ray,14,0.9,0.012422199779788015
Ray,15,0.1,0.03985673927013122
Ray,15,0.25,0.042647648571473296
Ray,15,0.5,0.02843176571431553
Ray,15,0.75,0.02391278923366952
Ray,15,0.9,0.015462005864906382
Ray,16,0.1,0.024798783872414878
Ray,16,0.25,0.02918706274168321
Ray,16,0.5,0.036500860857130425
Ray,16,0.75,0.04530564325097904
Ray,16,0.9,0.048865529717616485
Ray,17,0.1,0.016680083312480876
Ray,17,0.25,0.018721752867402252
Ray,17,0.5,0.022124535458937885
Ray,17,0.75,0.025527318050473518
Ray,17,0.9,0.015156323623294304
Ray,18,0.1,0.02711169961610227
Ray,18,0.25,0.023558914055323937
Ray,18,0.5,0.01763760478736005
Ray,18,0.75,0.011716295519396165
Ray,18,0.9,0.010308330071974159
Ray,19,0.1,0.07818406882694877
Ray,19,0.25,0.06515339068912397
Ray,19,0.5,0.04343559379274931
Ray,19,0.75,0.022089304379736992
Ray,19,0.9,0.015359114219922051
Ray,20,0.1,0.03545769886016961
Ray,20,0.25,0.029548082383474675
Ray,20,0.5,0.019698721588983118
Ray,20,0.75,0.010044552824275967
Ray,20,0.9,0.010823598525552166
Ray,21,0.1,0.011039579430934662
Ray,21,0.25,0.009737876031499906
Ray,21,0.5,0.007568370365775315
Ray,21,0.75,0.005325687017932019
Ray,21,0.9,0.004637070207737191
Ray,22,0.1,0.032634761885200377
Ray,22,0.25,0.02882980296409836
Ray,22,0.5,0.022488204762261665
Ray,22,0.75,0.016047329635193067
Ray,22,0.9,0.011223006308102877
Ray,23,0.1,0.08580528578507314
Ray,23,0.25,0.0722656839307627
Ray,23,0.5,0.04969968084024529
Ray,23,0.75,0.02651087553307824
Ray,23,0.9,0.010950341762920894
Ray,24,0.1,0.07573795676180381
Ray,24,0.25,0.06466809570433968
Ray,24,0.5,0.04621832727523278
Ray,24,0.75,0.025406844730237004
Ray,24,0.9,0.013471181441749547
SIGMA,0,0.1,0.029433015466917234
SIGMA,0,0.25,0.027287251976045732
SIGMA,0,0.5,0.023710979491259887
SIGMA,0,0.75,0.01608617839089899
SIGMA,0,0.9,0.008542729820902928
SIGMA,1,0.1,0.019501788182837477
SIGMA,1,0.25,0.03193674019825443
SIGMA,1,0.5,0.05266166022394936
SIGMA,1,0.75,0.0690507303673293
SIGMA,1,0.9,0.023004442989521767
SIGMA,2,0.1,0.08800728216914733
SIGMA,2,0.25,0.0796840812003848
SIGMA,2,0.5,0.06581207958578056
SIGMA,2,0.75,0.053586902956533206
SIGMA,2,0.9,0.04197108396888235
SIGMA,3,0.1,0.1464568023689535
SIGMA,3,0.25,0.12207658377200749
SIGMA,3,0.5,0.08144288611043086
SIGMA,3,0.75,0.040809188448854214
SIGMA,3,0.9,0.031934485258622004
SIGMA,4,0.1,0.05866449202965726
SIGMA,4,0.25,0.051138675317914904
SIGMA,4,0.5,0.03859564746501098
SIGMA,4,0.75,0.026052619612107048
SIGMA,4,0.9,0.01802379011809181
SIGMA,5,0.1,0.12783218889685094
SIGMA,5,0.25,0.10652682408070913
SIGMA,5,0.5,0.07101788272047276
SIGMA,5,0.75,0.040328025384453486
SIGMA,5,0.9,0.028888679748049914
SIGMA,6,0.1,0.09087632975468307
SIGMA,6,0.25,0.07931195844908394
SIGMA,6,0.5,0.06003800627308542
SIGMA,6,0.75,0.04176379663810228
SIGMA,6,0.9,0.02947134668126288
SIGMA,7,0.1,0.03181426514853402
SIGMA,7,0.25,0.033529096044526634
SIGMA,7,0.5,0.03638714753784763
SIGMA,7,0.75,0.03724603524218043
SIGMA,7,0.9,0.013998061031110365
SIGMA,8,0.1,0.0938059430928394
SIGMA,8,0.25,0.08196595104486522
SIGMA,8,0.5,0.054643967363243486
SIGMA,8,0.75,0.0323886779028918
SIGMA,8,0.9,0.020360527073088608
SIGMA,9,0.1,0.07827653637352422
SIGMA,9,0.25,0.07155936030753422
SIGMA,9,0.5,0.06036406686421761
SIGMA,9,0.75,0.046717150375681436
SIGMA,9,0.9,0.02087701288117945
SIGMA,10,0.1,0.019279428350188896
SIGMA,10,0.25,0.048198570875472226
SIGMA,10,0.5,0.09639714175094445
SIGMA,10,0.75,0.11424851543982462
SIGMA,10,0.9,0.059961677845047585
SIGMA,11,0.1,0.039261418554014285
SIGMA,11,0.25,0.04484081737002079
SIGMA,11,0.5,0.05413981539669832
SIGMA,11,0.75,0.04992975534551036
SIGMA,11,0.9,0.022274238127505747
SIGMA,12,0.1,0.274629179939295
SIGMA,12,0.25,0.2288576499494125
SIGMA,12,0.5,0.1525717666329416
SIGMA,12,0.75,0.07796350333925911
SIGMA,12,0.9,0.034577595916440614
SIGMA,13,0.1,0.2070197545578658
SIGMA,13,0.25,0.17251646213155483
SIGMA,13,0.5,0.11501097475436989
SIGMA,13,0.75,0.06316060658755063
SIGMA,13,0.9,0.030531723810827582
SIGMA,14,0.1,0.1373505735117432
SIGMA,14,0.25,0.114458811259786
SIGMA,14,0.5,0.07630587417319068
SIGMA,14,0.75,0.051169163864776206
SIGMA,14,0.9,0.03336772150415183
SIGMA,15,0.1,0.03018906652241658
SIGMA,15,0.25,0.025971185746417946
SIGMA,15,0.5,0.018941384453086883
SIGMA,15,0.75,0.011911583159755821
SIGMA,15,0.9,0.011924376232291672
SIGMA,16,0.1,0.003548540155010474
SIGMA,16,0.25,0.00824389336476424
SIGMA,16,0.5,0.016069482047687184
SIGMA,16,0.75,0.02389507073061013
SIGMA,16,0.9,0.02103507009631241
SIGMA,17,0.1,0.015727085745973476
SIGMA,17,0.25,0.019564997084361442
SIGMA,17,0.5,0.02596151598167472
SIGMA,17,0.75,0.035037184754421996
SIGMA,17,0.9,0.031637815339337745
SIGMA,18,0.1,0.11658024121897131
SIGMA,18,0.25,0.09715020101580944
SIGMA,18,0.5,0.06476680067720629
SIGMA,18,0.75,0.03374985295254721
SIGMA,18,0.9,0.017854125174478958
SIGMA,19,0.1,0.07946595709664565
SIGMA,19,0.25,0.06622163091387137
SIGMA,19,0.5,0.044147753942580914
SIGMA,19,0.75,0.022073876971290457
SIGMA,19,0.9,0.012070825136614304
SIGMA,20,0.1,0.017732845746063763
SIGMA,20,0.25,0.015984784432145932
SIGMA,20,0.5,0.013071348908949544
SIGMA,20,0.75,0.012810042944894089
SIGMA,20,0.9,0.009537280200064805
SIGMA,21,0.1,0.04185724000322739
SIGMA,21,0.25,0.03512154230163663
SIGMA,21,0.5,0.02389537946565204
SIGMA,21,0.75,0.012923029656498894
SIGMA,21,0.9,0.007447109975795414
SIGMA,22,0.1,0.04090151785706271
SIGMA,22,0.25,0.03590451395316838
SIGMA,22,0.5,0.02757617411334448
SIGMA,22,0.75,0.019405316529736833
SIGMA,22,0.9,0.016620968498253796
SIGMA,23,0.1,0.032853618453789896
SIGMA,23,0.25,0.028070010851426627
SIGMA,23,0.5,0.020097331514154517
SIGMA,23,0.75,0.012124652176882402
SIGMA,23,0.9,0.004203073657666108
SIGMA,24,0.1,0.04461203785577
SIGMA,24,0.25,0.03737774727311989
SIGMA,24,0.5,0.025320596302036393
SIGMA,24,0.75,0.013538928414244112
SIGMA,24,0.9,0.006878357488351601
UFD,0,0.1,0.4600303655906382
UFD,0,0.25,0.38335863799219855
UFD,0,0.5,0.25557242532813235
UFD,0,0.75,0.12778621266406617
UFD,0,0.9,0.05371023154759044
UFD,1,0.1,0.16338779791721456
UFD,1,0.25,0.1415170213931941
UFD,1,0.5,0.10506572718649337
UFD,1,0.75,0.0686144329797926
UFD,1,0.9,0.018736840983989377
UFD,2,0.1,0.015589847855458935
UFD,2,0.25,0.0182192232811335
UFD,2,0.5,0.02260151565725779
UFD,2,0.75,0.030695481652137244
UFD,2,0.9,0.023285873492298395
UFD,3,0.1,0.04758654353222763
UFD,3,0.25,0.06335636875751242
UFD,3,0.5,0.08963941079965372
UFD,3,0.75,0.10532157952912219
UFD,3,0.9,0.059459825085202055
UFD,4,0.1,0.24791003512098575
UFD,4,0.25,0.2065916959341548
UFD,4,0.5,0.13772779728943654
UFD,4,0.75,0.06886389864471827
UFD,4,0.9,0.02778264395514746
UFD,5,0.1,0.11939572196440644
UFD,5,0.25,0.0994964349703387
UFD,5,0.5,0.06633095664689245
UFD,5,0.75,0.033165478323446226
UFD,5,0.9,0.013961042229046998
UFD,6,0.1,0.14477042118978653
UFD,6,0.25,0.12064201765815546
UFD,6,0.5,0.08042801177210364
UFD,6,0.75,0.04114760767591425
UFD,6,0.9,0.02126109238372623
UFD,7,0.1,0.174109538382338
UFD,7,0.25,0.14509128198528168
UFD,7,0.5,0.09672752132352112
UFD,7,0.75,0.05069867272413452
UFD,7,0.9,0.028938260303926835
UFD,8,0.1,0.03815591862429793
UFD,8,0.25,0.03219197984027363
UFD,8,0.5,0.02225208186689982
UFD,8,0.75,0.019568975142199452
UFD,8,0.9,0.009758616880333065
UFD,9,0.1,0.0471551071811926
UFD,9,0.25,0.044076262419844046
UFD,9,0.5,0.038944854484263124
UFD,9,0.75,0.03652669245561616
UFD,9,0.9,0.0313056656461582
UFD,10,0.1,0.02073145156630845
UFD,10,0.25,0.020903756359346007
UFD,10,0.5,0.0211909310144086
UFD,10,0.75,0.02147810566947121
UFD,10,0.9,0.02165041046250876
UFD,11,0.1,0.05614079482216949
UFD,11,0.25,0.08095399451356312
UFD,11,0.5,0.12203482974978418
UFD,11,0.75,0.1502752010953381
UFD,11,0.9,0.13266050619526834
UFD,12,0.1,0.06984438686024554
UFD,12,0.25,0.12827772127948386
UFD,12,0.5,0.2256666119782144
UFD,12,0.75,0.2874262593047618
UFD,12,0.9,0.2645597443702505
UFD,13,0.1,0.21389120469141862
UFD,13,0.25,0.17824267057618215
UFD,13,0.5,0.11882844705078811
UFD,13,0.75,0.06126657954116333
UFD,13,0.9,0.04974527350154164
UFD,14,0.1,0.37290400369970095
UFD,14,0.25,0.31075333641641745
UFD,14,0.5,0.2071688909442783
UFD,14,0.75,0.10358444547213914
UFD,14,0.9,0.0609226555651013
UFD,15,0.1,0.22999048717057677
UFD,15,0.25,0.19165873930881394
UFD,15,0.5,0.12777249287254264
UFD,15,0.75,0.06388624643627132
UFD,15,0.9,0.04445234786637925
UFD,16,0.1,0.16269608680400233
UFD,16,0.25,0.13558007233666858
UFD,16,0.5,0.0903867148911124
UFD,16,0.75,0.0451933574455562
UFD,16,0.9,0.0355589457142412
UFD,17,0.1,0.12135496418831797
UFD,17,0.25,0.1011291368235983
UFD,17,0.5,0.06741942454906552
UFD,17,0.75,0.03370971227453276
UFD,17,0.9,0.013483884909813103
UFD,18,0.1,0.030187453477054038
UFD,18,0.25,0.03839644259127133
UFD,18,0.5,0.02581503885251939
UFD,18,0.75,0.013233635113767447
UFD,18,0.9,0.005877457814805721
UFD,19,0.1,0.07359018493187705
UFD,19,0.25,0.06916164203593439
UFD,19,0.5,0.046107761357289605
UFD,19,0.75,0.023053880678644802
UFD,19,0.9,0.009443549829770309
ZEREBRO,0,0.1,0.012004470448329058
ZEREBRO,0,0.25,0.013253940238331955
ZEREBRO,0,0.5,0.01533638988833678
ZEREBRO,0,0.75,0.017418839538341606
ZEREBRO,0,0.9,0.00998052715358187
ZEREBRO,1,0.1,0.02235937711199902
ZEREBRO,1,0.25,0.01998745928817769
ZEREBRO,1,0.5,0.01603426291514214
ZEREBRO,1,0.75,0.018426542557989683
ZEREBRO,1,0.9,0.02290221491138052
ZEREBRO,2,0.1,0.06734516621420496
ZEREBRO,2,0.25,0.06292853488139345
ZEREBRO,2,0.5,0.05446658313132948
ZEREBRO,2,0.75,0.04371844689247386
ZEREBRO,2,0.9,0.04588009765213675
ZEREBRO,3,0.1,0.030316893462993325
ZEREBRO,3,0.25,0.046292985722600904
ZEREBRO,3,0.5,0.07291980615528021
ZEREBRO,3,0.75,0.0680295559284595
ZEREBRO,3,0.9,0.021809233116266636
ZEREBRO,4,0.1,0.04957804127433297
ZEREBRO,4,0.25,0.04584768227364946
ZEREBRO,4,0.5,0.03963041727251031
ZEREBRO,4,0.75,0.029952127284340917
ZEREBRO,4,0.9,0.03518474072561323
ZEREBRO,5,0.1,0.3213665455165257
ZEREBRO,5,0.25,0.26780545459710475
ZEREBRO,5,0.5,0.17853696973140318
ZEREBRO,5,0.75,0.08926848486570159
ZEREBRO,5,0.9,0.03570739394628062
ZEREBRO,6,0.1,0.16985613007532632
ZEREBRO,6,0.25,0.141546775062772
ZEREBRO,6,0.5,0.09436451670851465
ZEREBRO,6,0.75,0.04718225835425732
ZEREBRO,6,0.9,0.018872903341702923
ZEREBRO,7,0.1,0.04348202144301536
ZEREBRO,7,0.25,0.03783196303908889
ZEREBRO,7,0.5,0.028415199032544757
ZEREBRO,7,0.75,0.0197899483430657
ZEREBRO,7,0.9,0.016671124174274517
ZEREBRO,8,0.1,0.05943959527911757
ZEREBRO,8,0.25,0.04953299606593131
ZEREBRO,8,0.5,0.03302199737728753
ZEREBRO,8,0.75,0.018020134018776446
ZEREBRO,8,0.9,0.010416630434223818
ZEREBRO,9,0.1,0.041236380878889006
ZEREBRO,9,0.25,0.036739396029611675
ZEREBRO,9,0.5,0.029244421280816158
ZEREBRO,9,0.75,0.021749446532020628
ZEREBRO,9,0.9,0.014747376922940682
ZEREBRO,10,0.1,0.048801478990767054
ZEREBRO,10,0.25,0.04381654372481473
ZEREBRO,10,0.5,0.03550831828156085
ZEREBRO,10,0.75,0.025677489349252406
ZEREBRO,10,0.9,0.018435318731707725
ZEREBRO,11,0.1,0.18004765942073667
ZEREBRO,11,0.25,0.4501191485518416
ZEREBRO,11,0.5,0.9002382971036832
ZEREBRO,11,0.75,1.3320833685002738
ZEREBRO,11,0.9,1.5330804212187925
ZEREBRO,12,0.1,0.40683536863785164
ZEREBRO,12,0.25,0.37367102802149893
ZEREBRO,12,0.5,0.31839712699424455
ZEREBRO,12,0.75,0.2631232259669902
ZEREBRO,12,0.9,0.175560258719099
ZEREBRO,13,0.1,0.6726401346194271
ZEREBRO,13,0.25,0.5605334455161893
ZEREBRO,13,0.5,0.37368896367745946
ZEREBRO,13,0.75,0.18684448183872973
ZEREBRO,13,0.9,0.20422349490875769
ZEREBRO,14,0.1,0.7976046233452063
ZEREBRO,14,0.25,0.6646705194543386
ZEREBRO,14,0.5,0.44311367963622567
ZEREBRO,14,0.75,0.22155683981811283
ZEREBRO,14,0.9,0.2094080392996979
ZEREBRO,15,0.1,0.7576180378815963
ZEREBRO,15,0.25,0.6313483649013302
ZEREBRO,15,0.5,0.4208989099342202
ZEREBRO,15,0.75,0.2104494549671101
ZEREBRO,15,0.9,0.2068603435945109
ZEREBRO,16,0.1,0.08399281636182898
ZEREBRO,16,0.25,0.06999401363485748
ZEREBRO,16,0.5,0.04666267575657165
ZEREBRO,16,0.75,0.024663134561151708
ZEREBRO,16,0.9,0.030038743383945857
ZEREBRO,17,0.1,0.07894967899948087
ZEREBRO,17,0.25,0.07560774197184371
ZEREBRO,17,0.5,0.07003784692578179
ZEREBRO,17,0.75,0.0693166967878558
ZEREBRO,17,0.9,0.08392410448524408
ZEREBRO,18,0.1,0.016024370224995938
ZEREBRO,18,0.25,0.018378479918510274
ZEREBRO,18,0.5,0.022301996074367506
ZEREBRO,18,0.75,0.017523156180624316
ZEREBRO,18,0.9,0.08142195047545514
ZEREBRO,19,0.1,0.12878352147110364
ZEREBRO,19,0.25,0.10731960122591966
ZEREBRO,19,0.5,0.0715464008172798
ZEREBRO,19,0.75,0.0357732004086399
ZEREBRO,19,0.9,0.016688539921607685
ZEREBRO,20,0.1,0.04406245532993211
ZEREBRO,20,0.25,0.03872965644636659
ZEREBRO,20,0.5,0.029841658307090724
ZEREBRO,20,0.75,0.020953660167814855
ZEREBRO,20,0.9,0.009758037521403015
ZEREBRO,21,0.1,0.0684000485362155
ZEREBRO,21,0.25,0.058127766364819256
ZEREBRO,21,0.5,0.041007296079158866
ZEREBRO,21,0.75,0.023584255696995817
ZEREBRO,21,0.9,0.012638975544098742
ZEREBRO,22,0.1,0.04470231615436356
ZEREBRO,22,0.25,0.03822052407344285
ZEREBRO,22,0.5,0.02741753727190833
ZEREBRO,22,0.75,0.016614550470373808
ZEREBRO,22,0.9,0.010231608682564388
ZEREBRO,23,0.1,0.011656019679467354
ZEREBRO,23,0.25,0.015491757923087428
ZEREBRO,23,0.5,0.014569104498908164
ZEREBRO,23,0.75,0.013593919143241054
ZEREBRO,23,0.9,0.009486187595131416
ZEREBRO,24,0.1,0.07749822727039062
ZEREBRO,24,0.25,0.06562521888254037
ZEREBRO,24,0.5,0.04583687156945662
ZEREBRO,24,0.75,0.03173396373372239
ZEREBRO,24,0.9,0.014033332183514524
