tau,pinball
0.05,0.003789319205149922
0.25,0.017727628465201584
0.5,0.013985977055409972
0.75,0.01053812871078915
0.95,0.0022086735650405586
0.05,0.0038641536946568493
0.25,0.012664531443435706
0.5,0.03167840645333859
0.75,0.11590098877226228
0.95,0.01871814254039479
0.05,0.012988740127898852
0.25,0.13288732097888697
0.5,0.03353353796441486
0.75,0.11679420004232775
0.95,0.006180075243250043
0.05,1.0528490334794505
0.25,0.44311699656622316
0.5,0.5286771199396091
0.75,0.8168137231787079
0.95,1.7806112003395913
0.05,0.9653229012498703
0.25,0.4125135994609537
0.5,0.057658372160867506
0.75,0.25319851073709376
0.95,0.40297562133998577
0.05,0.23682646955408068
0.25,0.08413899938290974
0.5,0.3034349747988771
0.75,0.060899160888560094
0.95,0.18908460873079203
0.05,0.11858906015332248
0.25,0.05350548382610206
0.5,0.04222694151909906
0.75,0.04135899323877988
0.95,0.018614803401977763
0.05,0.06230297719934433
0.25,0.017673070097660937
0.5,0.019102293511385225
0.75,0.018551893225104737
0.95,0.016200518495671983
0.05,0.0040703788377020236
0.25,0.01290268604244614
0.5,0.028083435316949557
0.75,0.04460138640993271
0.95,0.07613185541613847
0.05,0.01040830048012892
0.25,0.014405393163497142
0.5,0.015207188369280178
0.75,0.008956505739020364
0.95,0.002500547466967557
0.05,0.0023345505406804695
0.25,0.009719880854450106
0.5,0.015897122489281827
0.75,0.020073856536088116
0.95,0.018242278882520422
0.05,0.0021924207157080033
0.25,0.01776721320417304
0.5,0.0184746841803374
0.75,0.013455894120714141
0.95,0.0033295374083938487
0.05,0.009338753462735131
0.25,0.021575468306496454
0.5,0.046539594334739365
0.75,0.03611137949130567
0.95,0.05556505800202033
0.05,0.005114358290913144
0.25,0.011003512633730186
0.5,0.030560706972838737
0.75,0.024985992749210467
0.95,0.01306998799878098
0.05,0.021230679231233618
0.25,0.032293931656637236
0.5,0.017871874948850182
0.75,0.03960507099346743
0.95,0.03544767976011381
0.05,0.002884144246517811
0.25,0.0339635453521319
0.5,0.024177410833300092
0.75,0.015716576285139502
0.95,0.006659833660915302
0.05,0.009382637993382183
0.25,0.009519490799256014
0.5,0.030206261577309865
0.75,0.02923807076136142
0.95,0.003168905420929756
0.05,0.008554344535982243
0.25,0.037924602588322774
0.5,0.032222327360677205
0.75,0.014735862981630744
0.95,0.011857455618606497
0.05,0.0092411124311148
0.25,0.03198831970952283
0.5,0.03346449597854329
0.75,0.034547106868860776
0.95,0.059868259656116085
0.05,0.009948748950727712
0.25,0.016245583370956586
0.5,0.022507840159858506
0.75,0.02572670542393345
0.95,0.002428970076195474
0.05,0.020458025379756824
0.25,0.01648431024523066
0.5,0.024421069411992975
0.75,0.032461683013892066
0.95,0.07911604945995417
0.05,0.0037903023282762657
0.25,0.020539290331111026
0.5,0.025829039084564426
0.75,0.10352295463199936
0.95,0.06715833131398347
0.05,0.1167494575093132
0.25,0.11050757071027055
0.5,0.07376260300910926
0.75,0.030698531432829013
0.95,0.008502484711313289
0.05,0.008135454017135385
0.25,0.05062297498337442
0.5,0.04779952295439845
0.75,0.027352078859811373
0.95,0.012168049209708041
0.05,0.04703536820764612
0.25,0.04251516154498933
0.5,0.052626269783225176
0.75,0.0375471714769106
0.95,0.010033845061399272
0.05,0.021368882676105903
0.25,0.017641816027168074
0.5,0.024040751135109128
0.75,0.015257546887189319
0.95,0.011249744308868158
0.05,0.007618035022473892
0.25,0.016237337977168427
0.5,0.01989571493761279
0.75,0.023381128299698045
0.95,0.009763201149001846
0.05,0.007883082915532974
0.25,0.021290976128447936
0.5,0.019734599324495814
0.75,0.01549026484247463
0.95,0.004328778951620593
0.05,0.004280965486092607
0.25,0.01974855454432347
0.5,0.03266494322189823
0.75,0.03459297452133086
0.95,0.010523005103763866
0.05,0.022540429136485383
0.25,0.024339460068499286
0.5,0.004972178825442313
0.75,0.01440714459140799
0.95,0.005484728793932902
0.05,0.005237451345995486
0.25,0.015756620493654862
0.5,0.026871012616887253
0.75,0.03500500241320875
0.95,0.022150298931710232
0.05,0.01626603061228096
0.25,0.024444956310312207
0.5,0.018766450116421345
0.75,0.01657608839366405
0.95,0.003217245242918641
0.05,0.006113147706058986
0.25,0.030242951402296603
0.5,0.03808210378084718
0.75,0.032399615828823426
0.95,0.02364783005658008
0.05,0.01694344991160252
0.25,0.05146095692898838
0.5,0.015367584075010743
0.75,0.027046371026874464
0.95,0.006300589564640808
0.05,0.005104330273818671
0.25,0.019213782821144366
0.5,0.035899108999904956
0.75,0.017367675245950207
0.95,0.004362572698309021
0.05,0.0038614135822573558
0.25,0.009468937359708204
0.5,0.020561642153038146
0.75,0.030065828272187317
0.95,0.007182764028117224
0.05,0.010163189944438962
0.25,0.035979767653850525
0.5,0.026200564203007305
0.75,0.02147170789154774
0.95,0.007132691733628555
0.05,0.024388100097635163
0.25,0.033404112736278045
0.5,0.050963319092448674
0.75,0.04003412175079304
0.95,0.027986258598400385
0.05,0.02944699182083069
0.25,0.035861094049960206
0.5,0.04353408691753528
0.75,0.024401413242542597
0.95,0.02012413976090643
0.05,0.02818439513834194
0.25,0.026482977041375106
0.5,0.03531152278101344
0.75,0.02661059174573349
0.95,0.01106641625810031
0.05,0.013726504916006662
0.25,0.025289160853796285
0.5,0.01338147710785522
0.75,0.009329010876214591
0.95,0.002978650672322875
0.05,0.035388734121653796
0.25,0.046874750697837385
0.5,0.02767730718952191
0.75,0.0690972357288239
0.95,0.07590843569352826
0.05,0.19935180028549593
0.25,0.09030677358207888
0.5,0.07254774849193057
0.75,0.025552125692833067
0.95,0.00981389682391339
0.05,0.07560596389049641
0.25,0.04693921120935046
0.5,0.053720860984480624
0.75,0.026300042123905274
0.95,0.009097480858485558
0.05,0.030375587892830652
0.25,0.02203326434902309
0.5,0.04076005015903132
0.75,0.04165387982705732
0.95,0.006072353444540886
0.05,0.007353596636024545
0.25,0.019851186861972715
0.5,0.022921398485274174
0.75,0.02443119835039802
0.95,0.005393766274893325
0.05,0.0036092264469424983
0.25,0.09499475970085126
0.5,0.04334541763013781
0.75,0.02409172386323104
0.95,0.004441521242656179
0.05,0.013634943790315261
0.25,0.02364408929453902
0.5,0.024288970687189836
0.75,0.017889969006948166
0.95,0.006204916204780097
0.05,0.037889601326179696
0.25,0.013064254297622828
0.5,0.018683763012244295
0.75,0.030164433934610047
0.95,0.015534556067732153
0.05,0.013713649956033575
0.25,0.013203111612625813
0.5,0.0270692905232032
0.75,0.025212960061134024
0.95,0.003916258892171772
0.05,0.013628543974702279
0.25,0.09840377522930079
0.5,0.06864763284976547
0.75,0.031399264536222105
0.95,0.04733035027076191
0.05,0.06984600334832616
0.25,0.0981983038747119
0.5,0.057243610823522785
0.75,0.054097585359895284
0.95,0.1006971397983117
0.05,0.022878295936716236
0.25,0.10117361762868382
0.5,0.15478704611351207
0.75,0.1762919520446229
0.95,0.12595757015605788
0.05,0.0285830277893761
0.25,2.7719724789444897
0.5,1.8063885291395092
0.75,3.366418624767802
0.95,12.708313271005514
0.05,0.04761169956012375
0.25,0.2462258785046668
0.5,1.1699431896949593
0.75,0.08566657149575817
0.95,0.02133389370491688
0.05,0.05155900996783699
0.25,0.3209215374834822
0.5,0.407185908437633
0.75,0.2657379305285628
0.95,3.119467662390594
0.05,0.022631323269533238
0.25,0.33929971464059183
0.5,0.0815270782633883
0.75,0.30912345449762285
0.95,0.8918027753657616
0.05,0.07865557658522977
0.25,0.17540439703840682
0.5,0.3836864549055186
0.75,0.13660974996882844
0.95,0.12386213473549763
0.05,0.4081287030538845
0.25,0.07878457796174988
0.5,0.13928038655641647
0.75,0.0847022611540341
0.95,0.2664638637697669
0.05,0.03896456430235811
0.25,0.021012559807645288
0.5,0.06693115121745184
0.75,0.04632897895209143
0.95,0.03148757200846255
0.05,0.01813591969619293
0.25,0.02541729907292668
0.5,0.031053399372372652
0.75,0.044956529638310115
0.95,0.05093484881863608
0.05,0.32328040368638183
0.25,0.15661025576734858
0.5,0.09852021628623196
0.75,0.03205670746827367
0.95,0.10503091465488952
0.05,0.1523230903732887
0.25,0.08843675473453062
0.5,0.06617818826826226
0.75,0.1397636198860784
0.95,0.016624469312900576
0.05,0.04204067711741522
0.25,0.05473329190852153
0.5,0.0996887523254889
0.75,0.06263315795211288
0.95,0.017405164361008148
0.05,0.16357427392357554
0.25,0.11216746549644012
0.5,0.041569427351974296
0.75,0.04224666929270598
0.95,0.014538981501215582
0.05,0.0716695157006441
0.25,0.10642116645388038
0.5,0.04914260890776656
0.75,0.03979177191215008
0.95,0.015832311705352504
0.05,0.02753282158432085
0.25,0.04201452657090585
0.5,0.016654528984557423
0.75,0.07752130843394922
0.95,0.118016359900537
0.05,0.09024178954032232
0.25,0.09976314056056655
0.5,0.07638553073491781
0.75,0.05250347459659065
0.95,0.017534310918108486
0.05,0.007293549134331323
0.25,0.025818728348515455
0.5,0.03865616354741182
0.75,0.05975170719911893
0.95,0.024518862717012178
0.05,0.020999563016704092
0.25,0.032878168576252524
0.5,0.04540053532719344
0.75,0.05981102763411214
0.95,0.08575969331049949
0.05,0.030615400075750504
0.25,0.02699330847736082
0.5,0.017253010106022332
0.75,0.0435122128062323
0.95,0.10943397399373443
0.05,0.08684162640458415
0.25,0.1254266800081876
0.5,0.07843545422700597
0.75,0.034012933801481814
0.95,0.038097807639678696
0.05,0.04794610638609378
0.25,0.09317173736869862
0.5,0.10937152766357498
0.75,0.03188557339266246
0.95,0.006245860001822625
0.05,0.12485740408120553
0.25,0.1496637105269732
0.5,0.11790889782239994
0.75,0.042948141568923875
0.95,0.005591258372275791
0.05,0.18840147757431733
0.25,0.0744332693018041
0.5,0.10323209841000598
0.75,0.04385853078491415
0.95,0.007527207692489105
0.05,0.04988520906992663
0.25,0.05447912313713369
0.5,0.05132676429763281
0.75,0.12070293767447553
0.95,0.06130336119994187
0.05,0.006951756646414879
0.25,0.04704182908806961
0.5,0.06519137345301948
0.75,0.07457606846993414
0.95,0.04323707277400838
0.05,0.0313417829826551
0.25,0.02727534788396349
0.5,0.057346453174787836
0.75,0.04226601624202789
0.95,0.1304807921718819
0.05,0.10831846200791141
0.25,0.09696929381757308
0.5,0.03367083898890045
0.75,0.044035705762530686
0.95,0.018449081667897795
0.05,0.016695805099403927
0.25,0.047222848111941274
0.5,0.06347402946103992
0.75,0.056384698298120706
0.95,0.07019414443396067
0.05,0.011214636836983954
0.25,0.050932881654528084
0.5,0.02337159896369113
0.75,0.09245921793235508
0.95,0.07518905570347327
0.05,0.020634623798481563
0.25,0.047186766088439254
0.5,0.05349955321746641
0.75,0.08759951600389275
0.95,0.0860950128718458
0.05,0.0070762242945983525
0.25,0.01618646094129531
0.5,0.04345648989983577
0.75,0.09725422379422693
0.95,0.09125856681911149
0.05,0.006424617408354948
0.25,0.02915599325046936
0.5,0.03142009884307328
0.75,0.0400865485765496
0.95,0.013213004312494484
0.05,0.05352402453866766
0.25,0.06353866869686602
0.5,0.055686093228757484
0.75,0.04549228126240588
0.95,0.026459447323442655
0.05,0.040881439256681015
0.25,0.029411783355921223
0.5,0.04078657201968564
0.75,0.04890021241573711
0.95,0.08115321577789515
0.05,0.05487597221182491
0.25,0.07219174208894269
0.5,0.033065545751747506
0.75,0.09942562994669686
0.95,0.0991070733897506
0.05,0.056118368025566016
0.25,0.05433866722196239
0.5,0.055994144386760626
0.75,0.04986957999546595
0.95,0.010021487060434568
0.05,0.009323516899169307
0.25,0.03896598310895632
0.5,0.07490768774631962
0.75,0.04209545646647003
0.95,0.008172836613479955
0.05,0.01231760231917202
0.25,0.0408976037937358
0.5,0.09123220525825988
0.75,0.0914108148795153
0.95,0.0289554657616585
0.05,0.0164192996603397
0.25,0.02276805362836819
0.5,0.05353394414170045
0.75,0.1297937579203412
0.95,0.005851264151696056
0.05,0.02909724156879506
0.25,0.07560978997684148
0.5,0.12013804597995971
0.75,0.21824113137500722
0.95,0.12201284271460944
0.05,0.025624300661643413
0.25,0.028154073927209047
0.5,0.043032083229298475
0.75,0.044295969589294076
0.95,0.013960357461048456
0.05,0.002076367641837702
0.25,0.053230813417081274
0.5,0.1956952391404039
0.75,0.08659536841433228
0.95,0.007654845489136614
0.05,0.012676164681081953
0.25,0.01969777638012124
0.5,0.10255628551422703
0.75,0.02501352450364792
0.95,0.007003498991742802
0.05,0.05198060928445611
0.25,0.03488415353817372
0.5,0.10318988693886831
0.75,0.03386179274693051
0.95,0.006047990844469369
0.05,0.06367819475849802
0.25,0.025935473263193464
0.5,0.029677857518243863
0.75,0.027969833167135943
0.95,0.02248204703231634
0.05,0.009259706911677858
0.25,0.03128393439858997
0.5,0.1233418843032545
0.75,0.06810139371672884
0.95,0.09612233153986059
0.05,0.05556765002260353
0.25,0.05031213659575942
0.5,0.07066692275869825
0.75,0.041517632153198585
0.95,0.031021769343298287
0.05,0.009319109047811183
0.25,0.029331692399663097
0.5,0.036655955897816096
0.75,0.03077741938257469
0.95,0.022487180447281194
0.05,0.006374744074042073
0.25,0.012993789071662834
0.5,0.012960172578823348
0.75,0.012414227483164633
0.95,0.0009645657420926207
0.05,0.015710039904965497
0.25,0.02281851204193479
0.5,0.045102242861590223
0.75,0.029929676640096534
0.95,0.015457796150923374
0.05,0.014731479847257983
0.25,0.014100604526940659
0.5,0.02493468249886434
0.75,0.025223163815600778
0.95,0.02082973887800576
0.05,0.03150604560609022
0.25,0.055267237547132135
0.5,0.0366160129182491
0.75,0.08894241120210422
0.95,0.026924207074420923
0.05,0.010215077971722095
0.25,0.06290814541571423
0.5,0.2358650393685099
0.75,0.2655827002451674
0.95,0.05670428679599551
0.05,0.06316530875922209
0.25,0.026874837084968406
0.5,0.1326954342751275
0.75,0.03210352033638807
0.95,0.17588747111921768
0.05,0.022710880361094244
0.25,0.015776694360192734
0.5,0.024190978051263506
0.75,0.031347897802652694
0.95,0.023957406138211318
0.05,0.01009773149615015
0.25,0.014591902559255172
0.5,0.016400312402471525
0.75,0.021155957269762406
0.95,0.003855095394159593
0.05,0.005682187687085713
0.25,0.012417186963853974
0.5,0.017351079548913743
0.75,0.004422421254568539
0.95,0.012709125315331873
0.05,0.0022699569639860746
0.25,0.0058885807287630335
0.5,0.010505907410849112
0.75,0.023872765278797923
0.95,0.015921877029976574
0.05,0.005371084866271016
0.25,0.012191748070634827
0.5,0.016837019884575574
0.75,0.015011995506747733
0.95,0.003042229075604584
0.05,0.007067614070688291
0.25,0.016793251323488145
0.5,0.013974974676414995
0.75,0.03407261591931282
0.95,0.011053297103436088
0.05,0.004149806349898439
0.25,0.012111402974044136
0.5,0.015014123267309318
0.75,0.028226026119460304
0.95,0.02711212441184768
0.05,0.005672984781564032
0.25,0.012371598463662023
0.5,0.014609620484613775
0.75,0.01782706340475362
0.95,0.09126337138377753
0.05,0.004810313274480569
0.25,0.017549959174215812
0.5,0.0092486226891933
0.75,0.024281993086112896
0.95,0.10268611962141372
0.05,0.005638122208263078
0.25,0.023866688875651163
0.5,0.04991541272661585
0.75,0.05802227193565259
0.95,0.10438997451019795
0.05,0.0071466753844386015
0.25,0.025749648013408705
0.5,0.04750318514372906
0.75,0.07327310233694756
0.95,0.027732265422803302
0.05,0.0036489933620271575
0.25,0.014248426198213317
0.5,0.02370698614226693
0.75,0.018040063276694208
0.95,0.006516775977832345
0.05,0.002695331975509526
0.25,0.013366733496011057
0.5,0.016903318713125514
0.75,0.011116211389421019
0.95,0.005852070686247429
0.05,0.005634839120524181
0.25,0.017770168229555093
0.5,0.020640934800017195
0.75,0.02502624586732327
0.95,0.020695442353827618
0.05,0.006525669167619863
0.25,0.007622023930226598
0.5,0.011464891337660682
0.75,0.009215197557718208
0.95,0.015552886821117247
0.05,0.021335167346562992
0.25,0.018334939135738165
0.5,0.020278304024284426
0.75,0.02114948522441701
0.95,0.026763836064519222
0.05,0.004098389762042677
0.25,0.016224733000589645
0.5,0.030939310870420195
0.75,0.034430506506769994
0.95,0.03242790078647888
0.05,0.0026084146047106447
0.25,0.007654604625963073
0.5,0.011295263448683951
0.75,0.017250678854160983
0.95,0.003450062086860039
0.05,0.010517867812024633
0.25,0.028231517108616835
0.5,0.011818502940358475
0.75,0.012524712460048564
0.95,0.0064413754433744535
0.05,0.011895620908774713
0.25,0.013283104658532413
0.5,0.01709706978991896
0.75,0.011912591364809788
0.95,0.005118171818711849
0.05,0.006342282137135349
0.25,0.01309261074843976
0.5,0.045813550754613235
0.75,0.1019204269542946
0.95,0.051437240508456473
0.05,0.03983228009346571
0.25,0.0509515742919596
0.5,0.04782215553312241
0.75,0.10765515147897037
0.95,0.051581078800313464
0.05,0.05706965088141611
0.25,0.034516704582689
0.5,0.06785503559442409
0.75,0.08733070574400685
0.95,0.03379399602285005
0.05,0.011656056300666838
0.25,0.014988357723824092
0.5,0.017486207868105307
0.75,0.01086038506879271
0.95,0.006117960575589467
0.05,0.03100332025460319
0.25,0.028688761672719238
0.5,0.03546777581373712
0.75,0.032280144872464334
0.95,0.006273739275148765
0.05,0.017527127532398153
0.25,0.015123062076724486
0.5,0.016486588014075473
0.75,0.02036191850889968
0.95,0.008543653196452075
0.05,0.0038948134654118037
0.25,0.017755931333053795
0.5,0.021366599564145574
0.75,0.024155373150105214
0.95,0.007143174110464096
0.05,0.02699389514159539
0.25,0.05116898978444149
0.5,0.009456593631610532
0.75,0.007377332800939909
0.95,0.0077191527871063904
0.05,0.004171778927365572
0.25,0.018887260379703206
0.5,0.02415398502474533
0.75,0.013922223443053288
0.95,0.028018098835907276
0.05,0.13230752285210517
0.25,0.1797520230888844
0.5,0.13954466104589158
0.75,0.15975923601864836
0.95,0.14074119373407248
0.05,0.13355366797621518
0.25,0.11584934302212858
0.5,0.06845353338409742
0.75,0.056753003248503166
0.95,0.018719872216357247
0.05,0.01846982445061904
0.25,0.06883051175919097
0.5,0.07879085262302132
0.75,0.06865119687702244
0.95,0.0316458368131115
0.05,0.00973332831434483
0.25,0.02712016042416442
0.5,0.035543707879107
0.75,0.05948540423664339
0.95,0.01704729517396225
0.05,0.2621325397117691
0.25,0.4946178330721785
0.5,0.31242535277942657
0.75,0.15788255922806135
0.95,0.05598842250781727
0.05,1.7800626235148267
0.25,0.6106476506812867
0.5,0.3556875667096513
0.75,1.1730876236297492
0.95,0.12403398283374094
0.05,0.25935797170019387
0.25,0.08605681535593361
0.5,0.05724593215747867
0.75,0.17758172391161564
0.95,0.06023770402897621
0.05,0.5379401657122517
0.25,0.34773607761514863
0.5,0.04256673308623981
0.75,0.0658484078227345
0.95,0.2121029064795834
0.05,0.7046985371158324
0.25,0.5532283731529679
0.5,0.2988711763922976
0.75,0.1060329751706992
0.95,0.038293399602712885
0.05,0.02869831638847548
0.25,0.04365762823531514
0.5,0.028833628575019032
0.75,0.01866645867284422
0.95,0.003521476820934651
0.05,0.07026559299795808
0.25,0.06547923019949141
0.5,0.04305182431299906
0.75,0.016368987221373987
0.95,0.0223133419701704
0.05,0.006383716113046123
0.25,0.018242987211238015
0.5,0.03371147424765164
0.75,0.016826484608332345
0.95,0.07029121308903873
0.05,0.013088014308869566
0.25,0.02990800453050735
0.5,0.030854635653642114
0.75,0.02383217183726637
0.95,0.01927329498201027
0.05,0.025971384517061574
0.25,0.016550484417865986
0.5,0.02981961148671675
0.75,0.026058068282882995
0.95,0.05419669261310348
0.05,0.014065199793360466
0.25,0.013376755132211817
0.5,0.008958716061583149
0.75,0.023898823093973107
0.95,0.020021881454971326
0.05,0.002649991640971997
0.25,0.021865499572202907
0.5,0.026384390559653793
0.75,0.018556840563168944
0.95,0.0071359035199716515
0.05,0.01348080670031449
0.25,0.029372157013515688
0.5,0.03532553342546902
0.75,0.035503739182338186
0.95,0.015869514634983452
0.05,0.13001871735632295
0.25,0.08098212431047125
0.5,0.0898543971718861
0.75,0.06699373047534625
0.95,0.019959850228473967
0.05,0.008962728003862165
0.25,0.03135476149241139
0.5,0.02748560676053058
0.75,0.043144428504404864
0.95,0.07335579633057254
0.05,0.13236476857296534
0.25,0.05562321962738309
0.5,0.05213070143149875
0.75,0.050519249433989305
0.95,0.0535705243643832
0.05,0.019061433290689878
0.25,0.04531789583546214
0.5,0.04993618039567315
0.75,0.05873444933072993
0.95,0.02594261061469944
0.05,0.046887541558483285
0.25,0.05249410947547609
0.5,0.049150361987594475
0.75,0.04305846179073552
0.95,0.017263189750656577
0.05,0.0424222696535825
0.25,0.05677638632207432
0.5,0.0471687078068187
0.75,0.03481452742543629
0.95,0.009673535534357349
0.05,0.028741461382267134
0.25,0.0538103107717496
0.5,0.04698257041881698
0.75,0.02773872523152118
0.95,0.014635462382463759
0.05,0.06439957787759791
0.25,0.023315524391740883
0.5,0.039414012027025276
0.75,0.03140331397526255
0.95,0.006527956331155109
0.05,0.005366213836439124
0.25,0.02719428665705073
0.5,0.07067498852518585
0.75,0.0748529864873118
0.95,0.01322862828564494
0.05,0.03522643145129687
0.25,0.06197902071769882
0.5,0.14304885109607784
0.75,0.23956066360610104
0.95,0.14916231741466543
0.05,0.009260769671284903
0.25,0.023678046243099323
0.5,0.04412078383818421
0.75,0.051466051751225594
0.95,0.011588700685339811
0.05,17.684915947301615
0.25,0.6983029258871202
0.5,0.6087659909935791
0.75,11.51386017076175
0.95,0.1342234141565064
0.05,0.27727861082280897
0.25,0.11530528941220475
0.5,0.1420299459552506
0.75,0.0897127299564202
0.95,0.013523695275290263
0.05,6.502513128158282
0.25,3.8892367577380367
0.5,3.5315439539396922
0.75,2.3360707632538804
0.95,0.2838355825426579
0.05,3.931589582350273
0.25,3.9946081462876335
0.5,3.364648978923308
0.75,2.145932615851374
0.95,0.2887129055963874
0.05,3.367070658593994
0.25,3.591559702322605
0.5,2.9223140286500566
0.75,1.714935323222786
0.95,0.27616338025776005
0.05,0.09110551668476419
0.25,0.0926872309458076
0.5,0.07542051321891784
0.75,0.05064956048787419
0.95,0.01671318318156744
0.05,0.2991096342145336
0.25,0.19744891656133567
0.5,0.08508650586879067
0.75,0.0708660581438361
0.95,0.014341242313784433
0.05,0.02278778625327675
0.25,0.0654891998564624
0.5,0.0662725474793734
0.75,0.059192375937939606
0.95,0.016325280196585277
0.05,0.017005948766760048
0.25,0.06869614250329618
0.5,0.0683570175727753
0.75,0.05222117741654422
0.95,0.015338677945608248
0.05,0.008620721840095963
0.25,0.02455768203959092
0.5,0.03682264047905288
0.75,0.07725359156363516
0.95,0.016758969703575977
0.05,0.00978873651936495
0.25,0.04776018454128623
0.5,0.028266272005359583
0.75,0.022778415325268295
0.95,0.008949006162025576
0.05,0.011323732746121452
0.25,0.08161691387377605
0.5,0.06223149184520408
0.75,0.05826923695736827
0.95,0.015511510584717112
0.05,0.00928844451497716
0.25,0.05420199809623546
0.5,0.07021664578095452
0.75,0.045692579965682455
0.95,0.027613043423965828
0.05,0.006799979836206417
0.25,0.039762430190870154
0.5,0.034381766516321986
0.75,0.021948998163075356
0.95,0.028205862157060713
0.05,0.041977593280464305
0.25,0.035120502294054015
0.5,0.06756394825564893
0.75,0.051426737088476206
0.95,0.019787026514497052
0.05,0.003827489357342719
0.25,0.01474843900232489
0.5,0.0530169111417975
0.75,0.04985191456760831
0.95,0.08397458038361078
0.05,0.14456812355589424
0.25,0.03525785158656821
0.5,0.09762771855997687
0.75,0.08867016850880044
0.95,0.11106551464063918
0.05,0.0374284881369057
0.25,0.05718443731855285
0.5,0.21135977542116355
0.75,0.0364655097687746
0.95,0.010673568979851618
0.05,0.6300606307935429
0.25,0.03433245042845464
0.5,0.15184577402942745
0.75,0.031230962381074506
0.95,0.009661120398396008
0.05,0.0602871004692423
0.25,0.025390834427403575
0.5,0.08250416322902414
0.75,0.05071972852761051
0.95,0.10883815315971908
0.05,0.20009906206435177
0.25,0.019152674656436875
0.5,0.08500551066402819
0.75,0.02063663662163013
0.95,0.007597894105813398
0.05,0.05273195635589023
0.25,0.051227827431741306
0.5,0.03570087713627238
0.75,0.0745627115708443
0.95,0.009446238637733605
0.05,0.027976351647105477
0.25,0.03202699551868873
0.5,0.03894067527701015
0.75,0.024582773559949502
0.95,0.019067685810285187
0.05,0.010929683069100013
0.25,0.028198421030468674
0.5,0.04236099886253541
0.75,0.03831166708745152
0.95,0.10559223515233561
0.05,0.009275377127501986
0.25,0.021480278344007637
0.5,0.03665715257354656
0.75,0.04956211947799427
0.95,0.04933061379880904
0.05,0.03452998592912889
0.25,0.04911857322845836
0.5,0.033641344927294294
0.75,0.01628334831766805
0.95,0.2867573761224022
0.05,0.01537454932478347
0.25,0.029244379472524794
0.5,0.09556152005859027
0.75,0.04636245938674711
0.95,0.31989396025649464
0.05,0.008913710797605596
0.25,0.0284179523149278
0.5,0.03228530093314443
0.75,0.030067303904393123
0.95,0.12960848671562905
0.05,0.01863860631187532
0.25,0.023391643783229707
0.5,0.04654164049851376
0.75,0.025992659376056524
0.95,0.012887145990076303
0.05,0.00626180109564018
0.25,0.026665307439480198
0.5,0.022030081269613176
0.75,0.027948846277295603
0.95,0.10980592840145648
0.05,0.009769275292382577
0.25,0.0179178932315032
0.5,0.023377200192497383
0.75,0.01702131541677196
0.95,0.042089026263012856
0.05,0.003994668224195007
0.25,0.021806268478418645
0.5,0.01833681792374683
0.75,0.060394959335505455
0.95,0.010720318243585334
0.05,0.006591319439222852
0.25,0.023322259909172516
0.5,0.03172844650891222
0.75,0.024226166515588936
0.95,0.009202023386141926
0.05,0.07190301240996613
0.25,0.2265185455488036
0.5,0.19135214451551788
0.75,0.2837733972537294
0.95,0.4450901052564821
0.05,0.06346499113707488
0.25,0.015823250476735072
0.5,0.03124473666076064
0.75,0.020395188414463184
0.95,0.010141397295704001
0.05,4.140951100492905
0.25,2.8263739750278227
0.5,1.6298142626387857
0.75,1.4766111477475834
0.95,0.06833173160329113
0.05,0.025054421350658176
0.25,0.011502782991157057
0.5,0.02174533030992981
0.75,0.03514311397402054
0.95,0.008839560075001342
0.05,1.3701129678351398
0.25,0.6869078649032372
0.5,0.317263340697341
0.75,0.04332356109123261
0.95,0.0245005170293488
0.05,2.8454350863130435
0.25,2.1629153367384504
0.5,0.13474465088093965
0.75,0.05458659154266592
0.95,0.019129803684838898
0.05,6.367498365664524
0.25,3.2441282735894847
0.5,1.5511702696469607
0.75,1.0652679745644928
0.95,0.030154262296894732
0.05,1.7703668328229278
0.25,0.8625297169531976
0.5,0.1518525213125684
0.75,0.15270421718240085
0.95,0.09879701580323896
0.05,1.2299348126847625
0.25,0.4763069101681769
0.5,0.5151692564026319
0.75,0.4307688330040304
0.95,0.10744722984350365
0.05,0.0857452497141854
0.25,0.028301526810623742
0.5,0.04887710169585132
0.75,0.018354495079751166
0.95,0.03801610165504956
0.05,0.007083450882463514
0.25,0.022182503796892367
0.5,0.025160046136198284
0.75,0.022568611749099295
0.95,0.14198381725064854
0.05,0.031234458197765002
0.25,0.03873541724290545
0.5,0.059928689748738995
0.75,0.06939878615202108
0.95,0.007598253830957558
0.05,0.0072949816867466065
0.25,0.010998644998907523
0.5,0.02303321257596901
0.75,0.020369610707789018
0.95,0.019434216044625884
0.05,0.018558118666235357
0.25,0.017893842497785795
0.5,0.02867818383653394
0.75,0.02248855479808834
0.95,0.004574746445476525
0.05,0.024619138015250844
0.25,0.03948442425893102
0.5,0.047387594188226856
0.75,0.04650121310675224
0.95,0.022239502408585878
0.05,0.03147680203252858
0.25,0.020637787588533203
0.5,0.025231820392551285
0.75,0.026697326077251046
0.95,0.03973701080711168
0.05,0.010713467945343114
0.25,0.029314171168817797
0.5,0.03160084772180256
0.75,0.0205997534090949
0.95,0.003962948414714623
0.05,0.03437580696094392
0.25,0.03793234560361815
0.5,0.0352148501431225
0.75,0.023640888961306467
0.95,0.005411949363666288
0.05,0.01875607176383228
0.25,0.02268256578478862
0.5,0.023189813825628975
0.75,0.026858805319857317
0.95,0.030474251516240575
0.05,0.06507732366920667
0.25,0.016423300448372726
0.5,0.039757953760438676
0.75,0.026624945127608424
0.95,0.006429427713341723
0.05,0.07022362785098438
0.25,0.05382841628807023
0.5,0.03953857332414749
0.75,0.02385392448343236
0.95,0.008526689566368775
0.05,0.034599557766347454
0.25,0.028956012642353608
0.5,0.04448132612578623
0.75,0.03541004504553703
0.95,0.0072399142079966165
0.05,0.07198058671847554
0.25,0.07042836698035392
0.5,0.10852997137514238
0.75,0.042478620220438267
0.95,0.007758330626876999
0.05,0.04089928315426227
0.25,0.05453397784924285
0.5,0.02833257669622879
0.75,0.025546571650141237
0.95,0.01211303157004612
0.05,0.004243561793303142
0.25,0.013073831387432691
0.5,0.012931645151095914
0.75,0.012613623962291919
0.95,0.002595775090748153
0.05,1.229792132945571
0.25,0.020483539076354983
0.5,0.22051106478948326
0.75,0.9967615283098216
0.95,1.8593598746865239
0.05,0.002604537100717457
0.25,0.011623058795776279
0.5,0.010844698592749879
0.75,0.021078157991638365
0.95,0.013938898992813335
0.05,4.222959382046381
0.25,5.5854087781030595
0.5,1.7616414496288784
0.75,1.5101648328092423
0.95,0.2317514925197229
0.05,0.011730352376946314
0.25,0.02057831043523819
0.5,0.01709966293949559
0.75,0.03263461122494508
0.95,0.012597685977203016
0.05,0.024718575958987504
0.25,0.03319612508300457
0.5,0.03263573512373962
0.75,0.026835948928479694
0.95,0.0239497214635133
0.05,0.012988098895360276
0.25,0.013289438918107799
0.5,0.016691984106699715
0.75,0.016665709897882977
0.95,0.003020224370516265
0.05,0.003964308161581513
0.25,0.013332141090893089
0.5,0.018534455492731822
0.75,0.016768349008539588
0.95,0.004052403665095851
0.05,0.028235352343540982
0.25,0.022451006389761972
0.5,0.021181086372490488
0.75,0.014925301792038428
0.95,0.009285195533618567
0.05,0.012020078030263925
0.25,0.021423747514127203
0.5,0.01968978414931972
0.75,0.026772276166782422
0.95,0.027050459041553385
0.05,0.011339896128770705
0.25,0.015931942463740405
0.5,0.026291128871994123
0.75,0.01773881646816967
0.95,0.011235954302496319
0.05,0.004012102240627798
0.25,0.018569666961497446
0.5,0.02868216132402415
0.75,0.02189742673790489
0.95,0.012815899436301533
0.05,0.004498358437614636
0.25,0.014188415219144476
0.5,0.022135670074132304
0.75,0.015493721823564436
0.95,0.009335076563723947
0.05,0.14096974012707478
0.25,0.14505516045316474
0.5,0.019281839276130423
0.75,0.06934401543673288
0.95,0.008757760051555695
0.05,0.019642893392598722
0.25,0.08860647898037882
0.5,0.03829685551465446
0.75,0.04743412243605801
0.95,0.01862876147498604
0.05,0.20771506263770453
0.25,0.14041824395804497
0.5,0.09541617738963115
0.75,0.15449399462142682
0.95,0.1483107839861548
0.05,0.2676650074861344
0.25,0.12276618862592419
0.5,0.3863147920013244
0.75,1.1221343103092856
0.95,2.620325211409476
0.05,0.31223888797141913
0.25,0.12379425867817051
0.5,0.3781136918002314
0.75,0.9103388630544239
0.95,1.0463580060523576
0.05,0.13317195381264743
0.25,0.07847706819413942
0.5,0.1374971604610343
0.75,0.1518438148912109
0.95,0.3953277066673239
0.05,0.20242528054777967
0.25,0.1385511917459962
0.5,0.11787255097095521
0.75,0.10661973261582465
0.95,0.017021381100416632
0.05,0.07154186021033476
0.25,0.17920379478046286
0.5,0.12412304285602731
0.75,0.12576977068092535
0.95,0.017421042845359565
0.05,0.3741810896672315
0.25,0.3735111015308554
0.5,0.08469280114124839
0.75,0.04033398074198667
0.95,0.009382959668441158
0.05,0.6196586005583855
0.25,0.18178476201241878
0.5,0.19318423235655854
0.75,0.14626431672834034
0.95,0.013450527856668308
0.05,0.6924580604473166
0.25,0.41474110212509846
0.5,0.12135173933154754
0.75,0.11269123375851875
0.95,0.028146054402500523
0.05,0.31024059582139535
0.25,0.13730057208040786
0.5,0.05930913158319298
0.75,0.089402394105966
0.95,0.021427330265696886
0.05,0.23067071582738707
0.25,0.139243185249212
0.5,0.17551026985481108
0.75,0.2779742087501074
0.95,0.11133592827989415
0.05,0.12186632967048773
0.25,0.28702101444012446
0.5,0.30973593722702836
0.75,0.2911640517244694
0.95,0.08830824848756848
0.05,0.07099242608173545
0.25,0.13809225442342568
0.5,0.1564756182306393
0.75,0.18009789806953505
0.95,0.033151820387914456
0.05,0.03393631032865662
0.25,0.10678886168724132
0.5,0.08719897628396751
0.75,0.06924860864102099
0.95,0.024670907528668944
0.05,0.05122833268421681
0.25,0.12606386228970792
0.5,0.21473373374129778
0.75,0.16712668830266866
0.95,0.13013020312334236
0.05,0.06821403247830449
0.25,0.3028716025215722
0.5,0.29272676293322136
0.75,0.24496742535570562
0.95,0.04256572934973484
0.05,0.48951285576308035
0.25,2.4943872448694893
0.5,1.0409256522906587
0.75,2.140323990984259
0.95,0.16829410663360525
0.05,5.132966424596424
0.25,22.05854727351667
0.5,40.19072505942782
0.75,58.0204605813079
0.95,112.94797745759529
0.05,1.1981019896307623
0.25,5.9438067055144
0.5,7.586004873977803
0.75,10.656714874978093
0.95,16.20214138485502
0.05,0.4062701329170897
0.25,1.5669093826786387
0.5,3.625171542154488
0.75,0.781847084326203
0.95,7.915032841015801
0.05,0.5408607386846466
0.25,4.818634814392685
0.5,14.91906509118701
0.75,10.765663995346117
0.95,14.271332043182198
0.05,1810.2802124802045
0.25,1121.9718034318018
0.5,376.9490780754159
0.75,12.622214997201844
0.95,18.51320866545381
0.05,2801.025021849371
0.25,1712.1034265446306
0.5,1207.9086030712526
0.75,184.87982840150505
0.95,53.00338915973617
0.05,2699.433616285233
0.25,1947.6783012283431
0.5,1436.9672475137984
0.75,656.9938557338606
0.95,98.49395172768239
0.05,1613.7269904089173
0.25,1233.5452069065611
0.5,824.5232211710686
0.75,424.0022238579483
0.95,55.82842436814073
0.05,499.10334431353823
0.25,491.44556140109927
0.5,358.9228460833372
0.75,208.3133219288284
0.95,39.19871907725439
0.05,0.9704221897160678
0.25,2.4059314873460504
0.5,11.679933334255997
0.75,12.642427426619413
0.95,5.045350323576965
0.05,0.8519144633382055
0.25,4.127272821685845
0.5,15.248811757008248
0.75,32.910812534734326
0.95,51.90523436310658
0.05,0.00367885849698164
0.25,0.021324365734961978
0.5,0.031007844872385653
0.75,0.01811223266176613
0.95,0.02150817172463218
0.05,0.005480282184176983
0.25,0.017152520359276856
0.5,0.053774631105993315
0.75,0.0595530029346114
0.95,0.023055953749173252
0.05,0.016929040560843985
0.25,0.029266132291875257
0.5,0.022543061042556576
0.75,0.04318957866964245
0.95,0.08007385363106445
0.05,0.018999768790150688
0.25,0.0784611533107515
0.5,0.1487052929517397
0.75,0.22698221863336857
0.95,0.29583033173857015
0.05,0.01721932613087015
0.25,0.03468287657097585
0.5,0.017466516854482993
0.75,0.24719988817156055
0.95,0.4278003910732952
0.05,0.008422325166898026
0.25,0.012762594284367483
0.5,0.017939907905772972
0.75,0.12586556705298846
0.95,0.14719824989156347
0.05,0.0026964334628506027
0.25,0.01170184005411802
0.5,0.021903639917463358
0.75,0.022526198689238996
0.95,0.006058483636754486
0.05,0.011623445604097669
0.25,0.012808757123194672
0.5,0.017900161227101804
0.75,0.01255422788868942
0.95,0.008411426868933083
0.05,0.03146662946980657
0.25,0.023533132679362124
0.5,0.02215969592323685
0.75,0.013289381384629989
0.95,0.003755540129527982
0.05,0.015108404313826033
0.25,0.012357969364677285
0.5,0.02723635504013039
0.75,0.02200857279107128
0.95,0.0029011775998453644
0.05,0.005920532050256659
0.25,0.0136782938619186
0.5,0.00982593034559427
0.75,0.01102906599731199
0.95,0.006710111710386751
0.05,0.0016907001532154766
0.25,0.01354752570198299
0.5,0.020548433002341854
0.75,0.018588653846208957
0.95,0.01838181126569931
0.05,0.010058464508554537
0.25,0.01993480033710021
0.5,0.02101379390770644
0.75,0.023970431443909274
0.95,0.010422657306422674
0.05,0.012951659335648602
0.25,0.016761665998875207
0.5,0.02553917742210378
0.75,0.01581208640914776
0.95,0.00877864707426001
0.05,0.004855168683960366
0.25,0.025420538025467277
0.5,0.01845546551518282
0.75,0.013842724680122084
0.95,0.007662976951912395
0.05,0.005531224961894079
0.25,0.02104006624087022
0.5,0.028168891863314106
0.75,0.018543888147433265
0.95,0.03584663336075653
0.05,0.009787149527170939
0.25,0.05812675268618117
0.5,0.07714849802058753
0.75,0.03796950365655414
0.95,0.07197635018393168
0.05,0.002276670138402325
0.25,0.021917035439673656
0.5,0.04880613762747108
0.75,0.017140652459510245
0.95,0.023116193943801804
0.05,0.00941703640102907
0.25,0.023472914067651434
0.5,0.04158248981589724
0.75,0.033974586584803686
0.95,0.032362956352429945
0.05,0.006251386860016733
0.25,0.014731525264340462
0.5,0.017723544727157838
0.75,0.017503612654857684
0.95,0.007678169375816447
0.05,0.005177782125927889
0.25,0.019322237804843777
0.5,0.024824093830562496
0.75,0.02799752355394299
0.95,0.0200227492042523
0.05,0.04241332494331548
0.25,0.025257783101465342
0.5,0.0188732082461736
0.75,0.03949667897882631
0.95,0.007911436406436498
0.05,0.009303094630683678
0.25,0.02223656097534066
0.5,0.029840190741546205
0.75,0.0670763657808362
0.95,0.05461206619225381
0.05,0.002123605857057192
0.25,0.010217678319830845
0.5,0.019470964020124756
0.75,0.01126309115212297
0.95,0.004299921949210581
0.05,0.01450114517936058
0.25,0.020611277189869326
0.5,0.023853082655022635
0.75,0.017131092464492043
0.95,0.006790039283983157
0.05,0.052438251703512066
0.25,0.10207136054697086
0.5,0.09480178850464394
0.75,0.08262874841783426
0.95,0.04754792773490966
0.05,0.010079273360139024
0.25,0.0425979231769112
0.5,0.08137589834980456
0.75,0.0217003224970618
0.95,0.01220434267924124
0.05,0.020703483288537612
0.25,0.03504635452351412
0.5,0.04239761559103755
0.75,0.04559691529727781
0.95,0.007965630104786655
0.05,0.08023846452995954
0.25,0.056522600697656834
0.5,0.04269792522432051
0.75,0.02197018025888185
0.95,0.006041917516378101
0.05,0.03790048619801872
0.25,0.08302885251430496
0.5,0.06621469896114825
0.75,0.033920330199490624
0.95,0.014632532875556251
0.05,0.00433978956067474
0.25,0.02233828214794431
0.5,0.04558019421832607
0.75,0.020518380949369013
0.95,0.018162884246057342
0.05,0.019979816561345228
0.25,0.037299204806330664
0.5,0.027238345249511835
0.75,0.02727442767183376
0.95,0.0067368262876270025
0.05,0.020214560093293105
0.25,0.0525247379859338
0.5,0.057182258261974005
0.75,0.035052439752643015
0.95,0.021925728791592932
0.05,0.02102817476716715
0.25,0.02935061739811973
0.5,0.05713331816625682
0.75,0.03818154219072941
0.95,0.006165379382213947
0.05,0.04625944940344167
0.25,0.05454456559103438
0.5,0.08699679760073298
0.75,0.10264745819513411
0.95,0.06844996014465173
0.05,0.004981688099699388
0.25,0.016558592493687983
0.5,0.021134192492827664
0.75,0.028650335084805956
0.95,0.03152240968745675
0.05,0.032885848058965446
0.25,0.041564448279057954
0.5,0.044993154278431625
0.75,0.016211425925377127
0.95,0.006266759456361074
0.05,0.005492792938676923
0.25,0.02623149554789704
0.5,0.036720274473969576
0.75,0.04606841207034604
0.95,0.02254650593965904
0.05,0.018232823983103313
0.25,0.027703055042661295
0.5,0.022861886530589664
0.75,0.019614630843856184
0.95,0.019891830358640426
0.05,0.0445939446512005
0.25,0.02945452837163881
0.5,0.036148375483218656
0.75,0.02209395078988734
0.95,0.006124169610380263
0.05,0.013736959877017002
0.25,0.04491236554954408
0.5,0.04954007770585856
0.75,0.04661877473865119
0.95,0.12697970932152317
0.05,0.01145198286900268
0.25,0.027659525673882242
0.5,0.031204755229980882
0.75,0.017753473115877282
0.95,0.06646828491762168
0.05,0.02507058617515565
0.25,0.09046013094618303
0.5,0.12186247564145025
0.75,0.11793473969919936
0.95,0.16475291005794118
0.05,0.11117415306017148
0.25,0.08028731530675515
0.5,0.20771653642011564
0.75,0.37887109382180517
0.95,0.45994443403825286
0.05,0.02291316303875816
0.25,0.07402189669981828
0.5,0.16175277618654668
0.75,0.18194567548633467
0.95,0.26424679974103443
0.05,0.016566886620351846
0.25,0.08289685187356975
0.5,0.10312205931269729
0.75,0.2618472938973538
0.95,0.32098392894454375
0.05,0.01924798225848116
0.25,0.08501215246137955
0.5,0.1258576255541776
0.75,0.024884367629464124
0.95,0.13807043922236226
0.05,0.012543810700151252
0.25,0.06157110699328378
0.5,0.03450187505667308
0.75,0.022089533492108012
0.95,0.06428255099163203
0.05,0.020814811188158765
0.25,0.10011940287773541
0.5,0.14268175177956835
0.75,0.22391487071766494
0.95,0.378830781303283
0.05,0.016416061296367225
0.25,0.11519293359184261
0.5,0.19138795311898157
0.75,0.20259541609356754
0.95,0.1659313397053194
0.05,0.030213864299628062
0.25,0.017805682035442787
0.5,0.01852748406935664
0.75,0.011935286878977847
0.95,0.004495355899061385
0.05,0.06309114556875246
0.25,0.10118752662804738
0.5,0.17175120594244134
0.75,0.18541762386355506
0.95,0.24671558298061216
0.05,0.029224991214205492
0.25,0.07602267726044558
0.5,0.07288265044780298
0.75,0.04189956909794845
0.95,0.018486582305560335
0.05,0.0066486021462798675
0.25,0.03900056915605863
0.5,0.33187950720789966
0.75,0.416015830089302
0.95,0.7660448431892024
0.05,0.04797729977632775
0.25,0.04084193529193519
0.5,0.04880446215164628
0.75,0.03387567578018417
0.95,0.006606666337429969
0.05,0.055715111095347374
0.25,0.033900798327108975
0.5,0.030115425632163514
0.75,0.03733815478687579
0.95,0.012027047217034447
0.05,0.011907248764901244
0.25,0.03606838580361271
0.5,0.027627080931814443
0.75,0.03527894008642372
0.95,0.02234965913758873
0.05,0.02547791046420118
0.25,0.012910976678673617
0.5,0.05643534459958002
0.75,0.04345018230889062
0.95,0.003094003431363044
0.05,0.00786174225703321
0.25,0.03215901033231473
0.5,0.0917203460644249
0.75,0.0644618152722277
0.95,0.018159636165498764
0.05,0.26467401700587406
0.25,0.08009402653645052
0.5,0.05661392609912308
0.75,0.08488147167301853
0.95,0.014543743037210712
0.05,0.003649046432375961
0.25,0.01078047689209644
0.5,0.017504039959286916
0.75,0.030164038424171785
0.95,0.007534785645481063
0.05,0.0073446966960581325
0.25,0.02157961950439465
0.5,0.021446511897674773
0.75,0.012587251660089815
0.95,0.0032737069873332567
0.05,0.003640130610120132
0.25,0.021845425328560892
0.5,0.0185162580841934
0.75,0.02264057199269451
0.95,0.007248069242405615
0.05,0.0033985394736328633
0.25,0.01593421727322084
0.5,0.02558929551844848
0.75,0.01762661928780913
0.95,0.009108359329912963
0.05,0.004209539578102132
0.25,0.0135277889710791
0.5,0.013723093185218332
0.75,0.011283768799694513
0.95,0.005001758406763135
0.05,0.004166021778723594
0.25,0.02090427985487382
0.5,0.03596853704868021
0.75,0.021742390658764946
0.95,0.015570654641841283
0.05,0.004441421194346976
0.25,0.0217119370231528
0.5,0.039193627287143394
0.75,0.026147485760280392
0.95,0.011941574944287431
0.05,0.0066729465961472695
0.25,0.011623685088953709
0.5,0.035689316497224295
0.75,0.07240301285660954
0.95,0.07259866775573352
0.05,0.02765299166403146
0.25,0.03193273304632325
0.5,0.04814770545530354
0.75,0.03576078131396237
0.95,0.06285623478233922
0.05,0.0039207703170677415
0.25,0.01800139286698936
0.5,0.023933159186557987
0.75,0.06855696167095275
0.95,0.040836345038615024
0.05,0.005172632280561252
0.25,0.03236932428050775
0.5,0.0330861553496908
0.75,0.029803162130134415
0.95,0.02670877018405332
0.05,0.08556038950676
0.25,0.070561132873921
0.5,0.04989061048867891
0.75,0.022694304969485504
0.95,0.04788841604474615
0.05,0.09024456843856425
0.25,0.022068476131192824
0.5,0.042358621979302756
0.75,0.03349822999037178
0.95,0.01204073555848967
0.05,0.06883266153954003
0.25,0.053509315849338435
0.5,0.019102600146825435
0.75,0.03092282056443958
0.95,0.01833294343707412
0.05,0.01417627644654186
0.25,0.014582645049297205
0.5,0.019392183527744845
0.75,0.009211213823247981
0.95,0.006486579238156032
0.05,0.03387302562213911
0.25,0.03048180009769369
0.5,0.03342071623677244
0.75,0.030598671609560424
0.95,0.012666365749051799
0.05,0.06825156169060206
0.25,0.025882011910614938
0.5,0.04724082501494156
0.75,0.022470157940332747
0.95,0.008275248834653205
0.05,0.07536616779127639
0.25,0.04677792047969211
0.5,0.03559040449706241
0.75,0.02546318542069555
0.95,0.005086856532947776
0.05,0.03045446149436602
0.25,0.013829599506852619
0.5,0.017562177818912564
0.75,0.021720942772933304
0.95,0.015127829590553787
0.05,0.006816896269649216
0.25,0.018160258583370115
0.5,0.02015973178051669
0.75,0.05898843211701916
0.95,0.027790167151833755
0.05,0.0044598319343865005
0.25,0.012872510938946308
0.5,0.020323268585747276
0.75,0.02110935732588982
0.95,0.003062120618075042
0.05,0.009795656042736656
0.25,0.017697690531585764
0.5,0.02554757784258968
0.75,0.032420857625586434
0.95,0.02181701042016382
0.05,0.004482154424111864
0.25,0.016039275239746967
0.5,0.022172982346999385
0.75,0.020559590967471942
0.95,0.003997812794059143
0.05,0.009371256193017636
0.25,0.011433952586281373
0.5,0.01280763865137892
0.75,0.010180494324187236
0.95,0.004042593121114853
0.05,0.012782783517234893
0.25,0.009804584037641477
0.5,0.015604409146966217
0.75,0.013309831888724546
0.95,0.004768960903335458
0.05,0.0090620800900525
0.25,0.008519386550228688
0.5,0.015898496783537157
0.75,0.016953865780591455
0.95,0.010985127629640379
0.05,0.04823057643185804
0.25,0.04543035319781308
0.5,0.02610123237118649
0.75,0.018059950462906278
0.95,0.012217243299791467
0.05,0.05061307873912376
0.25,0.05763231903528723
0.5,0.04874489625421565
0.75,0.03356152567134552
0.95,0.018475596105563902
0.05,0.003691996503607901
0.25,0.014194827328924386
0.5,0.02747206031531769
0.75,0.010570693098189204
0.95,0.007851393700460002
0.05,0.004204869342469909
0.25,0.013545773491798427
0.5,0.016056909558796396
0.75,0.008150222575333045
0.95,0.00180205405462957
0.05,0.0034445740815450335
0.25,0.01277593172591202
0.5,0.012778237735788274
0.75,0.010906509754259627
0.95,0.001971441263399159
0.05,0.0095266659928599
0.25,0.021669768089835756
0.5,0.04776492879004978
0.75,0.05697607257079631
0.95,0.02575914033891419
0.05,0.0371462178325769
0.25,0.02932052187952423
0.5,0.06199390088638512
0.75,0.03006609491427703
0.95,0.006070634560255423
0.05,0.010844994815899386
0.25,0.030468360738650117
0.5,0.03100778074557559
0.75,0.02416861613973408
0.95,0.006655110802654542
0.05,0.05804997121375502
0.25,0.019360648391155796
0.5,0.030749280862125597
0.75,0.018082794030833363
0.95,0.02388702840138689
0.05,0.005330445803838177
0.25,0.026716061055344045
0.5,0.04742414383559712
0.75,0.03836031875561275
0.95,0.007351187820373033
0.05,0.01753506153107011
0.25,0.017018035841356156
0.5,0.06399785360631624
0.75,0.014897335441224365
0.95,0.012093221119167752
0.05,0.0698915513729912
0.25,0.028932053798940108
0.5,0.04205272918458746
0.75,0.020846520799044522
0.95,0.004255923501360544
0.05,0.05761631322709306
0.25,0.16266709614775154
0.5,0.07889473414078878
0.75,0.04676962794441916
0.95,0.0073824055541888015
0.05,0.03666997489577129
0.25,0.029384715151589205
0.5,0.05759094182440299
0.75,0.049600907200629714
0.95,0.00912624579659361
0.05,0.013481058147088096
0.25,0.02449436563583579
0.5,0.039993236104237384
0.75,0.023843639629793887
0.95,0.008399836755731775
0.05,0.01189904635113207
0.25,0.025869508789345397
0.5,0.027183992085865003
0.75,0.012852708682483463
0.95,0.009153113522115468
0.05,0.2311674153919694
0.25,0.08443652196207752
0.5,0.04115430806962126
0.75,0.019005197409329797
0.95,0.00687753164280859
0.05,0.05285248549287098
0.25,0.6111908321878489
0.5,1.052238208471003
0.75,1.4020160675200104
0.95,0.025932667421570754
0.05,0.016554395446109066
0.25,0.037568921423966985
0.5,0.04497472608590313
0.75,0.04111439904342883
0.95,0.01126331698576472
0.05,0.009748403236905711
0.25,0.04048902123514286
0.5,0.11146570572724203
0.75,0.19098662325654125
0.95,0.021823852314628394
0.05,0.015852386853033976
0.25,0.1426384382781491
0.5,0.46858619200555607
0.75,0.3917469605708035
0.95,0.7269911564412997
0.05,0.02129662675882323
0.25,0.023793611240584638
0.5,0.03829931404892672
0.75,0.05563288566377087
0.95,0.18941873077736868
0.05,0.17277724345491105
0.25,0.12702986036764205
0.5,0.1296195538116985
0.75,0.06435621824250294
0.95,0.019272206149128508
0.05,0.0666081385766968
0.25,0.03576502496492773
0.5,0.1414883815709173
0.75,0.1292155246865212
0.95,0.01801107008614799
0.05,0.014956076561361414
0.25,0.026455501936435852
0.5,0.08498560012991474
0.75,0.03101824865723658
0.95,0.01298865135934315
0.05,0.013778330501017004
0.25,0.038854219047144416
0.5,0.05401688614359817
0.75,0.03041448687174299
0.95,0.07570355777326239
0.05,0.006871512004217615
0.25,0.03205574183063196
0.5,0.05940550159453436
0.75,0.07575379958154706
0.95,0.13333267624498624
0.05,0.004887157831827151
0.25,0.025804826321963844
0.5,0.05478506679820506
0.75,0.05315675749002007
0.95,0.1465337573584226
0.05,0.0027044681386569312
0.25,0.015078992297539917
0.5,0.01999866158225465
0.75,0.02437540202710556
0.95,0.03964943680376328
0.05,0.04056472842559518
0.25,0.02039462386977915
0.5,0.029805823555622852
0.75,0.031156025578872832
0.95,0.08193203965116223
0.05,0.03906056531157027
0.25,0.047369170668248715
0.5,0.026223368859174003
0.75,0.03565636269573239
0.95,0.04113145672203633
0.05,0.01598097475916361
0.25,0.03497946641783789
0.5,0.042374637938441206
0.75,0.07752173267833624
0.95,0.05041481383685168
0.05,0.00905362998340587
0.25,0.019190823400517396
0.5,0.042843193775114606
0.75,0.04287322111328153
0.95,0.019300703911203154
0.05,0.005618272129628816
0.25,0.023373111446989767
0.5,0.040333958222216575
0.75,0.044663808225669566
0.95,0.09266486381365506
0.05,0.03894158017052723
0.25,0.0348703769793346
0.5,0.03336617775685855
0.75,0.026822869142840277
0.95,0.014441165032186815
0.05,0.03802977475074673
0.25,0.04066579870150267
0.5,0.03265964326942112
0.75,0.03647847925833738
0.95,0.06968673474857363
0.05,0.004526896546028838
0.25,0.04833944900449031
0.5,0.044314829746413174
0.75,0.042497639447756426
0.95,0.15576911182790598
0.05,0.013042006225196337
0.25,0.02579773919273412
0.5,0.08389354889703454
0.75,0.08163907088438167
0.95,0.011255128276741846
0.05,0.003007854400081502
0.25,0.022247199404589732
0.5,0.04822994815458868
0.75,0.06721459666780599
0.95,0.2016508731416644
0.05,0.050299434173293495
0.25,0.01565301419630266
0.5,0.011176706125840291
0.75,0.013537607768276056
0.95,0.003690034854532596
0.05,0.6171061894250256
0.25,0.5823150679539053
0.5,0.8070392494888767
0.75,1.4248363867611025
0.95,1.0175190650602284
0.05,0.021062777272621486
0.25,0.039704556733660086
0.5,0.05121489027881223
0.75,0.05518530631049495
0.95,0.040168807523408595
0.05,0.013319229744510318
0.25,0.11752398232245176
0.5,0.10852834741216728
0.75,0.7224962559424816
0.95,0.5081346221294242
0.05,0.030124632042983393
0.25,0.03663388637661382
0.5,0.029453467563402443
0.75,0.05985307008891085
0.95,0.06525312321188671
0.05,0.02007603486617311
0.25,0.056194129254132676
0.5,0.02913583548478313
0.75,0.30485005309128604
0.95,0.3632180248700037
0.05,0.0026792882435051433
0.25,0.013183397320829458
0.5,0.09191323425518415
0.75,0.06907465835115896
0.95,0.023069827717942405
0.05,0.02586785035738383
0.25,0.13785255210157346
0.5,0.07282679583601395
0.75,0.11950927484022707
0.95,0.10714646910807041
0.05,0.06709106101318392
0.25,0.04707298661302441
0.5,0.012037944794908502
0.75,0.013694871606214831
0.95,0.004097911637905356
0.05,0.09473857846675178
0.25,0.06849537571394909
0.5,0.020412523685425916
0.75,0.016852836566659857
0.95,0.008214157433170761
0.05,0.03396794625497548
0.25,0.016984656430773987
0.5,0.01695728325943811
0.75,0.026799826878829924
0.95,0.03554114201820402
0.05,0.026967836950503154
0.25,0.028919678309662907
0.5,0.029208189114819056
0.75,0.028016812495360848
0.95,0.031459648454492894
0.05,0.0030400653876801738
0.25,0.01677872356042313
0.5,0.024473004594305115
0.75,0.017519511936816664
0.95,0.013509066078259954
0.05,0.010498390127489987
0.25,0.017004541885134568
0.5,0.014500157903639052
0.75,0.01029685259253924
0.95,0.010084259768897172
0.05,0.018927863882992637
0.25,0.014697626880588245
0.5,0.014683037118181348
0.75,0.014263118020847931
0.95,0.010327584245080908
0.05,0.0113686029634084
0.25,0.012957949432714338
0.5,0.010893781509121563
0.75,0.00965934691745854
0.95,0.009359260676771461
0.05,0.009307441391064404
0.25,0.023073393967119733
0.5,0.015801774366617685
0.75,0.013728494179310621
0.95,0.00235537907466014
0.05,0.024177304191700135
0.25,0.04722433769111006
0.5,0.024717024114756833
0.75,0.02834460869341965
0.95,0.003553883357103098
0.05,0.04383334105906788
0.25,0.06837792677260286
0.5,0.05264371047062519
0.75,0.018823070196535802
0.95,0.013853183682670155
0.05,0.014302174298755124
0.25,0.033723878886040226
0.5,0.021700880983092474
0.75,0.009172785521445225
0.95,0.003763603688594389
0.05,0.019442911957494684
0.25,0.03204098755270519
0.5,0.028867213667821568
0.75,0.0114333527683175
0.95,0.0019198512133552193
0.05,0.010587165451643744
0.25,0.02026141936001095
0.5,0.02723399063447157
0.75,0.023917519404159867
0.95,0.014313142081376802
0.05,0.04592970939229385
0.25,0.04399128252826956
0.5,0.021425482439830276
0.75,0.02676497902653968
0.95,0.005847566862960959
0.05,0.061671323933324786
0.25,0.023729765488919658
0.5,0.029656084801067392
0.75,0.022423266659189024
0.95,0.0048035750709630645
0.05,0.015867104902500158
0.25,0.022399495491716343
0.5,0.02761768956870224
0.75,0.024760498899134814
0.95,0.007132764123557157
0.05,0.004066537613380752
0.25,0.024979933371701984
0.5,0.017717328500408087
0.75,0.009359353426207445
0.95,0.0041801191501900335
0.05,0.06166689893419067
0.25,0.0997971596611178
0.5,0.08086427270119552
0.75,0.032207536769245
0.95,0.06841890057443957
0.05,0.03666811415004398
0.25,0.04474586924186357
0.5,0.04543354269303738
0.75,0.026368307711740424
0.95,0.025399909388067392
0.05,0.1870096013613467
0.25,0.13106228145537893
0.5,0.10255027289201228
0.75,0.08983953557899578
0.95,0.34134184670791706
0.05,0.026885333217021922
0.25,0.03823837839117308
0.5,0.049653224010391774
0.75,0.05876034589594895
0.95,0.014991215074577438
0.05,0.0049846181174162795
0.25,0.06474209197071537
0.5,0.053263195814667985
0.75,0.024193329464748104
0.95,0.017406736920839917
0.05,0.04413277685495013
0.25,0.11639442626365448
0.5,0.13239175591464106
0.75,0.036107943241798966
0.95,0.8392614042581547
0.05,0.08094355661325194
0.25,0.04951725456529038
0.5,0.0770706253036719
0.75,0.04467850938969676
0.95,0.05255746014394619
0.05,0.032262027847579165
0.25,0.02596553564104792
0.5,0.04911992774412017
0.75,0.04170235615965077
0.95,0.05531332643336351
0.05,0.013916461368370684
0.25,0.05232091867006886
0.5,0.11336102720735013
0.75,0.040772778596038076
0.95,0.06432601798011793
0.05,0.014019665318514493
0.25,0.044363881066719936
0.5,0.040200654723013714
0.75,0.02261475802293639
0.95,0.03551667956596908
0.05,0.00845817196450408
0.25,0.02185146595187883
0.5,0.03704175035501384
0.75,0.08781217389912786
0.95,0.06174997347800135
0.05,0.013327167317916404
0.25,0.013646888415346907
0.5,0.025965072074125694
0.75,0.01403270762445614
0.95,0.011009734162973009
0.05,0.015017538226557605
0.25,0.029845778183684734
0.5,0.02505826739980947
0.75,0.04219242762692524
0.95,0.03694013191407828
0.05,0.01624902711935605
0.25,0.029850651264717903
0.5,0.03482418045952788
0.75,0.02899513441212385
0.95,0.011822322973420363
0.05,0.03389303392559755
0.25,0.041982793464637215
0.5,0.03550554781218899
0.75,0.019503433241016065
0.95,0.023960464572263623
0.05,0.020448128792885115
0.25,0.03156117198026683
0.5,0.03794049006470126
0.75,0.04325923252486896
0.95,0.02591518146755689
0.05,0.02430271860331169
0.25,0.05192331878334395
0.5,0.03380283696357827
0.75,0.02476877342176437
0.95,0.009087690722810867
0.05,0.014853944014350607
0.25,0.029658437803568857
0.5,0.032428356695008285
0.75,0.019463667626448158
0.95,0.011175686829605359
0.05,0.0067910708662083
0.25,0.022279757655559108
0.5,0.03155398788151004
0.75,0.023906482519443575
0.95,0.007304560796771936
0.05,0.027011982394776604
0.25,0.015219062074312945
0.5,0.013640033744735087
0.75,0.011299333703037692
0.95,0.01178168801292719
0.05,0.059539353938486694
0.25,0.06326366956067069
0.5,0.04124225401098076
0.75,0.023830646547279625
0.95,0.005299429918831265
0.05,0.01087397030588709
0.25,0.03262816089214086
0.5,0.046935516050643555
0.75,0.03360503004947275
0.95,0.006525582379713204
0.05,0.010244780299846781
0.25,0.028412880060156163
0.5,0.025568327571161644
0.75,0.04582210480653162
0.95,0.03313289447758876
0.05,0.008944576761677408
0.25,0.030514000470208285
0.5,0.05308294203588187
0.75,0.05398272573028274
0.95,0.04387911214697821
0.05,0.013812609507135634
0.25,0.015417887653984807
0.5,0.025990371830986025
0.75,0.01901626670170441
0.95,0.0033063577074262177
0.05,0.0067684416309612165
0.25,0.049871831148627366
0.5,0.05728847956162255
0.75,0.07525174615590706
0.95,0.08179919870232431
0.05,0.019261250910813578
0.25,0.030488320130263327
0.5,0.06433510608561345
0.75,0.2061265491246467
0.95,0.12413002862007881
0.05,0.04122435496378959
0.25,0.0688983374589034
0.5,0.07535526978805877
0.75,0.09123350974893768
0.95,0.07658753011148985
0.05,0.013113663256324883
0.25,0.04013466887678486
0.5,0.036206670304611076
0.75,0.09369602301589126
0.95,0.09114660800198211
0.05,0.0815097347485251
0.25,0.1347388037208785
0.5,0.06471135906938026
0.75,0.04373047292844434
0.95,0.05374681215104781
0.05,0.17721680033418133
0.25,0.10934206337206413
0.5,0.10063202684984242
0.75,0.03339802273412263
0.95,0.0037072410190870275
0.05,0.08008315363603528
0.25,0.03595133192329075
0.5,0.02520921967497364
0.75,0.05542675127286245
0.95,0.04016921999958115
0.05,0.040414165211113975
0.25,0.06861449253828177
0.5,0.022117373309837235
0.75,0.019225025588871045
0.95,0.04549191453724793
0.05,0.036823189996528526
0.25,0.03337592242647146
0.5,0.010088583254776911
0.75,0.04863356986667353
0.95,0.03151537198494239
0.05,0.029418761931932852
0.25,0.041212648480396914
0.5,0.1423483125839818
0.75,0.101580242622879
0.95,0.3623233160066515
0.05,0.055273239935045126
0.25,0.021167243732576755
0.5,0.02043843802664358
0.75,0.021791798606339646
0.95,0.09544497146691235
0.05,0.01352121599546835
0.25,0.0259895413047985
0.5,0.02178875272261255
0.75,0.011508039389492459
0.95,0.0810305579354411
0.05,0.014810980870191072
0.25,0.010003787430307302
0.5,0.018384867748057424
0.75,0.02521394018942637
0.95,0.045541821674151474
0.05,0.009036462443268528
0.25,0.012502738081624767
0.5,0.02538940523501243
0.75,0.021451595666601004
0.95,0.020266644742545876
0.05,0.01724938906700626
0.25,0.023548098651115124
0.5,0.025916602728961374
0.75,0.020571396265844893
0.95,0.0035256597439307902
0.05,0.005895470778023975
0.25,0.015707424982695256
0.5,0.015514417709867515
0.75,0.027943363838521623
0.95,0.030526025269510208
0.05,0.015413583873485516
0.25,0.024887759183375727
0.5,0.022034105144992613
0.75,0.012475825967604817
0.95,0.009210252744959489
0.05,0.020942759360875706
0.25,0.017172517412934504
0.5,0.02393750477471133
0.75,0.014080520701070909
0.95,0.031144569438289332
0.05,0.013900652696074586
0.25,0.009468296690329357
0.5,0.013683516230197229
0.75,0.02510828883528943
0.95,0.03886091795272509
0.05,0.039063336693818874
0.25,0.013507373477818658
0.5,0.032037166275223815
0.75,0.012597159067706686
0.95,0.002732881012270543
0.05,0.020112725234227153
0.25,0.012969553448195845
0.5,0.013290336609138984
0.75,0.01698848094338043
0.95,0.01337295198127854
0.05,0.0038926950236697487
0.25,0.012657480913891316
0.5,0.03212960790433836
0.75,0.017049856207752886
0.95,0.02524014654895247
0.05,0.006164729653797412
0.25,0.023405991187373534
0.5,0.03391724408735352
0.75,0.011043902077193433
0.95,0.003987674916884073
0.05,0.0019249664722153174
0.25,0.006921632529025122
0.5,0.018490541734253567
0.75,0.011620239833301066
0.95,0.0030988957986303645
0.05,0.002677051320084016
0.25,0.01145015396999065
0.5,0.021835006175870846
0.75,0.014030219341674623
0.95,0.03803829330334232
0.05,0.0037040023919352443
0.25,0.0278259935568127
0.5,0.03654576510471683
0.75,0.02709527327944344
0.95,0.019098458187498696
0.05,0.008325948431317245
0.25,0.007283142229038391
0.5,0.019222077255147126
0.75,0.022234266164787506
0.95,0.01152624054368214
0.05,0.05141450749429888
0.25,0.020736966293020558
0.5,0.02070860862784241
0.75,0.029266147948996953
0.95,0.04293055777892271
0.05,0.004924314922734498
0.25,0.011085727606438195
0.5,0.02943999033353109
0.75,0.02856261278571354
0.95,0.009687294188311355
0.05,0.026628916906498507
0.25,0.01704891222149622
0.5,0.057208439557850786
0.75,0.02872230488825965
0.95,0.04700567264960704
0.05,0.05675871026339183
0.25,0.013683566099731924
0.5,0.020189370618417003
0.75,0.010595001165286432
0.95,0.013483716937593525
0.05,0.004948881938658416
0.25,0.01368832032756421
0.5,0.0182713682069344
0.75,0.026980089480516955
0.95,0.014170431940068543
0.05,0.023999257675033667
0.25,0.021482708941231443
0.5,0.015327300491224619
0.75,0.01356341389447143
0.95,0.01106095493857076
0.05,0.02744813633906738
0.25,0.024991672240829377
0.5,0.018005921431940172
0.75,0.020719400062835663
0.95,0.060242330828195356
0.05,0.01423183187440711
0.25,0.07686810100999064
0.5,0.1230611685759624
0.75,0.1620800757504988
0.95,0.39010343623717786
0.05,0.010395413065593884
0.25,0.027582197864039534
0.5,0.025205918750708434
0.75,0.07386115915433074
0.95,0.08296816225452987
0.05,0.017114545059622868
0.25,0.03303374359530283
0.5,0.033141511984242096
0.75,0.033160473318753464
0.95,0.008295605452589545
0.05,0.007118658780344119
0.25,0.029717928758713638
0.5,0.02317292526747991
0.75,0.03681391313509005
0.95,0.009885634308049436
0.05,0.025001860473547004
0.25,0.03675470702355835
0.5,0.04355185788567009
0.75,0.06141696558420471
0.95,0.042286863592973484
0.05,0.006263150362190731
0.25,0.023236774285025973
0.5,0.026065300588650142
0.75,0.0254136949841912
0.95,0.01128454473262728
0.05,0.009548425335058487
0.25,0.04052677948799793
0.5,0.049340734948511523
0.75,0.03562172668561744
0.95,0.017776385705705628
0.05,0.010836562041504174
0.25,0.028646384895810995
0.5,0.04138254292160178
0.75,0.037197572394134064
0.95,0.021162878685817343
0.05,0.01225303256241092
0.25,0.06652368283500708
0.5,0.03748148766247842
0.75,0.023423896276490542
0.95,0.007097794319835038
0.05,0.01398068483916168
0.25,0.022651623484735973
0.5,0.034416413165185934
0.75,0.05301505886471975
0.95,0.036857966548948844
0.05,0.01770944022776586
0.25,0.02365120489147209
0.5,0.024741264111155594
0.75,0.02776133552281494
0.95,0.008834358164733967
0.05,0.07250783176755742
0.25,0.04334872504554849
0.5,0.07776283195776679
0.75,0.05843625391380333
0.95,0.008985484908974776
0.05,0.13072251741649557
0.25,0.0774599220327506
0.5,0.05802848389907444
0.75,0.03141813574856351
0.95,0.01172801515999361
0.05,0.20375957837678385
0.25,0.13701135954640598
0.5,0.055433278151357346
0.75,0.028429332341706637
0.95,0.01101482572208617
0.05,0.25708725179833336
0.25,0.07426955669658325
0.5,0.07418749947824939
0.75,0.03831655882150966
0.95,0.015841314973935042
0.05,0.0958188770545671
0.25,0.06851565932905153
0.5,0.07002950773724688
0.75,0.02089236512946933
0.95,0.007722808470928071
0.05,0.0075423667107953
0.25,0.06991844430566743
0.5,0.05894920917780996
0.75,0.060819832636860104
0.95,0.014562135477007297
0.05,0.00846887291059318
0.25,0.03296434581052451
0.5,0.07245890438918497
0.75,0.030065925791188986
0.95,0.03226750410273222
0.05,0.01897656955327746
0.25,0.019412742263120737
0.5,0.024759155789623444
0.75,0.01861335978643553
0.95,0.02770476576028889
0.05,0.008461681632831774
0.25,0.031156270380943183
0.5,0.03532666281337318
0.75,0.05737369806355161
0.95,0.049546899040536836
0.05,0.013185231491012236
0.25,0.013968167492610225
0.5,0.012438476670370869
0.75,0.021982881000735838
0.95,0.021269582062514465
0.05,0.010921934730358665
0.25,0.010419633048056834
0.5,0.02685028785295261
0.75,0.03624655430971413
0.95,0.042606711178320406
0.05,0.008292849889102883
0.25,0.015132347771719937
0.5,0.03163911785628574
0.75,0.019312127850851925
0.95,0.0059052506596635225
0.05,0.0037181266954328085
0.25,0.011817726460774341
0.5,0.019573220849481866
0.75,0.02087252967876459
0.95,0.005058395921467115
0.05,0.012563691443078272
0.25,0.02534224615452754
0.5,0.018617046950860316
0.75,0.011723019307122171
0.95,0.02047463776678027
0.05,0.6485310536680441
0.25,0.5595953800908888
0.5,0.14547051877444617
0.75,0.3664322087510689
0.95,0.0813000361801808
0.05,0.31224351469467326
0.25,0.16342846304588385
0.5,0.18585994018391336
0.75,0.10899295632816826
0.95,0.033322230853238884
0.05,0.13953317821781433
0.25,0.07267878545259723
0.5,0.12990123799628928
0.75,0.1305858474903128
0.95,0.04653035474774899
0.05,0.10415671925528079
0.25,0.04777371352948403
0.5,0.13801380382639278
0.75,0.16307446768431239
0.95,0.06056895675283475
0.05,0.008806237514029128
0.25,0.02466053838993001
0.5,0.017662757912475357
0.75,0.020342583530399753
0.95,0.036944653732547135
0.05,0.00977181782040777
0.25,0.03308360936373634
0.5,0.03884867229328622
0.75,0.025226917438741548
0.95,0.013337694997100588
0.05,0.0038068579256004633
0.25,0.016380924404078737
0.5,0.04029011952948811
0.75,0.058294906473148604
0.95,0.07719851277518032
0.05,0.02926286064578466
0.25,0.03324395266252105
0.5,0.06356423443013463
0.75,0.050909938326457786
0.95,0.010581694289586399
0.05,0.004342928034481767
0.25,0.030048467991060975
0.5,0.0373869361824952
0.75,0.04156381849975918
0.95,0.040147975177092295
0.05,0.03477795478400839
0.25,0.03296752644907245
0.5,0.038332198044993764
0.75,0.05515149287412193
0.95,0.059331659256442904
0.05,0.007473218750231242
0.25,0.013082343663499627
0.5,0.04161546167977683
0.75,0.03594057314478762
0.95,0.07880240071156408
0.05,0.019982881012134343
0.25,0.0391839766970264
0.5,0.0711391802149583
0.75,0.058238198922536476
0.95,0.12532473998800056
0.05,0.06996115442710153
0.25,0.09385533748116655
0.5,0.10440616780384204
0.75,0.07523936364080631
0.95,0.03342026319103409
0.05,0.030103216671783607
0.25,0.04891733889787725
0.5,0.04120587680566909
0.75,0.0603833010407001
0.95,0.02645939278225391
0.05,0.029571140510927515
0.25,0.03290539449801626
0.5,0.04545858733006036
0.75,0.034229138247439235
0.95,0.02445297358978345
0.05,0.01487519803005455
0.25,0.03420742921352576
0.5,0.05736124334884277
0.75,0.03975062609855904
0.95,0.005857938152743995
0.05,0.024422424374394746
0.25,0.04962371757225973
0.5,0.031279619988149994
0.75,0.026695804435918513
0.95,0.08477254195579807
0.05,0.07117499353527208
0.25,0.026546328015650694
0.5,0.026444165795276114
0.75,0.040572543521539
0.95,0.0746927809525459
0.05,0.07855282725004682
0.25,0.024677356162166052
0.5,0.020977378903681298
0.75,0.016679427053886677
0.95,0.0038852519073195296
0.05,0.010691883610388466
0.25,0.0404849948552819
0.5,0.05628008473198684
0.75,0.08092375179511437
0.95,0.1942535519561535
0.05,0.003868620008047712
0.25,0.023758456116108728
0.5,0.015809130070855004
0.75,0.014983828878941249
0.95,0.014824268892675218
0.05,0.11071514395159744
0.25,0.15626865379088037
0.5,0.189301160237256
0.75,0.0605596345689329
0.95,0.17815423743340142
0.05,0.02995382136854019
0.25,0.0808417213302924
0.5,0.08493063760304587
0.75,0.10719589950563897
0.95,0.11217471185087358
0.05,0.014307195591061118
0.25,3.3945703256061517
0.5,6.07161933052528
0.75,2.0422645442055276
0.95,0.04009463226001508
0.05,0.015085663600027088
0.25,0.06380181317830418
0.5,0.08044021290548706
0.75,0.04971706844804289
0.95,0.032873475493173356
0.05,0.01572733217089439
0.25,0.07284893750552464
0.5,0.14141846209930034
0.75,0.21773765580790547
0.95,0.2604023989276589
0.05,0.007994100981579782
0.25,0.06879419228097813
0.5,0.12424398422749816
0.75,0.17557511636404233
0.95,0.4186791335089308
0.05,0.039410973559918766
0.25,0.01829223476568927
0.5,0.017372589469152794
0.75,0.07703158163339278
0.95,0.12174919591751932
0.05,0.04643535729962983
0.25,0.026770508936380628
0.5,0.0393660922935834
0.75,0.049231150080930604
0.95,0.04376908598633181
0.05,0.03866885894206309
0.25,0.028679103788456534
0.5,0.01697168546723576
0.75,0.010044210763599695
0.95,0.002236687731559422
0.05,0.009808976256279507
0.25,0.015235994620612342
0.5,0.03437721544552114
0.75,0.04916478558573173
0.95,0.031792814412846856
0.05,0.4933448696903171
0.25,0.49516617073661157
0.5,0.27532776676024157
0.75,0.23662531387937702
0.95,0.35537096328710227
0.05,0.1237066237784099
0.25,0.10652589365680341
0.5,0.18598363899134052
0.75,0.13555491240409978
0.95,0.13256499547982242
0.05,0.011677018849456587
0.25,0.0433966081887244
0.5,0.023814464636913307
0.75,0.03840334082121589
0.95,0.006515139281449152
0.05,0.04167055470352817
0.25,0.046562538252341336
0.5,0.051085822069253134
0.75,0.047311846001061995
0.95,0.010430449775135799
0.05,0.010427006688155148
0.25,0.010290276983743333
0.5,0.033884085998228015
0.75,0.02296588898360025
0.95,0.004239959229227396
0.05,0.0101874119174878
0.25,0.030984372585123026
0.5,0.024539541502387973
0.75,0.058564278241773154
0.95,0.03147493970896667
0.05,0.011798535505873259
0.25,0.028917650705432795
0.5,0.05593334867005651
0.75,0.05040327702871985
0.95,0.03576526336270805
0.05,0.05730518527373846
0.25,0.03157836668301117
0.5,0.048205238294638235
0.75,0.042296530831165496
0.95,0.016774448559904346
0.05,0.03198559405542021
0.25,0.031835370232611675
0.5,0.04697451067106056
0.75,0.04757326441493926
0.95,0.04912829502442023
0.05,0.020584253953406812
0.25,0.023223235229445915
0.5,0.030824524985082688
0.75,0.033350437484807795
0.95,0.0261620991540184
0.05,0.02502426496654145
0.25,0.04262978481836933
0.5,0.03749768167921149
0.75,0.03472351028552121
0.95,0.03350720124200635
0.05,0.0255000221691776
0.25,0.04661596387978181
0.5,0.028816414432825576
0.75,0.02624980138617418
0.95,0.03530237255987869
0.05,0.025875475604277928
0.25,0.016541260770763424
0.5,0.019579399998084758
0.75,0.018995645679044885
0.95,0.021985875501142962
0.05,0.014685304747795004
0.25,0.03126073859565593
0.5,0.06430581329047076
0.75,0.042478352923931297
0.95,0.020245304818573135
