timestamp,open_usd,high_usd,low_usd,close_usd,volume_usd,holder_count,token_mint,token_name
2024-12-05 12:00:00,1.4051058598480934,1.4051058598480934,1.3093599611866602,1.3334326629826105,14.949745663342156,,7GCihgDB8fe6KNjn2MYtkzZcRjQy3t9GHdC8uHYmW2hr,POPCAT
2024-12-06 00:00:00,1.349918552694445,1.4155030851757093,1.349918552694445,1.3689973268317097,16.68369491291246,,7GCihgDB8fe6KNjn2MYtkzZcRjQy3t9GHdC8uHYmW2hr,POPCAT
2024-12-06 12:00:00,1.3486420917312474,1.448138553983601,1.3242907238876127,1.4331228826490319,16.685555773828614,,7GCihgDB8fe6KNjn2MYtkzZcRjQy3t9GHdC8uHYmW2hr,POPCAT
2024-12-07 00:00:00,1.4332438298444783,1.5186553447655937,1.405388754084966,1.5119603557346604,17.385464828593665,,7GCihgDB8fe6KNjn2MYtkzZcRjQy3t9GHdC8uHYmW2hr,POPCAT
2024-12-07 12:00:00,1.521174403387744,1.592723520842117,1.5092377652392144,1.5485685397821944,18.566606986298222,,7GCihgDB8fe6KNjn2MYtkzZcRjQy3t9GHdC8uHYmW2hr,POPCAT
2024-12-08 00:00:00,1.5318458031071729,1.5717018744244016,1.4848827576683,1.4982477745193807,18.44649805953721,,7GCihgDB8fe6KNjn2MYtkzZcRjQy3t9GHdC8uHYmW2hr,POPCAT
2024-12-08 12:00:00,1.509094112828513,1.5205844039663308,1.4882673539389837,1.5145724405265004,18.089405014039006,,7GCihgDB8fe6KNjn2MYtkzZcRjQy3t9GHdC8uHYmW2hr,POPCAT
2024-12-09 00:00:00,1.5141602605187072,1.533106102374509,1.374384097316922,1.374384097316922,17.728180046536192,,7GCihgDB8fe6KNjn2MYtkzZcRjQy3t9GHdC8uHYmW2hr,POPCAT
2024-12-09 12:00:00,1.3176899252567864,1.3842056125661852,1.1800867572690015,1.1806825023990397,15.506065367470466,,7GCihgDB8fe6KNjn2MYtkzZcRjQy3t9GHdC8uHYmW2hr,POPCAT
2024-12-10 00:00:00,1.1798724080567518,1.20575134992704,1.1379943729303434,1.1670165157548267,14.045916264456451,,7GCihgDB8fe6KNjn2MYtkzZcRjQy3t9GHdC8uHYmW2hr,POPCAT
2024-12-10 12:00:00,1.1563526858090412,1.176647637095452,1.0416209908695355,1.176647637095452,13.409450269027943,,7GCihgDB8fe6KNjn2MYtkzZcRjQy3t9GHdC8uHYmW2hr,POPCAT
2024-12-11 00:00:00,1.170332054151706,1.242072759485421,1.1435252316606503,1.237808950542188,14.502414944049578,,7GCihgDB8fe6KNjn2MYtkzZcRjQy3t9GHdC8uHYmW2hr,POPCAT
2024-12-11 12:00:00,1.2235542485464657,1.2834459526977657,1.2117970172890637,1.2534770825793728,14.997564829810397,,7GCihgDB8fe6KNjn2MYtkzZcRjQy3t9GHdC8uHYmW2hr,POPCAT
2024-12-12 00:00:00,1.2526237498066919,1.2733952253803125,1.2309214286270391,1.2309214286270391,15.058192227948277,,7GCihgDB8fe6KNjn2MYtkzZcRjQy3t9GHdC8uHYmW2hr,POPCAT
2024-12-12 12:00:00,1.2394813932371354,1.272231798046952,1.224607830945274,1.2329896245969747,14.925217241396185,,7GCihgDB8fe6KNjn2MYtkzZcRjQy3t9GHdC8uHYmW2hr,POPCAT
2024-12-13 00:00:00,1.2270057856444088,1.2556373730799302,1.2142901606504601,1.2374327865263264,14.85477399149404,,7GCihgDB8fe6KNjn2MYtkzZcRjQy3t9GHdC8uHYmW2hr,POPCAT
2024-12-13 12:00:00,1.232170829108005,1.2352335562207464,1.1888036183551536,1.2038898602182626,14.626555545275584,,7GCihgDB8fe6KNjn2MYtkzZcRjQy3t9GHdC8uHYmW2hr,POPCAT
2024-12-14 00:00:00,1.2146806563234833,1.2146806563234833,1.1644766806651097,1.1644766806651097,14.238288086639585,,7GCihgDB8fe6KNjn2MYtkzZcRjQy3t9GHdC8uHYmW2hr,POPCAT
2024-12-14 12:00:00,1.1640223849139046,1.1640223849139046,1.0845685653928017,1.0845685653928017,13.31457868743841,,7GCihgDB8fe6KNjn2MYtkzZcRjQy3t9GHdC8uHYmW2hr,POPCAT
2024-12-15 00:00:00,1.0816342360656452,1.1123374106184092,1.0765720004062524,1.1036999738826223,13.097916585243011,,7GCihgDB8fe6KNjn2MYtkzZcRjQy3t9GHdC8uHYmW2hr,POPCAT
2024-12-15 12:00:00,1.1044221937080705,1.166874722736497,1.0763453313669022,1.1043918454951813,13.595743088024612,,7GCihgDB8fe6KNjn2MYtkzZcRjQy3t9GHdC8uHYmW2hr,POPCAT
2024-12-16 00:00:00,1.1486046007459365,1.1666283187158963,1.0815374979772103,1.0868045440823955,13.439325813147333,,7GCihgDB8fe6KNjn2MYtkzZcRjQy3t9GHdC8uHYmW2hr,POPCAT
2024-12-16 12:00:00,1.0742891547076838,1.0941667346876254,1.0495921735636686,1.0548871317840027,12.846043638565838,,7GCihgDB8fe6KNjn2MYtkzZcRjQy3t9GHdC8uHYmW2hr,POPCAT
2024-12-17 00:00:00,1.0473595315465276,1.0935586367989056,1.0234805452974247,1.084575171040306,12.574471658591735,,7GCihgDB8fe6KNjn2MYtkzZcRjQy3t9GHdC8uHYmW2hr,POPCAT
2024-12-17 12:00:00,1.0758338828471612,1.0947603260968797,1.0321845621009704,1.0321845621009704,12.83908797104023,,7GCihgDB8fe6KNjn2MYtkzZcRjQy3t9GHdC8uHYmW2hr,POPCAT
2024-12-18 00:00:00,1.0403124341007801,1.0403124341007801,0.9802594882232945,1.0016609908751541,12.059722628256468,,7GCihgDB8fe6KNjn2MYtkzZcRjQy3t9GHdC8uHYmW2hr,POPCAT
2024-12-18 12:00:00,1.002600022593079,1.002600022593079,0.8374922441236625,0.8374922441236625,11.359181899761738,,7GCihgDB8fe6KNjn2MYtkzZcRjQy3t9GHdC8uHYmW2hr,POPCAT
2024-12-19 00:00:00,0.8247261611522579,0.8269532551525386,0.7945072330380795,0.8181636662744581,9.71009208542013,,7GCihgDB8fe6KNjn2MYtkzZcRjQy3t9GHdC8uHYmW2hr,POPCAT
2024-12-19 12:00:00,0.8235034816402675,0.8235034816402675,0.7202035413133632,0.7742280722438096,9.299510164402495,,7GCihgDB8fe6KNjn2MYtkzZcRjQy3t9GHdC8uHYmW2hr,POPCAT
2024-12-20 00:00:00,0.7699959474293232,0.7999156179336174,0.6771319027515136,0.6771319027515136,9.078189299424423,,7GCihgDB8fe6KNjn2MYtkzZcRjQy3t9GHdC8uHYmW2hr,POPCAT
2024-12-20 12:00:00,0.6538418583868728,0.8090993563191716,0.6538418583868728,0.8090993563191716,8.933304726187352,,7GCihgDB8fe6KNjn2MYtkzZcRjQy3t9GHdC8uHYmW2hr,POPCAT
2024-12-21 00:00:00,0.794053407485704,0.8640837977617459,0.794053407485704,0.8092997394739168,9.822550672662599,,7GCihgDB8fe6KNjn2MYtkzZcRjQy3t9GHdC8uHYmW2hr,POPCAT
2024-12-21 12:00:00,0.8077518747203207,0.8077518747203207,0.7053009693755016,0.7053009693755016,8.864556545291856,,7GCihgDB8fe6KNjn2MYtkzZcRjQy3t9GHdC8uHYmW2hr,POPCAT
2024-12-22 00:00:00,0.708769278589794,0.8012990672953475,0.708769278589794,0.8012990672953475,8.83808942713239,,7GCihgDB8fe6KNjn2MYtkzZcRjQy3t9GHdC8uHYmW2hr,POPCAT
2024-12-22 12:00:00,0.7964619847388007,0.807831785576424,0.7496270641382129,0.7826383697373435,9.3335908775539,,7GCihgDB8fe6KNjn2MYtkzZcRjQy3t9GHdC8uHYmW2hr,POPCAT
2024-12-23 00:00:00,0.7646062710827011,0.7857877757100127,0.7521328797932452,0.7553346905965507,9.163785623466405,,7GCihgDB8fe6KNjn2MYtkzZcRjQy3t9GHdC8uHYmW2hr,POPCAT
2024-12-23 12:00:00,0.742299303130159,0.8304388064783996,0.7256963204310043,0.8304388064783996,9.18225338111998,,7GCihgDB8fe6KNjn2MYtkzZcRjQy3t9GHdC8uHYmW2hr,POPCAT
2024-12-24 00:00:00,0.8125620110015619,0.8125620110015619,0.7486600305494375,0.7486600305494375,9.393463629468918,,7GCihgDB8fe6KNjn2MYtkzZcRjQy3t9GHdC8uHYmW2hr,POPCAT
2024-12-24 12:00:00,0.7592667456471366,0.7958290968414833,0.7592667456471366,0.7958290968414833,9.38448781802819,,7GCihgDB8fe6KNjn2MYtkzZcRjQy3t9GHdC8uHYmW2hr,POPCAT
2024-12-25 00:00:00,0.8050811772859016,0.8368488543454707,0.8050811772859016,0.8344566140303586,9.886648645516921,,7GCihgDB8fe6KNjn2MYtkzZcRjQy3t9GHdC8uHYmW2hr,POPCAT
2024-12-25 12:00:00,0.8278856713699374,0.8278856713699374,0.7862871796966995,0.7912252818013926,9.709925867149613,,7GCihgDB8fe6KNjn2MYtkzZcRjQy3t9GHdC8uHYmW2hr,POPCAT
2024-12-26 00:00:00,0.8065095959567187,0.8065095959567187,0.7514848688379302,0.7514848688379302,9.258564668018048,,7GCihgDB8fe6KNjn2MYtkzZcRjQy3t9GHdC8uHYmW2hr,POPCAT
2024-12-26 12:00:00,0.7457302212574153,0.7484849676512766,0.7175477650140019,0.7292889248403024,8.807780389563504,,7GCihgDB8fe6KNjn2MYtkzZcRjQy3t9GHdC8uHYmW2hr,POPCAT
2024-12-27 00:00:00,0.7346213296394566,0.7841056653481376,0.7307761405342629,0.7753027866668561,8.950142249824383,,7GCihgDB8fe6KNjn2MYtkzZcRjQy3t9GHdC8uHYmW2hr,POPCAT
2024-12-27 12:00:00,0.7736113737977477,0.7752807837361751,0.7360260719663444,0.7360260719663444,9.086477915300916,,7GCihgDB8fe6KNjn2MYtkzZcRjQy3t9GHdC8uHYmW2hr,POPCAT
2024-12-28 00:00:00,0.7417140763787592,0.744521197491938,0.7271903683512818,0.732883110717232,8.816887297840518,,7GCihgDB8fe6KNjn2MYtkzZcRjQy3t9GHdC8uHYmW2hr,POPCAT
2024-12-28 12:00:00,0.737119446209784,0.8015545897858545,0.7357395644156753,0.8003607126864147,9.329786406897982,,7GCihgDB8fe6KNjn2MYtkzZcRjQy3t9GHdC8uHYmW2hr,POPCAT
2024-12-29 00:00:00,0.79246275262914,0.7989056293144452,0.7830249789644275,0.7846653144210083,9.47820159871192,,7GCihgDB8fe6KNjn2MYtkzZcRjQy3t9GHdC8uHYmW2hr,POPCAT
2024-12-29 12:00:00,0.7866025505609249,0.7866025505609249,0.7170928953054422,0.7170928953054422,9.00301805424492,,7GCihgDB8fe6KNjn2MYtkzZcRjQy3t9GHdC8uHYmW2hr,POPCAT
2024-12-30 00:00:00,0.7279340832581052,0.7876320189845245,0.7279340832581052,0.7866839519689425,9.24220862381433,,7GCihgDB8fe6KNjn2MYtkzZcRjQy3t9GHdC8uHYmW2hr,POPCAT
2024-12-30 12:00:00,0.787827598982667,0.8082500943684505,0.7605328905942197,0.7648126995928636,9.418247889130296,,7GCihgDB8fe6KNjn2MYtkzZcRjQy3t9GHdC8uHYmW2hr,POPCAT
2024-12-31 00:00:00,0.7692325632166427,0.7692325632166427,0.7297593245020062,0.7401464032980715,8.939782111931269,,7GCihgDB8fe6KNjn2MYtkzZcRjQy3t9GHdC8uHYmW2hr,POPCAT
2024-12-31 12:00:00,0.7446526892447223,0.7862745648503714,0.7329801486963308,0.7329801486963308,9.065702707722254,,7GCihgDB8fe6KNjn2MYtkzZcRjQy3t9GHdC8uHYmW2hr,POPCAT
2025-01-01 00:00:00,0.7348231357340668,0.7534891772090743,0.7293313329623308,0.7405400542683794,8.841032451735726,,7GCihgDB8fe6KNjn2MYtkzZcRjQy3t9GHdC8uHYmW2hr,POPCAT
2025-01-01 12:00:00,0.7541683475786118,0.7599169977782934,0.7339912460364624,0.7486521465177612,8.922471007603908,,7GCihgDB8fe6KNjn2MYtkzZcRjQy3t9GHdC8uHYmW2hr,POPCAT
2025-01-02 00:00:00,0.7518443788379049,0.8417872523072749,0.7518443788379049,0.8417872523072749,9.531843810894634,,7GCihgDB8fe6KNjn2MYtkzZcRjQy3t9GHdC8uHYmW2hr,POPCAT
2025-01-02 12:00:00,0.8593534242501258,0.887526611782313,0.8552079805624447,0.8552079805624447,10.44058855603947,,7GCihgDB8fe6KNjn2MYtkzZcRjQy3t9GHdC8uHYmW2hr,POPCAT
2025-01-03 00:00:00,0.8704319600275291,0.8780823090144346,0.8448292917154054,0.8780823090144346,10.301179124559098,,7GCihgDB8fe6KNjn2MYtkzZcRjQy3t9GHdC8uHYmW2hr,POPCAT
2025-01-03 12:00:00,0.9023547682070264,0.9486632996004208,0.8884812365745199,0.9322566680071019,11.097564663933085,,7GCihgDB8fe6KNjn2MYtkzZcRjQy3t9GHdC8uHYmW2hr,POPCAT
2025-01-04 00:00:00,0.9289881820471505,0.9289881820471505,0.8875125352140202,0.8875125352140202,10.991995434566942,,7GCihgDB8fe6KNjn2MYtkzZcRjQy3t9GHdC8uHYmW2hr,POPCAT
2025-01-04 12:00:00,0.8956014206017462,0.9044520074231825,0.8710919039334285,0.8880510708144649,10.669516798313701,,7GCihgDB8fe6KNjn2MYtkzZcRjQy3t9GHdC8uHYmW2hr,POPCAT
2025-01-05 00:00:00,0.8888995795287551,0.8902507826025773,0.8576053393961274,0.860918653046305,10.506617380989589,,7GCihgDB8fe6KNjn2MYtkzZcRjQy3t9GHdC8uHYmW2hr,POPCAT
2025-01-05 12:00:00,0.8640869832012844,0.8718701716137025,0.8536394050564114,0.8718701716137025,10.370980007656682,,7GCihgDB8fe6KNjn2MYtkzZcRjQy3t9GHdC8uHYmW2hr,POPCAT
2025-01-06 00:00:00,0.8624480198363689,0.8683005880206388,0.8511465917647519,0.8593397523288392,10.331200122355963,,7GCihgDB8fe6KNjn2MYtkzZcRjQy3t9GHdC8uHYmW2hr,POPCAT
2025-01-06 12:00:00,0.8688352748913618,0.8893843799167761,0.8509913042022839,0.8565301361670504,10.468707834959694,,7GCihgDB8fe6KNjn2MYtkzZcRjQy3t9GHdC8uHYmW2hr,POPCAT
2025-01-07 00:00:00,0.8524673911396738,0.8524673911396738,0.8015874289789232,0.802115568114728,9.800464680384627,,7GCihgDB8fe6KNjn2MYtkzZcRjQy3t9GHdC8uHYmW2hr,POPCAT
2025-01-07 12:00:00,0.7984357728708679,0.7984357728708679,0.7171097201808818,0.7196494516240151,9.077071781967865,,7GCihgDB8fe6KNjn2MYtkzZcRjQy3t9GHdC8uHYmW2hr,POPCAT
2025-01-08 00:00:00,0.7075900812508995,0.70803129219775,0.6551445489533649,0.6669883180988924,8.153570470293777,,7GCihgDB8fe6KNjn2MYtkzZcRjQy3t9GHdC8uHYmW2hr,POPCAT
2025-01-08 12:00:00,0.6565862428887467,0.6594190884398292,0.5949660146063543,0.6033890905860619,7.47820500937521,,7GCihgDB8fe6KNjn2MYtkzZcRjQy3t9GHdC8uHYmW2hr,POPCAT
2025-01-09 00:00:00,0.6022744142241903,0.6033078101385152,0.5757022835048345,0.5757022835048345,7.051922815992801,,7GCihgDB8fe6KNjn2MYtkzZcRjQy3t9GHdC8uHYmW2hr,POPCAT
2025-01-09 12:00:00,0.5651391370177686,0.5651391370177686,0.5265663746319434,0.539314498793723,6.48735095361619,,7GCihgDB8fe6KNjn2MYtkzZcRjQy3t9GHdC8uHYmW2hr,POPCAT
2025-01-10 00:00:00,0.5387574663405077,0.5866993299355945,0.5387574663405077,0.5756907855618494,6.885906951713724,,7GCihgDB8fe6KNjn2MYtkzZcRjQy3t9GHdC8uHYmW2hr,POPCAT
2025-01-10 12:00:00,0.5732507515095838,0.5732507515095838,0.5329166626248512,0.536686238509866,6.544265990311616,,7GCihgDB8fe6KNjn2MYtkzZcRjQy3t9GHdC8uHYmW2hr,POPCAT
2025-01-11 00:00:00,0.5355135275855445,0.5355135275855445,0.5154904535360955,0.5255984782292377,6.300434761834994,,7GCihgDB8fe6KNjn2MYtkzZcRjQy3t9GHdC8uHYmW2hr,POPCAT
2025-01-11 12:00:00,0.5279309201937203,0.5707907275577152,0.5200393318328336,0.5522818888858416,6.38650297933741,,7GCihgDB8fe6KNjn2MYtkzZcRjQy3t9GHdC8uHYmW2hr,POPCAT
2025-01-12 00:00:00,0.5550896214256605,0.5604090831451132,0.5409280047571536,0.5604090831451132,6.565002369490172,,7GCihgDB8fe6KNjn2MYtkzZcRjQy3t9GHdC8uHYmW2hr,POPCAT
2025-01-12 12:00:00,0.5792424760349505,0.5898665549579646,0.5686656398480034,0.5700273772704519,6.908735838901719,,7GCihgDB8fe6KNjn2MYtkzZcRjQy3t9GHdC8uHYmW2hr,POPCAT
2025-01-13 00:00:00,0.5789049752350341,0.5860275773852363,0.5330723515570703,0.5330723515570703,6.168168686873568,,7GCihgDB8fe6KNjn2MYtkzZcRjQy3t9GHdC8uHYmW2hr,POPCAT
2025-01-13 12:00:00,0.5101137987106545,0.5559134299178579,0.5059080847918456,0.5559134299178579,6.284844596563946,,7GCihgDB8fe6KNjn2MYtkzZcRjQy3t9GHdC8uHYmW2hr,POPCAT
2025-01-14 00:00:00,0.5547916773318432,0.567577349323461,0.5479019561611235,0.5560944145572281,6.689305935602773,,7GCihgDB8fe6KNjn2MYtkzZcRjQy3t9GHdC8uHYmW2hr,POPCAT
2025-01-14 12:00:00,0.5536309284076939,0.5635315220632096,0.5513968334741073,0.5538423976837014,6.684005237338439,,7GCihgDB8fe6KNjn2MYtkzZcRjQy3t9GHdC8uHYmW2hr,POPCAT
2025-01-15 00:00:00,0.5457991407045202,0.5457991407045202,0.5215039379568736,0.5254833733890457,6.401617877919707,,7GCihgDB8fe6KNjn2MYtkzZcRjQy3t9GHdC8uHYmW2hr,POPCAT
2025-01-15 12:00:00,0.5226061702571799,0.5996907688931586,0.5210697842180612,0.5953176954998618,6.908400373547244,,7GCihgDB8fe6KNjn2MYtkzZcRjQy3t9GHdC8uHYmW2hr,POPCAT
2025-01-16 00:00:00,0.5986393030436538,0.5986393030436538,0.56867780966201,0.56867780966201,6.926223819948187,,7GCihgDB8fe6KNjn2MYtkzZcRjQy3t9GHdC8uHYmW2hr,POPCAT
2025-01-16 12:00:00,0.5924919512488349,0.6184292381450638,0.5820728355801039,0.5876471645043646,7.202146939421281,,7GCihgDB8fe6KNjn2MYtkzZcRjQy3t9GHdC8uHYmW2hr,POPCAT
2025-01-17 00:00:00,0.5923736174257832,0.6763253489043711,0.5923736174257832,0.6763253489043711,7.473462464806082,,7GCihgDB8fe6KNjn2MYtkzZcRjQy3t9GHdC8uHYmW2hr,POPCAT
2025-01-17 12:00:00,0.6872503108271719,0.7227173992050934,0.6862263863744642,0.7221376397114502,8.480754630961721,,7GCihgDB8fe6KNjn2MYtkzZcRjQy3t9GHdC8uHYmW2hr,POPCAT
2025-01-18 00:00:00,0.7192939618734432,0.7415701493207806,0.6356794349916004,0.6464597373528556,8.223142941178978,,7GCihgDB8fe6KNjn2MYtkzZcRjQy3t9GHdC8uHYmW2hr,POPCAT
2025-01-18 12:00:00,0.6299143380288876,0.6398529307631836,0.5957327503172839,0.5978204208401506,7.465572119209147,,7GCihgDB8fe6KNjn2MYtkzZcRjQy3t9GHdC8uHYmW2hr,POPCAT
2025-01-19 00:00:00,0.6099545566148739,0.614594496033322,0.5371058106589661,0.5371058106589661,7.072992902053639,,7GCihgDB8fe6KNjn2MYtkzZcRjQy3t9GHdC8uHYmW2hr,POPCAT
2025-01-19 12:00:00,0.5195070163248361,0.6112404279783789,0.5195070163248361,0.5252359741597216,6.586615628580908,,7GCihgDB8fe6KNjn2MYtkzZcRjQy3t9GHdC8uHYmW2hr,POPCAT
2025-01-20 00:00:00,0.4882255426078146,0.4882255426078146,0.4239187910759671,0.44826849009142,5.456245506707745,,7GCihgDB8fe6KNjn2MYtkzZcRjQy3t9GHdC8uHYmW2hr,POPCAT
2025-01-20 12:00:00,0.4475136717799572,0.4475136717799572,0.41130733389674784,0.4330518123806716,5.167365496168728,,7GCihgDB8fe6KNjn2MYtkzZcRjQy3t9GHdC8uHYmW2hr,POPCAT
2025-01-21 00:00:00,0.42928714061606327,0.44117887636997116,0.426893471791224,0.426893471791224,5.18378696422037,,7GCihgDB8fe6KNjn2MYtkzZcRjQy3t9GHdC8uHYmW2hr,POPCAT
2025-01-21 12:00:00,0.4497581642414489,0.5396742486229646,0.4462377023969014,0.5057088790079441,5.795320674678131,,7GCihgDB8fe6KNjn2MYtkzZcRjQy3t9GHdC8uHYmW2hr,POPCAT
2025-01-22 00:00:00,0.49574880659556314,0.5545176906690233,0.48707971742251605,0.5451164042489475,6.238290202179859,,7GCihgDB8fe6KNjn2MYtkzZcRjQy3t9GHdC8uHYmW2hr,POPCAT
2025-01-22 12:00:00,0.5640980096430342,0.6231696747988326,0.5640980096430342,0.5822065152204595,7.107340632286154,,7GCihgDB8fe6KNjn2MYtkzZcRjQy3t9GHdC8uHYmW2hr,POPCAT
2025-01-23 00:00:00,0.5712079453335904,0.5836660530098808,0.5459971739379756,0.5459971739379756,6.794809548384842,,7GCihgDB8fe6KNjn2MYtkzZcRjQy3t9GHdC8uHYmW2hr,POPCAT
2025-01-23 12:00:00,0.5447113160352933,0.5849491617595352,0.5360876866760286,0.5485860086630754,6.668464738695459,,7GCihgDB8fe6KNjn2MYtkzZcRjQy3t9GHdC8uHYmW2hr,POPCAT
2025-01-24 00:00:00,0.5623090365564387,0.5871059641275306,0.5306627348574823,0.5306627348574823,6.180299036182591,,7GCihgDB8fe6KNjn2MYtkzZcRjQy3t9GHdC8uHYmW2hr,POPCAT
2025-01-24 12:00:00,0.5359139814073518,0.5466889028432145,0.4449540219985473,0.4449540219985473,5.968825451419393,,7GCihgDB8fe6KNjn2MYtkzZcRjQy3t9GHdC8uHYmW2hr,POPCAT
2025-01-25 00:00:00,0.4430833219926881,0.4430833219926881,0.41831890952948064,0.43389093957476427,5.172939614270051,,7GCihgDB8fe6KNjn2MYtkzZcRjQy3t9GHdC8uHYmW2hr,POPCAT
2025-01-25 12:00:00,0.4310115879993968,0.4612551093850054,0.42012821552320223,0.42012821552320223,5.282765338250418,,7GCihgDB8fe6KNjn2MYtkzZcRjQy3t9GHdC8uHYmW2hr,POPCAT
2025-01-26 00:00:00,0.42059185766632523,0.43629659964993356,0.42059185766632523,0.42619919059506406,5.136504453124953,,7GCihgDB8fe6KNjn2MYtkzZcRjQy3t9GHdC8uHYmW2hr,POPCAT
2025-01-26 12:00:00,0.43431884830722994,0.4641009300549908,0.42067206532837687,0.42067206532837687,5.261054422493634,,7GCihgDB8fe6KNjn2MYtkzZcRjQy3t9GHdC8uHYmW2hr,POPCAT
2025-01-27 00:00:00,0.40257776324965416,0.40257776324965416,0.34412205153238995,0.34412205153238995,4.485571366148191,,7GCihgDB8fe6KNjn2MYtkzZcRjQy3t9GHdC8uHYmW2hr,POPCAT
2025-01-27 12:00:00,0.3576981483068147,0.38065932869556235,0.3492601302402736,0.38065932869556235,4.391363349960306,,7GCihgDB8fe6KNjn2MYtkzZcRjQy3t9GHdC8uHYmW2hr,POPCAT
2025-01-28 00:00:00,0.3838058276994168,0.39767820055918257,0.38174551677721924,0.38448729355907835,4.640118939301175,,7GCihgDB8fe6KNjn2MYtkzZcRjQy3t9GHdC8uHYmW2hr,POPCAT
2025-01-28 12:00:00,0.37791294595647595,0.37842080761448643,0.33300081623845823,0.33300081623845823,4.3530240528715005,,7GCihgDB8fe6KNjn2MYtkzZcRjQy3t9GHdC8uHYmW2hr,POPCAT
2025-01-29 00:00:00,0.3302487580617771,0.37895828137899357,0.3302487580617771,0.375948232596448,4.364856139999889,,7GCihgDB8fe6KNjn2MYtkzZcRjQy3t9GHdC8uHYmW2hr,POPCAT
2025-01-29 12:00:00,0.37649452749206946,0.37649452749206946,0.3392315727337707,0.35141281091255794,4.267590081797917,,7GCihgDB8fe6KNjn2MYtkzZcRjQy3t9GHdC8uHYmW2hr,POPCAT
2025-01-30 00:00:00,0.3414914401503739,0.3554826206166084,0.34078353539813094,0.34516296701456933,4.162328028047714,,7GCihgDB8fe6KNjn2MYtkzZcRjQy3t9GHdC8uHYmW2hr,POPCAT
2025-01-30 12:00:00,0.3447391356063205,0.36285912493875216,0.32879620109689034,0.32879620109689034,4.1280059777444675,,7GCihgDB8fe6KNjn2MYtkzZcRjQy3t9GHdC8uHYmW2hr,POPCAT
2025-01-31 00:00:00,0.3261944784733862,0.33034751004579527,0.31454536494640645,0.3227098906039111,3.887170841808013,,7GCihgDB8fe6KNjn2MYtkzZcRjQy3t9GHdC8uHYmW2hr,POPCAT
2025-01-31 12:00:00,0.33421305937369505,0.34984989177291786,0.3150326831851687,0.3150326831851687,3.9962753867354306,,7GCihgDB8fe6KNjn2MYtkzZcRjQy3t9GHdC8uHYmW2hr,POPCAT
2025-02-01 00:00:00,0.31620246230194204,0.3291854988829401,0.27128891378223546,0.27128891378223546,3.727912454488608,,7GCihgDB8fe6KNjn2MYtkzZcRjQy3t9GHdC8uHYmW2hr,POPCAT
2025-02-01 12:00:00,0.27498755989706747,0.28049694574577044,0.23962884750307403,0.23962884750307403,3.1491397790791376,,7GCihgDB8fe6KNjn2MYtkzZcRjQy3t9GHdC8uHYmW2hr,POPCAT
2025-02-02 00:00:00,0.23006391231436485,0.24155859189615697,0.22360325232057632,0.2340259792237482,2.8215294629333063,,7GCihgDB8fe6KNjn2MYtkzZcRjQy3t9GHdC8uHYmW2hr,POPCAT
2025-02-02 12:00:00,0.23111219742472358,0.2347620986559778,0.21360824937986966,0.23268585149170176,2.7050381730532305,,7GCihgDB8fe6KNjn2MYtkzZcRjQy3t9GHdC8uHYmW2hr,POPCAT
2025-02-03 00:00:00,0.23604964758459235,0.23604964758459235,0.17663708688288568,0.22435296937574822,2.4357514677268033,,7GCihgDB8fe6KNjn2MYtkzZcRjQy3t9GHdC8uHYmW2hr,POPCAT
2025-02-03 12:00:00,0.2131737548213104,0.25972083431718274,0.20929266668543445,0.25724133398249993,2.890663382190753,,7GCihgDB8fe6KNjn2MYtkzZcRjQy3t9GHdC8uHYmW2hr,POPCAT
2025-02-04 00:00:00,0.2599209748330244,0.2635878583923252,0.2359606255593874,0.24064922784578446,3.0060189941024245,,7GCihgDB8fe6KNjn2MYtkzZcRjQy3t9GHdC8uHYmW2hr,POPCAT
2025-02-04 12:00:00,0.2484419251943431,0.2706768532013856,0.23210050755875106,0.23468109898568287,3.041752281327963,,7GCihgDB8fe6KNjn2MYtkzZcRjQy3t9GHdC8uHYmW2hr,POPCAT
2025-02-05 00:00:00,0.2396031106757148,0.2572574619463752,0.2396031106757148,0.2572574619463752,2.9839571528702793,,7GCihgDB8fe6KNjn2MYtkzZcRjQy3t9GHdC8uHYmW2hr,POPCAT
2025-02-05 12:00:00,0.25450054709857006,0.25538011752895357,0.21410770890063066,0.21410770890063066,2.8029153865417076,,7GCihgDB8fe6KNjn2MYtkzZcRjQy3t9GHdC8uHYmW2hr,POPCAT
2025-02-06 00:00:00,0.2159783886698869,0.23169086156950774,0.2159783886698869,0.22438433200306843,2.6861942439339646,,7GCihgDB8fe6KNjn2MYtkzZcRjQy3t9GHdC8uHYmW2hr,POPCAT
2025-02-06 12:00:00,0.22167833696247566,0.22167833696247566,0.20476721383429616,0.21100275951723305,2.5518340093698093,,7GCihgDB8fe6KNjn2MYtkzZcRjQy3t9GHdC8uHYmW2hr,POPCAT
2025-02-07 00:00:00,0.20667196664652854,0.22131476608035341,0.20667196664652854,0.22131476608035341,2.564730595354219,,7GCihgDB8fe6KNjn2MYtkzZcRjQy3t9GHdC8uHYmW2hr,POPCAT
2025-02-07 12:00:00,0.2222306373913148,0.2652523914080392,0.20653182902356917,0.20893277472531796,2.7278590932631133,,7GCihgDB8fe6KNjn2MYtkzZcRjQy3t9GHdC8uHYmW2hr,POPCAT
2025-02-08 00:00:00,0.21631283302161058,0.2676103807138473,0.21631283302161058,0.263714216618413,2.8372691389919664,,7GCihgDB8fe6KNjn2MYtkzZcRjQy3t9GHdC8uHYmW2hr,POPCAT
2025-02-08 12:00:00,0.26797307019875155,0.29795435138431037,0.2664252805976794,0.2796639618307093,3.360290689417817,,7GCihgDB8fe6KNjn2MYtkzZcRjQy3t9GHdC8uHYmW2hr,POPCAT
2025-02-09 00:00:00,0.27691299804630265,0.3086387242279863,0.27263819291958885,0.30755341137520964,3.511790373382885,,7GCihgDB8fe6KNjn2MYtkzZcRjQy3t9GHdC8uHYmW2hr,POPCAT
2025-02-09 12:00:00,0.3011258553216928,0.3089211666333335,0.26274173894983244,0.2775014137279935,3.4286817620868657,,7GCihgDB8fe6KNjn2MYtkzZcRjQy3t9GHdC8uHYmW2hr,POPCAT
2025-02-10 00:00:00,0.2840502409202022,0.3031064809040572,0.27776634579117215,0.2993526867832293,3.511926176660985,,7GCihgDB8fe6KNjn2MYtkzZcRjQy3t9GHdC8uHYmW2hr,POPCAT
2025-02-10 12:00:00,0.30504998351419754,0.3307159240345671,0.28137659433329637,0.28137659433329637,3.6339993490337665,,7GCihgDB8fe6KNjn2MYtkzZcRjQy3t9GHdC8uHYmW2hr,POPCAT
2025-02-11 00:00:00,0.280500280243532,0.302390330494149,0.27960771812345214,0.27960771812345214,3.502176542889695,,7GCihgDB8fe6KNjn2MYtkzZcRjQy3t9GHdC8uHYmW2hr,POPCAT
2025-02-11 12:00:00,0.2735601817206462,0.2735601817206462,0.2606651424350675,0.2606651424350675,3.2038184653601225,,7GCihgDB8fe6KNjn2MYtkzZcRjQy3t9GHdC8uHYmW2hr,POPCAT
2025-02-12 00:00:00,0.26623374063896543,0.267581881717769,0.2571481387022475,0.25751347652379936,3.1443739281570333,,7GCihgDB8fe6KNjn2MYtkzZcRjQy3t9GHdC8uHYmW2hr,POPCAT
2025-02-12 12:00:00,0.26200480765770046,0.31442037726358574,0.2477753807034739,0.31442037726358574,3.1889580845098005,,7GCihgDB8fe6KNjn2MYtkzZcRjQy3t9GHdC8uHYmW2hr,POPCAT
2025-02-13 00:00:00,0.3115309125560143,0.3329910109889966,0.30699622564657353,0.3151725312802219,3.872051058898541,,7GCihgDB8fe6KNjn2MYtkzZcRjQy3t9GHdC8uHYmW2hr,POPCAT
2025-02-13 12:00:00,0.3095285188494258,0.3095285188494258,0.2852986569546314,0.29890719948935623,3.603216560621317,,7GCihgDB8fe6KNjn2MYtkzZcRjQy3t9GHdC8uHYmW2hr,POPCAT
2025-02-14 00:00:00,0.31085025901226165,0.36738107147940346,0.31085025901226165,0.36738107147940346,4.165051688530946,,7GCihgDB8fe6KNjn2MYtkzZcRjQy3t9GHdC8uHYmW2hr,POPCAT
2025-02-14 12:00:00,0.3515811955240592,0.3710354503109765,0.3274931294240037,0.3274931294240037,4.2746326046189065,,7GCihgDB8fe6KNjn2MYtkzZcRjQy3t9GHdC8uHYmW2hr,POPCAT
2025-02-15 00:00:00,0.34200413125812407,0.34200413125812407,0.3081089279752918,0.3081089279752918,3.8357135150341293,,7GCihgDB8fe6KNjn2MYtkzZcRjQy3t9GHdC8uHYmW2hr,POPCAT
2025-02-15 12:00:00,0.31029452860054946,0.3268055531946756,0.2908822061923037,0.2908822061923037,3.7361878042609233,,7GCihgDB8fe6KNjn2MYtkzZcRjQy3t9GHdC8uHYmW2hr,POPCAT
2025-02-16 00:00:00,0.2881508207342855,0.30697839043497804,0.2881508207342855,0.30227633298023077,3.584229529790318,,7GCihgDB8fe6KNjn2MYtkzZcRjQy3t9GHdC8uHYmW2hr,POPCAT
2025-02-16 12:00:00,0.3029104210465337,0.31150099380712126,0.28533185896048574,0.2957956518599156,3.5823475688151905,,7GCihgDB8fe6KNjn2MYtkzZcRjQy3t9GHdC8uHYmW2hr,POPCAT
2025-02-17 00:00:00,0.2937671631935197,0.2945849983983119,0.27920542867250936,0.29131322657690334,3.164527237201912,,7GCihgDB8fe6KNjn2MYtkzZcRjQy3t9GHdC8uHYmW2hr,POPCAT
2025-02-17 12:00:00,0.2960252948921372,0.2979713408015696,0.26119193531378904,0.2663378189994232,3.3380548322792016,,7GCihgDB8fe6KNjn2MYtkzZcRjQy3t9GHdC8uHYmW2hr,POPCAT
2025-02-18 00:00:00,0.2668361752948155,0.2686336081198863,0.24819021951452402,0.25335625525564015,3.1166007551076222,,7GCihgDB8fe6KNjn2MYtkzZcRjQy3t9GHdC8uHYmW2hr,POPCAT
2025-02-18 12:00:00,0.2523632340374047,0.2523632340374047,0.23239237902085835,0.2390141587269374,2.8823078424533604,,7GCihgDB8fe6KNjn2MYtkzZcRjQy3t9GHdC8uHYmW2hr,POPCAT
2025-02-19 00:00:00,0.23885857559063361,0.24138615433652666,0.22667763166123212,0.24138615433652666,2.825425571711083,,7GCihgDB8fe6KNjn2MYtkzZcRjQy3t9GHdC8uHYmW2hr,POPCAT
2025-02-19 12:00:00,0.2444881616190075,0.2444881616190075,0.21774308902638398,0.22474968800764256,2.7730222635327832,,7GCihgDB8fe6KNjn2MYtkzZcRjQy3t9GHdC8uHYmW2hr,POPCAT
2025-02-20 00:00:00,0.22736045560719045,0.2382849251896433,0.22536159847385887,0.2382849251896433,2.7521145147653137,,7GCihgDB8fe6KNjn2MYtkzZcRjQy3t9GHdC8uHYmW2hr,POPCAT
2025-02-20 12:00:00,0.23864497257234887,0.24434565274251163,0.2341870210190438,0.24434565274251163,2.8664350302418344,,7GCihgDB8fe6KNjn2MYtkzZcRjQy3t9GHdC8uHYmW2hr,POPCAT
2025-02-21 00:00:00,0.25045146788326467,0.257855158443559,0.23243049765299642,0.2575449617061251,2.947059679064615,,7GCihgDB8fe6KNjn2MYtkzZcRjQy3t9GHdC8uHYmW2hr,POPCAT
2025-02-21 12:00:00,0.25860299632477396,0.27095746333983883,0.24226406169373144,0.25112839958338584,3.050408921602267,,7GCihgDB8fe6KNjn2MYtkzZcRjQy3t9GHdC8uHYmW2hr,POPCAT
2025-02-22 00:00:00,0.24384273890133196,0.2552763619524404,0.2329459252803724,0.2552763619524404,2.9474303631358945,,7GCihgDB8fe6KNjn2MYtkzZcRjQy3t9GHdC8uHYmW2hr,POPCAT
2025-02-22 12:00:00,0.2583025100086884,0.2673573850015732,0.2564388921920432,0.2634634484878959,3.1226014812252303,,7GCihgDB8fe6KNjn2MYtkzZcRjQy3t9GHdC8uHYmW2hr,POPCAT
2025-02-23 00:00:00,0.26166223163006364,0.26166223163006364,0.24546321142291147,0.2516406585334112,3.0397365657341444,,7GCihgDB8fe6KNjn2MYtkzZcRjQy3t9GHdC8uHYmW2hr,POPCAT
2025-02-23 12:00:00,0.24797158900775712,0.24797158900775712,0.23521431210307653,0.24260428254010344,2.9008233539044115,,7GCihgDB8fe6KNjn2MYtkzZcRjQy3t9GHdC8uHYmW2hr,POPCAT
2025-02-24 00:00:00,0.24307867073594785,0.24307867073594785,0.22467867415326848,0.224844941258893,2.7827657991679087,,7GCihgDB8fe6KNjn2MYtkzZcRjQy3t9GHdC8uHYmW2hr,POPCAT
2025-02-24 12:00:00,0.22708336768062237,0.2309950282769514,0.19868783361460057,0.19868783361460057,2.665260949301933,,7GCihgDB8fe6KNjn2MYtkzZcRjQy3t9GHdC8uHYmW2hr,POPCAT
2025-02-25 00:00:00,0.20307342142023904,0.21234351250397226,0.20019223011983556,0.20889605138675066,2.483994831054336,,7GCihgDB8fe6KNjn2MYtkzZcRjQy3t9GHdC8uHYmW2hr,POPCAT
2025-02-25 12:00:00,0.21593922014258574,0.23184804867251346,0.2135962931076475,0.2267896748375263,2.6773153923384037,,7GCihgDB8fe6KNjn2MYtkzZcRjQy3t9GHdC8uHYmW2hr,POPCAT
2025-02-26 00:00:00,0.2247055168944888,0.23694110520599224,0.2247055168944888,0.2344646117260621,2.791764512136535,,7GCihgDB8fe6KNjn2MYtkzZcRjQy3t9GHdC8uHYmW2hr,POPCAT
2025-02-26 12:00:00,0.2238837669837019,0.2566929799209978,0.2238837669837019,0.2566929799209978,2.843966167068168,,7GCihgDB8fe6KNjn2MYtkzZcRjQy3t9GHdC8uHYmW2hr,POPCAT
2025-02-27 00:00:00,0.2575179611932098,0.2709458695420836,0.2575179611932098,0.2682950401776207,3.183838881856072,,7GCihgDB8fe6KNjn2MYtkzZcRjQy3t9GHdC8uHYmW2hr,POPCAT
2025-02-27 12:00:00,0.26573168910129513,0.2688706810673749,0.2503686397755014,0.25915448008920283,3.116735068905805,,7GCihgDB8fe6KNjn2MYtkzZcRjQy3t9GHdC8uHYmW2hr,POPCAT
2025-02-28 00:00:00,0.2548545786494536,0.25910712620245013,0.24404159026940106,0.25130520092843156,3.037790163496704,,7GCihgDB8fe6KNjn2MYtkzZcRjQy3t9GHdC8uHYmW2hr,POPCAT
2025-02-28 12:00:00,0.24874937991062537,0.29178724353221097,0.24874937991062537,0.2796373515341353,3.3120195210112864,,7GCihgDB8fe6KNjn2MYtkzZcRjQy3t9GHdC8uHYmW2hr,POPCAT
2025-03-01 00:00:00,0.28187490268816984,0.2904428669406558,0.271499215182834,0.271499215182834,3.399615378423439,,7GCihgDB8fe6KNjn2MYtkzZcRjQy3t9GHdC8uHYmW2hr,POPCAT
2025-03-01 12:00:00,0.2652813361579659,0.26618615271244706,0.24653841526812706,0.24920097329909982,3.048993265792129,,7GCihgDB8fe6KNjn2MYtkzZcRjQy3t9GHdC8uHYmW2hr,POPCAT
2025-03-02 00:00:00,0.24933975472060813,0.25143034293240085,0.23218655243180697,0.24508998635887144,2.9430358792169518,,7GCihgDB8fe6KNjn2MYtkzZcRjQy3t9GHdC8uHYmW2hr,POPCAT
2025-03-02 12:00:00,0.2432881139260829,0.29171904680207794,0.2301704147978835,0.2881159249264272,3.1617768808529867,,7GCihgDB8fe6KNjn2MYtkzZcRjQy3t9GHdC8uHYmW2hr,POPCAT
2025-03-03 00:00:00,0.2894130312073674,0.2929483139272597,0.2735291856594757,0.28590752018637744,3.428305624297336,,7GCihgDB8fe6KNjn2MYtkzZcRjQy3t9GHdC8uHYmW2hr,POPCAT
2025-03-03 12:00:00,0.284762316591339,0.2903835718775787,0.2283090572810894,0.233747818657248,3.0853705246044347,,7GCihgDB8fe6KNjn2MYtkzZcRjQy3t9GHdC8uHYmW2hr,POPCAT
2025-03-04 00:00:00,0.22752379111200047,0.22752379111200047,0.21107147276762606,0.2209784768720278,2.6209479589017532,,7GCihgDB8fe6KNjn2MYtkzZcRjQy3t9GHdC8uHYmW2hr,POPCAT
2025-03-04 12:00:00,0.2203303930759668,0.2203303930759668,0.20593146665893605,0.21225338213513245,2.5526766824876503,,7GCihgDB8fe6KNjn2MYtkzZcRjQy3t9GHdC8uHYmW2hr,POPCAT
2025-03-05 00:00:00,0.21323020756674882,0.22774626263378325,0.21005689350671006,0.22774626263378325,2.5728625537584446,,7GCihgDB8fe6KNjn2MYtkzZcRjQy3t9GHdC8uHYmW2hr,POPCAT
2025-03-05 12:00:00,0.22745830613733742,0.22869828686227667,0.21588171588924324,0.22869828686227667,2.6782382759097323,,7GCihgDB8fe6KNjn2MYtkzZcRjQy3t9GHdC8uHYmW2hr,POPCAT
2025-03-06 00:00:00,0.2338701699154444,0.2401785087165754,0.22999679423777472,0.23941463727643708,2.5742454095265868,,7GCihgDB8fe6KNjn2MYtkzZcRjQy3t9GHdC8uHYmW2hr,POPCAT
2025-03-06 12:00:00,0.23998366820219902,0.24093880123120243,0.23056770221708353,0.23056770221708353,2.813465315119683,,7GCihgDB8fe6KNjn2MYtkzZcRjQy3t9GHdC8uHYmW2hr,POPCAT
2025-03-07 00:00:00,0.22365046430189597,0.22365046430189597,0.2067585978773537,0.21392445274581623,2.611234655675094,,7GCihgDB8fe6KNjn2MYtkzZcRjQy3t9GHdC8uHYmW2hr,POPCAT
2025-03-07 12:00:00,0.21297427267996782,0.22684925015946358,0.20982495146649877,0.21625815230144782,2.6028899020449168,,7GCihgDB8fe6KNjn2MYtkzZcRjQy3t9GHdC8uHYmW2hr,POPCAT
2025-03-08 00:00:00,0.20832369973894183,0.21350558874309564,0.20543904409359737,0.20874477772654748,2.514277982676145,,7GCihgDB8fe6KNjn2MYtkzZcRjQy3t9GHdC8uHYmW2hr,POPCAT
2025-03-08 12:00:00,0.20192290830020712,0.20399090594407424,0.19671959000090858,0.19671959000090858,2.4107736666507376,,7GCihgDB8fe6KNjn2MYtkzZcRjQy3t9GHdC8uHYmW2hr,POPCAT
2025-03-09 00:00:00,0.20035904536079094,0.2027055680478085,0.1918112157263305,0.1918112157263305,2.38682505183021,,7GCihgDB8fe6KNjn2MYtkzZcRjQy3t9GHdC8uHYmW2hr,POPCAT
2025-03-09 12:00:00,0.19152915345281077,0.19152915345281077,0.1670997554361056,0.1670997554361056,2.122622607132116,,7GCihgDB8fe6KNjn2MYtkzZcRjQy3t9GHdC8uHYmW2hr,POPCAT
2025-03-10 00:00:00,0.17040728522810117,0.1754996014634962,0.17040728522810117,0.1732472577965162,2.0728658801236777,,7GCihgDB8fe6KNjn2MYtkzZcRjQy3t9GHdC8uHYmW2hr,POPCAT
2025-03-10 12:00:00,0.17644917054761258,0.17644917054761258,0.14887639272578376,0.15379029554361393,1.9298799465032777,,7GCihgDB8fe6KNjn2MYtkzZcRjQy3t9GHdC8uHYmW2hr,POPCAT
2025-03-11 00:00:00,0.15113081174629636,0.1538011217250715,0.14023218261122028,0.15306041705111967,1.808205611668084,,7GCihgDB8fe6KNjn2MYtkzZcRjQy3t9GHdC8uHYmW2hr,POPCAT
2025-03-11 12:00:00,0.15487560042472107,0.16061410711058033,0.14723349497486357,0.1582691032604823,1.8648804873605351,,7GCihgDB8fe6KNjn2MYtkzZcRjQy3t9GHdC8uHYmW2hr,POPCAT
2025-03-12 00:00:00,0.1556119202283435,0.15662699115363185,0.1497961790568426,0.15187002854919016,1.8417798727615289,,7GCihgDB8fe6KNjn2MYtkzZcRjQy3t9GHdC8uHYmW2hr,POPCAT
2025-03-12 12:00:00,0.1550013232940146,0.16391326860431363,0.15056701792654456,0.16391326860431363,1.8777527124754323,,7GCihgDB8fe6KNjn2MYtkzZcRjQy3t9GHdC8uHYmW2hr,POPCAT
2025-03-13 00:00:00,0.16546320228946454,0.16934346076269463,0.15882651547275137,0.16813625200754587,1.9722921945827891,,7GCihgDB8fe6KNjn2MYtkzZcRjQy3t9GHdC8uHYmW2hr,POPCAT
2025-03-13 12:00:00,0.16714416226766235,0.19162416349329528,0.16714416226766235,0.17892060223864162,2.1156450081289284,,7GCihgDB8fe6KNjn2MYtkzZcRjQy3t9GHdC8uHYmW2hr,POPCAT
2025-03-14 00:00:00,0.1760910644812478,0.19854739517374576,0.1760910644812478,0.19854739517374576,2.209614332973467,,7GCihgDB8fe6KNjn2MYtkzZcRjQy3t9GHdC8uHYmW2hr,POPCAT
2025-03-14 12:00:00,0.1916776917505542,0.21061269130969082,0.18971728755649492,0.19723812742436925,2.3972144748190716,,7GCihgDB8fe6KNjn2MYtkzZcRjQy3t9GHdC8uHYmW2hr,POPCAT
2025-03-15 00:00:00,0.1924768459568452,0.19784970610454639,0.1906519693889085,0.19731369094395074,2.333091901140385,,7GCihgDB8fe6KNjn2MYtkzZcRjQy3t9GHdC8uHYmW2hr,POPCAT
2025-03-15 12:00:00,0.19735577442273747,0.20137805849339807,0.19292290216898111,0.19908434272337502,2.3583557643007222,,7GCihgDB8fe6KNjn2MYtkzZcRjQy3t9GHdC8uHYmW2hr,POPCAT
2025-03-16 00:00:00,0.19926404931889882,0.20403592572088805,0.18687350197356933,0.18687350197356933,2.381565664899312,,7GCihgDB8fe6KNjn2MYtkzZcRjQy3t9GHdC8uHYmW2hr,POPCAT
2025-03-16 12:00:00,0.18581536748493788,0.1935504889913974,0.18206403060596027,0.18206403060596027,2.2375508112616975,,7GCihgDB8fe6KNjn2MYtkzZcRjQy3t9GHdC8uHYmW2hr,POPCAT
2025-03-17 00:00:00,0.18077122703980783,0.20227749139750953,0.18050243518719755,0.20227749139750953,2.2933803719715415,,7GCihgDB8fe6KNjn2MYtkzZcRjQy3t9GHdC8uHYmW2hr,POPCAT
2025-03-17 12:00:00,0.204282676251597,0.204282676251597,0.19743051442308376,0.1983659734374972,2.412848112719674,,7GCihgDB8fe6KNjn2MYtkzZcRjQy3t9GHdC8uHYmW2hr,POPCAT
2025-03-18 00:00:00,0.1971810061836527,0.1971810061836527,0.1860822896170721,0.18687558010669106,2.2729251761128126,,7GCihgDB8fe6KNjn2MYtkzZcRjQy3t9GHdC8uHYmW2hr,POPCAT
2025-03-18 12:00:00,0.1849924622864992,0.1923868801253565,0.1807324148102174,0.1923868801253565,2.218924817688577,,7GCihgDB8fe6KNjn2MYtkzZcRjQy3t9GHdC8uHYmW2hr,POPCAT
2025-03-19 00:00:00,0.19778642015521683,0.19778642015521683,0.19133471361728777,0.19577422214005513,2.327676302221084,,7GCihgDB8fe6KNjn2MYtkzZcRjQy3t9GHdC8uHYmW2hr,POPCAT
2025-03-19 12:00:00,0.2012514641661085,0.20302582791115378,0.18901705164693422,0.20287072480409024,2.3825296024132765,,7GCihgDB8fe6KNjn2MYtkzZcRjQy3t9GHdC8uHYmW2hr,POPCAT
2025-03-20 00:00:00,0.20595104664629085,0.20595104664629085,0.18607189001192065,0.18607189001192065,2.3101699130333353,,7GCihgDB8fe6KNjn2MYtkzZcRjQy3t9GHdC8uHYmW2hr,POPCAT
2025-03-20 12:00:00,0.18722546856180447,0.1960781861144792,0.18722546856180447,0.1909940463655233,2.3052376653906768,,7GCihgDB8fe6KNjn2MYtkzZcRjQy3t9GHdC8uHYmW2hr,POPCAT
2025-03-21 00:00:00,0.19088894636889944,0.1944284805870965,0.1847988434184388,0.1847988434184388,2.266895056220145,,7GCihgDB8fe6KNjn2MYtkzZcRjQy3t9GHdC8uHYmW2hr,POPCAT
2025-03-21 12:00:00,0.18456272950897057,0.2015186999562329,0.1835151166800822,0.19438370813330577,2.2703676954419216,,7GCihgDB8fe6KNjn2MYtkzZcRjQy3t9GHdC8uHYmW2hr,POPCAT
2025-03-22 00:00:00,0.19387306906274224,0.21198605265425513,0.193374090885073,0.21198605265425513,2.4188515346757913,,7GCihgDB8fe6KNjn2MYtkzZcRjQy3t9GHdC8uHYmW2hr,POPCAT
2025-03-22 12:00:00,0.2086334601782114,0.21297156472028098,0.20018197131839943,0.20165700109224519,2.4846219047181104,,7GCihgDB8fe6KNjn2MYtkzZcRjQy3t9GHdC8uHYmW2hr,POPCAT
2025-03-23 00:00:00,0.19960686435454106,0.21012645055038565,0.19960686435454106,0.20815280417890453,2.450187093692567,,7GCihgDB8fe6KNjn2MYtkzZcRjQy3t9GHdC8uHYmW2hr,POPCAT
2025-03-23 12:00:00,0.21439465671668576,0.21439465671668576,0.2038836430370877,0.21174345087367338,2.505493667555338,,7GCihgDB8fe6KNjn2MYtkzZcRjQy3t9GHdC8uHYmW2hr,POPCAT
2025-03-24 00:00:00,0.21446429737570782,0.2307883684218709,0.21080648939842087,0.2291415715583518,2.686037786385599,,7GCihgDB8fe6KNjn2MYtkzZcRjQy3t9GHdC8uHYmW2hr,POPCAT
2025-03-24 12:00:00,0.22844715215999828,0.23766763622219755,0.22844715215999828,0.23374798579625852,2.782239582193228,,7GCihgDB8fe6KNjn2MYtkzZcRjQy3t9GHdC8uHYmW2hr,POPCAT
2025-03-25 00:00:00,0.23458889266638702,0.24610960127524284,0.2285142693860145,0.24610960127524284,2.8302731831979004,,7GCihgDB8fe6KNjn2MYtkzZcRjQy3t9GHdC8uHYmW2hr,POPCAT
2025-03-25 12:00:00,0.24821100786024003,0.25530129205437113,0.24548737729353426,0.24730654097584062,2.9956304582014552,,7GCihgDB8fe6KNjn2MYtkzZcRjQy3t9GHdC8uHYmW2hr,POPCAT
2025-03-26 00:00:00,0.24528564017726673,0.2541451530962277,0.235549612425963,0.25366551929957926,2.9518614557495004,,7GCihgDB8fe6KNjn2MYtkzZcRjQy3t9GHdC8uHYmW2hr,POPCAT
2025-03-26 12:00:00,0.2561162848405103,0.2561162848405103,0.2364937361957558,0.24074526003630667,2.9470807655968088,,7GCihgDB8fe6KNjn2MYtkzZcRjQy3t9GHdC8uHYmW2hr,POPCAT
2025-03-27 00:00:00,0.24488694698966487,0.2490762145213642,0.2385353672369616,0.2385353672369616,2.9284400164661144,,7GCihgDB8fe6KNjn2MYtkzZcRjQy3t9GHdC8uHYmW2hr,POPCAT
2025-03-27 12:00:00,0.23573213879608104,0.24545562802811802,0.23478364026063467,0.24317712743577793,2.887756744089914,,7GCihgDB8fe6KNjn2MYtkzZcRjQy3t9GHdC8uHYmW2hr,POPCAT
2025-03-28 00:00:00,0.24407672866317004,0.24407672866317004,0.22227141748418427,0.22227141748418427,2.8079694421616703,,7GCihgDB8fe6KNjn2MYtkzZcRjQy3t9GHdC8uHYmW2hr,POPCAT
2025-03-28 12:00:00,0.22256407462182975,0.22256407462182975,0.20167122631178483,0.20782753504811666,2.5115872217071944,,7GCihgDB8fe6KNjn2MYtkzZcRjQy3t9GHdC8uHYmW2hr,POPCAT
2025-03-29 00:00:00,0.20679901811929116,0.20679901811929116,0.19458553491480146,0.19458553491480146,2.415674198289526,,7GCihgDB8fe6KNjn2MYtkzZcRjQy3t9GHdC8uHYmW2hr,POPCAT
2025-03-29 12:00:00,0.19103531150576586,0.19128184052195688,0.1815906019682721,0.1815906019682721,2.2250014033129313,,7GCihgDB8fe6KNjn2MYtkzZcRjQy3t9GHdC8uHYmW2hr,POPCAT
2025-03-30 00:00:00,0.18359077106106994,0.19250846976538313,0.18359077106106994,0.1888987289157058,2.2573706505835696,,7GCihgDB8fe6KNjn2MYtkzZcRjQy3t9GHdC8uHYmW2hr,POPCAT
2025-03-30 12:00:00,0.18935055450043883,0.19531046834007512,0.18669984838185177,0.19165209605810415,2.284581080410125,,7GCihgDB8fe6KNjn2MYtkzZcRjQy3t9GHdC8uHYmW2hr,POPCAT
2025-03-31 00:00:00,0.1895871652965873,0.19067400620559916,0.1837084458282026,0.18713971177518085,2.262043032250957,,7GCihgDB8fe6KNjn2MYtkzZcRjQy3t9GHdC8uHYmW2hr,POPCAT
2025-03-31 12:00:00,0.18657626529160984,0.19300573707424795,0.18577679100449365,0.19047674363158787,2.266961874913741,,7GCihgDB8fe6KNjn2MYtkzZcRjQy3t9GHdC8uHYmW2hr,POPCAT
2025-04-01 00:00:00,0.19104465955796576,0.20115774448776222,0.19104465955796576,0.19823167505417777,2.3478127873586674,,7GCihgDB8fe6KNjn2MYtkzZcRjQy3t9GHdC8uHYmW2hr,POPCAT
2025-04-01 12:00:00,0.1960522858087198,0.20013562265858995,0.19044571386046366,0.19334103522049728,2.328605445384657,,7GCihgDB8fe6KNjn2MYtkzZcRjQy3t9GHdC8uHYmW2hr,POPCAT
2025-04-02 00:00:00,0.191783247724412,0.191783247724412,0.18189716752881605,0.18605140888548122,2.2320917597816257,,7GCihgDB8fe6KNjn2MYtkzZcRjQy3t9GHdC8uHYmW2hr,POPCAT
2025-04-02 12:00:00,0.18351285299786413,0.19221251338385525,0.161753576342863,0.161753576342863,2.1934052537206012,,7GCihgDB8fe6KNjn2MYtkzZcRjQy3t9GHdC8uHYmW2hr,POPCAT
2025-04-03 00:00:00,0.1622348508333007,0.1700741684057167,0.15897835606123598,0.15897835606123598,1.9989666441372305,,7GCihgDB8fe6KNjn2MYtkzZcRjQy3t9GHdC8uHYmW2hr,POPCAT
2025-04-03 12:00:00,0.15987493256428187,0.16286004249946745,0.1501096489140733,0.16244666754152162,1.876603000624601,,7GCihgDB8fe6KNjn2MYtkzZcRjQy3t9GHdC8uHYmW2hr,POPCAT
2025-04-04 00:00:00,0.16220374815797084,0.1710865348789885,0.15964403066308103,0.15964403066308103,1.9812697720533414,,7GCihgDB8fe6KNjn2MYtkzZcRjQy3t9GHdC8uHYmW2hr,POPCAT
2025-04-04 12:00:00,0.15656707371115697,0.16768052487391932,0.15656707371115697,0.16556420983148792,1.95520810481839,,7GCihgDB8fe6KNjn2MYtkzZcRjQy3t9GHdC8uHYmW2hr,POPCAT
2025-04-05 00:00:00,0.164680129993161,0.16724903887713555,0.16143143661653173,0.1616408040942917,1.9602087461336335,,7GCihgDB8fe6KNjn2MYtkzZcRjQy3t9GHdC8uHYmW2hr,POPCAT
2025-04-05 12:00:00,0.15934678429361324,0.15995025478902342,0.15452129084547087,0.15914078113905342,1.8931460114838337,,7GCihgDB8fe6KNjn2MYtkzZcRjQy3t9GHdC8uHYmW2hr,POPCAT
2025-04-06 00:00:00,0.1601695509370248,0.1601695509370248,0.15617724520456175,0.15617724520456175,1.8969668181408226,,7GCihgDB8fe6KNjn2MYtkzZcRjQy3t9GHdC8uHYmW2hr,POPCAT
2025-04-06 12:00:00,0.15828680417913987,0.15828680417913987,0.13922230401201266,0.13980207052401608,1.7566103815607172,,7GCihgDB8fe6KNjn2MYtkzZcRjQy3t9GHdC8uHYmW2hr,POPCAT
2025-04-07 00:00:00,0.1382263265066314,0.1395949206437018,0.12882684595359478,0.13701294347706466,1.6324519285095884,,7GCihgDB8fe6KNjn2MYtkzZcRjQy3t9GHdC8uHYmW2hr,POPCAT
2025-04-07 12:00:00,0.13774976341146145,0.145583034422934,0.13774976341146145,0.1404424567358814,1.679190518051049,,7GCihgDB8fe6KNjn2MYtkzZcRjQy3t9GHdC8uHYmW2hr,POPCAT
2025-04-08 00:00:00,0.13910036135931997,0.14381947266227324,0.1361671582441109,0.1361671582441109,1.674294426642391,,7GCihgDB8fe6KNjn2MYtkzZcRjQy3t9GHdC8uHYmW2hr,POPCAT
2025-04-08 12:00:00,0.1394585552740544,0.1394585552740544,0.125624275624303,0.125624275624303,1.6007347155552474,,7GCihgDB8fe6KNjn2MYtkzZcRjQy3t9GHdC8uHYmW2hr,POPCAT
2025-04-09 00:00:00,0.12508028694783163,0.13532647704755119,0.1244218413101883,0.13532647704755119,1.5517806142123618,,7GCihgDB8fe6KNjn2MYtkzZcRjQy3t9GHdC8uHYmW2hr,POPCAT
2025-04-09 12:00:00,0.13155984031334284,0.17221244810470462,0.13140136141734313,0.17221244810470462,1.7539731338749598,,7GCihgDB8fe6KNjn2MYtkzZcRjQy3t9GHdC8uHYmW2hr,POPCAT
2025-04-10 00:00:00,0.16972565334691136,0.1746708550597255,0.16366959809398582,0.16366959809398582,2.026865007830351,,7GCihgDB8fe6KNjn2MYtkzZcRjQy3t9GHdC8uHYmW2hr,POPCAT
2025-04-10 12:00:00,0.16562156747324513,0.17032035705171797,0.15635421131599603,0.17032035705171797,1.9755598108734467,,7GCihgDB8fe6KNjn2MYtkzZcRjQy3t9GHdC8uHYmW2hr,POPCAT
2025-04-11 00:00:00,0.17418723719316828,0.2193818372521362,0.17198019163781408,0.21735279219847398,2.287925432479047,,7GCihgDB8fe6KNjn2MYtkzZcRjQy3t9GHdC8uHYmW2hr,POPCAT
2025-04-11 12:00:00,0.2106600284709143,0.2323345036061862,0.2105655922674708,0.2190755577328134,2.6380015394249283,,7GCihgDB8fe6KNjn2MYtkzZcRjQy3t9GHdC8uHYmW2hr,POPCAT
2025-04-12 00:00:00,0.21630324567825635,0.2547386515498881,0.21630324567825635,0.2511564680367821,2.7894129184928427,,7GCihgDB8fe6KNjn2MYtkzZcRjQy3t9GHdC8uHYmW2hr,POPCAT
2025-04-12 12:00:00,0.25885146574558676,0.28171134989653923,0.25684177555359045,0.266584315057893,3.247934319092099,,7GCihgDB8fe6KNjn2MYtkzZcRjQy3t9GHdC8uHYmW2hr,POPCAT
2025-04-13 00:00:00,0.27237967487440157,0.2855029607322398,0.2670510187139053,0.2855029607322398,3.2923164956408053,,7GCihgDB8fe6KNjn2MYtkzZcRjQy3t9GHdC8uHYmW2hr,POPCAT
2025-04-13 12:00:00,0.282663385748205,0.282663385748205,0.23581424122535383,0.23581424122535383,3.1275213881700172,,7GCihgDB8fe6KNjn2MYtkzZcRjQy3t9GHdC8uHYmW2hr,POPCAT
2025-04-14 00:00:00,0.24415975802105822,0.270146269331072,0.24415975802105822,0.26731905634831477,3.1411437365669017,,7GCihgDB8fe6KNjn2MYtkzZcRjQy3t9GHdC8uHYmW2hr,POPCAT
2025-04-14 12:00:00,0.26930139728065067,0.2826558906943474,0.26297777349578993,0.27508693253835426,3.2866232396557398,,7GCihgDB8fe6KNjn2MYtkzZcRjQy3t9GHdC8uHYmW2hr,POPCAT
2025-04-15 00:00:00,0.2771013326478589,0.2771013326478589,0.25297217002026257,0.2564540940304679,3.1693742902916187,,7GCihgDB8fe6KNjn2MYtkzZcRjQy3t9GHdC8uHYmW2hr,POPCAT
2025-04-15 12:00:00,0.24847437301870373,0.25910249332533614,0.23155190312454546,0.23155190312454546,2.929041729570778,,7GCihgDB8fe6KNjn2MYtkzZcRjQy3t9GHdC8uHYmW2hr,POPCAT
2025-04-16 00:00:00,0.2256996610521693,0.23886576823314087,0.22338948891743368,0.23886576823314087,2.793533815974307,,7GCihgDB8fe6KNjn2MYtkzZcRjQy3t9GHdC8uHYmW2hr,POPCAT
2025-04-16 12:00:00,0.23998955789327256,0.26229037462000476,0.23759693251529806,0.2524742087725018,3.0295304037405497,,7GCihgDB8fe6KNjn2MYtkzZcRjQy3t9GHdC8uHYmW2hr,POPCAT
2025-04-17 00:00:00,0.24386785305852166,0.2548337750982773,0.24159000001382294,0.2488554777896451,2.9859115784765433,,7GCihgDB8fe6KNjn2MYtkzZcRjQy3t9GHdC8uHYmW2hr,POPCAT
2025-04-17 12:00:00,0.24473216406420878,0.2666617989394035,0.23372167449669798,0.2474314395842317,3.00795650838316,,7GCihgDB8fe6KNjn2MYtkzZcRjQy3t9GHdC8uHYmW2hr,POPCAT
2025-04-18 00:00:00,0.2549606758150565,0.2549606758150565,0.23578907590719023,0.23578907590719023,2.9346274377672845,,7GCihgDB8fe6KNjn2MYtkzZcRjQy3t9GHdC8uHYmW2hr,POPCAT
2025-04-18 12:00:00,0.23823914850809566,0.24063667933964655,0.23056272282919346,0.23056272282919346,2.8226637436589335,,7GCihgDB8fe6KNjn2MYtkzZcRjQy3t9GHdC8uHYmW2hr,POPCAT
2025-04-19 00:00:00,0.23036107831202363,0.23907724214577675,0.22912397862779044,0.2347038469121214,2.82330001524695,,7GCihgDB8fe6KNjn2MYtkzZcRjQy3t9GHdC8uHYmW2hr,POPCAT
2025-04-19 12:00:00,0.23639924592421846,0.2458311640078569,0.23542733586671885,0.2455311360107468,2.875959509369315,,7GCihgDB8fe6KNjn2MYtkzZcRjQy3t9GHdC8uHYmW2hr,POPCAT
2025-04-20 00:00:00,0.24277965830787362,0.2584275292611447,0.24277965830787362,0.2435523574101951,2.991634075152795,,7GCihgDB8fe6KNjn2MYtkzZcRjQy3t9GHdC8uHYmW2hr,POPCAT
2025-04-20 12:00:00,0.24093417550904198,0.2578128038595552,0.24093417550904198,0.24416063156817341,2.9953075482578178,,7GCihgDB8fe6KNjn2MYtkzZcRjQy3t9GHdC8uHYmW2hr,POPCAT
2025-04-21 00:00:00,0.2540012775333554,0.27196413360498345,0.25147291720116,0.25147291720116,3.101903127411715,,7GCihgDB8fe6KNjn2MYtkzZcRjQy3t9GHdC8uHYmW2hr,POPCAT
2025-04-21 12:00:00,0.25054622420456296,0.25724300407794404,0.244519430974719,0.2558883074140676,3.0243029161683346,,7GCihgDB8fe6KNjn2MYtkzZcRjQy3t9GHdC8uHYmW2hr,POPCAT
2025-04-22 00:00:00,0.26098374991759504,0.30734962905519764,0.2575780999380069,0.30734962905519764,3.284838410094335,,7GCihgDB8fe6KNjn2MYtkzZcRjQy3t9GHdC8uHYmW2hr,POPCAT
2025-04-22 12:00:00,0.31539370233846703,0.33566001399705986,0.31539370233846703,0.33566001399705986,3.8773334274096376,,7GCihgDB8fe6KNjn2MYtkzZcRjQy3t9GHdC8uHYmW2hr,POPCAT
2025-04-23 00:00:00,0.3386729048056277,0.3887523742987221,0.3368021148991615,0.3887523742987221,4.228873314730952,,7GCihgDB8fe6KNjn2MYtkzZcRjQy3t9GHdC8uHYmW2hr,POPCAT
2025-04-23 12:00:00,0.382648143253822,0.382648143253822,0.33288505188021456,0.33427979012840753,4.280943898895429,,7GCihgDB8fe6KNjn2MYtkzZcRjQy3t9GHdC8uHYmW2hr,POPCAT
2025-04-24 00:00:00,0.3340662801308048,0.3357837726505003,0.32054700209031023,0.3357837726505003,3.9388609811177266,,7GCihgDB8fe6KNjn2MYtkzZcRjQy3t9GHdC8uHYmW2hr,POPCAT
2025-04-24 12:00:00,0.3393862036840357,0.3753130345592403,0.3393862036840357,0.37469105627306787,4.340029150493335,,7GCihgDB8fe6KNjn2MYtkzZcRjQy3t9GHdC8uHYmW2hr,POPCAT
2025-04-25 00:00:00,0.3910491056048049,0.41167509763536414,0.37756864325839856,0.3977346359866381,4.763678285175075,,7GCihgDB8fe6KNjn2MYtkzZcRjQy3t9GHdC8uHYmW2hr,POPCAT
2025-04-25 12:00:00,0.4120820800214747,0.438802492467761,0.3904183604105275,0.3970255569007096,4.887156781774093,,7GCihgDB8fe6KNjn2MYtkzZcRjQy3t9GHdC8uHYmW2hr,POPCAT
2025-04-26 00:00:00,0.4004401138563743,0.4161643247940055,0.3916699223168042,0.3916699223168042,4.845403155963802,,7GCihgDB8fe6KNjn2MYtkzZcRjQy3t9GHdC8uHYmW2hr,POPCAT
2025-04-26 12:00:00,0.3856378783692447,0.40362864470245663,0.3856378783692447,0.40362864470245663,4.741744609317027,,7GCihgDB8fe6KNjn2MYtkzZcRjQy3t9GHdC8uHYmW2hr,POPCAT
2025-04-27 00:00:00,0.4024258822869676,0.4024258822869676,0.36713855648380744,0.3827806387266768,4.582415818547403,,7GCihgDB8fe6KNjn2MYtkzZcRjQy3t9GHdC8uHYmW2hr,POPCAT
2025-04-27 12:00:00,0.3762500141097427,0.39020044366247875,0.37204618332765904,0.37204618332765904,4.595844832687872,,7GCihgDB8fe6KNjn2MYtkzZcRjQy3t9GHdC8uHYmW2hr,POPCAT
2025-04-28 00:00:00,0.3768523740310545,0.42921789460281873,0.3748887136892536,0.42921789460281873,4.819647246126403,,7GCihgDB8fe6KNjn2MYtkzZcRjQy3t9GHdC8uHYmW2hr,POPCAT
2025-04-28 12:00:00,0.41986693927345975,0.4201558839038151,0.3856097628821067,0.3890165756766906,4.742542475947582,,7GCihgDB8fe6KNjn2MYtkzZcRjQy3t9GHdC8uHYmW2hr,POPCAT
2025-04-29 00:00:00,0.3832259410758749,0.38752310828145087,0.362297826124089,0.37052253947027325,4.512866289173106,,7GCihgDB8fe6KNjn2MYtkzZcRjQy3t9GHdC8uHYmW2hr,POPCAT
2025-04-29 12:00:00,0.370858377926591,0.38293383969194017,0.360872477597075,0.360872477597075,4.4710815748091886,,7GCihgDB8fe6KNjn2MYtkzZcRjQy3t9GHdC8uHYmW2hr,POPCAT
2025-04-30 00:00:00,0.36355188985816167,0.37593157892853785,0.3628935659236494,0.37401779348078235,4.445853923443311,,7GCihgDB8fe6KNjn2MYtkzZcRjQy3t9GHdC8uHYmW2hr,POPCAT
2025-04-30 12:00:00,0.3803244327589,0.3980523082998031,0.35031372708569974,0.3980523082998031,4.5139572892778235,,7GCihgDB8fe6KNjn2MYtkzZcRjQy3t9GHdC8uHYmW2hr,POPCAT
2025-05-01 00:00:00,0.3937210202592207,0.4003503638319973,0.3809836511984351,0.39786538569123825,4.6927204505526845,,7GCihgDB8fe6KNjn2MYtkzZcRjQy3t9GHdC8uHYmW2hr,POPCAT
2025-05-01 12:00:00,0.39483453710912425,0.39483453710912425,0.37392655794123053,0.3783927855446071,4.595841466619708,,7GCihgDB8fe6KNjn2MYtkzZcRjQy3t9GHdC8uHYmW2hr,POPCAT
2025-05-02 00:00:00,0.38301008794339203,0.3929721950693909,0.36841388268342196,0.37367438843190326,4.540630430723227,,7GCihgDB8fe6KNjn2MYtkzZcRjQy3t9GHdC8uHYmW2hr,POPCAT
2025-05-02 12:00:00,0.38406309767976043,0.4027081508963613,0.38026685852499287,0.3948838234833732,4.681975703128101,,7GCihgDB8fe6KNjn2MYtkzZcRjQy3t9GHdC8uHYmW2hr,POPCAT
2025-05-03 00:00:00,0.40507793931752256,0.41174362990393804,0.37452162454518917,0.37452162454518917,4.720793510135231,,7GCihgDB8fe6KNjn2MYtkzZcRjQy3t9GHdC8uHYmW2hr,POPCAT
2025-05-03 12:00:00,0.3764133489102336,0.3868839893040675,0.36840636181171815,0.3712360108726397,4.506662482025377,,7GCihgDB8fe6KNjn2MYtkzZcRjQy3t9GHdC8uHYmW2hr,POPCAT
2025-05-04 00:00:00,0.3715826640518067,0.3715826640518067,0.351111327992357,0.3561302944064268,4.353633718622722,,7GCihgDB8fe6KNjn2MYtkzZcRjQy3t9GHdC8uHYmW2hr,POPCAT
2025-05-04 12:00:00,0.359227564047643,0.359227564047643,0.359227564047643,0.359227564047643,0.359227564047643,,7GCihgDB8fe6KNjn2MYtkzZcRjQy3t9GHdC8uHYmW2hr,POPCAT
