timestamp,btc_open,btc_high,btc_low,btc_close,eth_open,eth_high,eth_low,eth_close
2024-11-30 00:00:00,96771.49042272137,96816.44177566814,96325.09800019009,96325.09800019009,3690.6676709008625,3690.6676709008625,3654.457219871522,3654.457219871522
2024-11-30 12:00:00,96295.48312358867,97062.34005073737,96295.48312358867,96383.40831265219,3660.903182693274,3711.4703907907356,3660.903182693274,3703.65826732671
2024-12-01 00:00:00,96449.75251537087,97102.02262487802,96004.87965292303,97002.85526437357,3706.868153295155,3714.562205130904,3671.630267068356,3691.625046721153
2024-12-01 12:00:00,97134.4449430997,97837.54244122059,97000.42842281252,97755.07541514019,3693.2107876431182,3731.3030991250725,3692.907304498365,3730.4000860274964
2024-12-02 00:00:00,97236.36305090637,97921.26065528078,95015.53517311942,95015.53517311942,3711.1987824301145,3731.6698863884026,3580.379583527892,3580.379583527892
2024-12-02 12:00:00,95105.9103913035,97338.64014986507,94983.1184922097,95609.08860975849,3588.459847631326,3681.7205614968248,3588.459847631326,3624.6370950543637
2024-12-03 00:00:00,95771.7775765992,96182.97659291401,94725.2456544063,94725.2456544063,3645.0922896027582,3657.4893224467287,3586.8935522308298,3586.8935522308298
2024-12-03 12:00:00,95014.00157299479,95986.56802975493,93696.5978439618,95986.56802975493,3613.515132685819,3628.1403935654607,3543.036823786985,3628.1403935654607
2024-12-04 00:00:00,95982.21323900338,96818.903875925,95784.82682188877,96507.04415858182,3621.1404227300795,3724.7820795903926,3621.1404227300795,3719.394541716456
2024-12-04 12:00:00,96282.08107391196,98945.16291617283,94890.05289847856,98380.45507703637,3731.0437302340324,3874.0165560832884,3709.3357309187313,3850.834338767146
2024-12-05 00:00:00,98881.4694561823,103425.4428685291,98238.84818403497,102370.395110099,3837.205060931125,3919.9239484184195,3807.159986691198,3918.923045592771
2024-12-05 12:00:00,102700.51110153912,103606.80283966633,96489.62148540479,96489.62148540479,3938.083867879866,3940.3761358687266,3806.624693382269,3806.624693382269
2024-12-06 00:00:00,97071.79475131465,98400.88389964029,97071.79475131465,98235.61414096713,3791.374120015539,3914.3460721760516,3791.374120015539,3872.7759676728556
2024-12-06 12:00:00,98113.43650949412,101590.52137336919,97830.48395710898,100648.83317503057,3867.363728196567,4067.5774524929366,3854.3543165044903,4031.5841049130713
2024-12-07 00:00:00,99928.05521481452,100408.74512687804,99260.72893790831,99639.93318003212,4007.7256533562368,4018.369292391779,3986.505629108447,3986.815519193383
2024-12-07 12:00:00,99746.17018634557,100387.43277688618,99454.39921942963,99714.62219537982,4004.5856257831388,4021.484893267172,3993.8707587417434,3998.238639680011
2024-12-08 00:00:00,99781.82999198174,100196.2140093384,98929.92844600427,99331.30105113215,4004.1085635595373,4010.1925203305104,3938.8910859816606,3963.8051397324693
2024-12-08 12:00:00,99754.7768522786,100464.25685327388,99660.92065618507,100312.69149646896,3974.198504714709,4011.5115656375215,3967.957606823878,4011.5115656375215
2024-12-09 00:00:00,101200.19297467085,101200.19297467085,98392.75350222512,98724.91556736542,4007.406110973783,4007.406110973783,3863.176546869822,3885.564418793954
2024-12-09 12:00:00,98010.16158118055,100281.08359623082,96202.22140258037,96985.94363974527,3850.440875506028,3939.186103784393,3707.0149978848576,3717.4244692732677
2024-12-10 00:00:00,97166.10106772359,98018.51319323164,96680.47317623864,97653.62962753898,3699.614143367287,3768.6856324998193,3686.4730884005958,3762.408191263078
2024-12-10 12:00:00,97802.23594364406,97802.23594364406,94561.73726601216,97144.5402258447,3752.8047566401924,3752.8047566401924,3538.0740958829956,3641.818366393435
2024-12-11 00:00:00,96643.1319918391,98237.77966498482,95740.9358358451,98237.77966498482,3627.996591545328,3706.722361891161,3570.3410618255402,3706.722361891161
2024-12-11 12:00:00,98341.68482519439,101646.8874292423,98191.62238411448,101270.6379619385,3715.5875943840915,3834.401554542244,3715.5875943840915,3831.2099755191966
2024-12-12 00:00:00,101204.95194576346,101960.73234131302,100521.73876795317,100534.11926898496,3832.648408092089,3934.4563656468395,3809.0367305764257,3921.8723611032733
2024-12-12 12:00:00,100556.70561133545,101784.84761745848,99491.35763334374,100440.44144022003,3911.658245354203,3978.6752506595353,3867.2204524411827,3882.8373363806677
2024-12-13 00:00:00,100006.33728156584,100541.58250554636,99361.7584775802,100541.58250554636,3881.40597061562,3932.587297352687,3876.994339392521,3904.131044319254
2024-12-13 12:00:00,100381.56384358315,101744.12465323649,99971.4251622482,101296.08420824334,3905.215256415721,3948.9105871595207,3884.78379117713,3901.8360224215435
2024-12-14 00:00:00,101352.22971292294,102136.61848405775,101352.22971292294,101538.3591750462,3907.4296595053356,3931.1675710052705,3898.030957255578,3898.030957255578
2024-12-14 12:00:00,101566.6119968529,101608.33037581219,100790.18891772504,101064.1258180627,3896.2908674995215,3896.2908674995215,3833.384155339688,3864.4426503145164
2024-12-15 00:00:00,101393.1996919875,102332.0460693008,101393.1996919875,102273.93697695846,3866.9958020348054,3895.713222925012,3844.6450643063317,3865.377021578371
2024-12-15 12:00:00,102670.03424860006,103299.66293670298,102670.03424860006,103299.66293670298,3877.460937571593,3909.7694172792885,3855.9605121697905,3885.551045926304
2024-12-16 00:00:00,104721.50151808978,105494.26514589906,104485.50722610675,104649.44144650658,3961.3154661802305,4005.409950782861,3942.4568389205624,3949.2767193933423
2024-12-16 12:00:00,103668.76924235463,106993.98136116777,103569.92156219382,105810.63129202551,3904.70686697462,4078.0934001393143,3897.7119310529934,4030.93598850797
2024-12-17 00:00:00,106090.34824764448,107385.08539679593,105934.65392664201,107057.82114195262,3992.5251679537714,4035.6807468376046,3959.698568082353,4013.242736277033
2024-12-17 12:00:00,106759.84150361962,108134.70395538819,105991.35725127581,105991.35725127581,3996.6751796674635,4018.662122984253,3888.6925433011597,3888.6925433011597
2024-12-18 00:00:00,106034.913402645,106149.11340029488,103581.1649173861,104503.22403619888,3879.4062240100893,3885.596211205649,3828.729977367969,3873.4698596392636
2024-12-18 12:00:00,105037.05730308131,105037.05730308131,100808.59929784118,101083.02779137746,3884.6574855011336,3894.8393441992966,3679.924120287684,3679.924120287684
2024-12-19 00:00:00,100590.40674241254,102392.35475315936,99633.64670369614,102392.35475315936,3641.6374478348566,3707.0807038258317,3603.867787558411,3707.0807038258317
2024-12-19 12:00:00,102387.29792223322,102387.29792223322,96448.90175250097,98136.51932716771,3704.4680822469218,3704.4680822469218,3368.514232745682,3450.8205603426563
2024-12-20 00:00:00,97851.35377075805,97851.35377075805,94192.50465512306,94192.50465512306,3434.6754695380805,3451.6042336063933,3182.2867745405165,3182.2867745405165
2024-12-20 12:00:00,92805.75666996102,97430.35276861327,92805.75666996102,97430.35276861327,3114.5678000004355,3476.1405215774685,3114.5678000004355,3471.857762759152
2024-12-21 00:00:00,97691.43431692653,99063.71975920832,97359.76640529782,98108.60460263013,3468.658920056454,3527.6417240863316,3457.810630267266,3461.9682830430565
2024-12-21 12:00:00,98037.11544014173,98037.11544014173,96941.26398149885,97048.2053474754,3440.3642744087256,3440.3642744087256,3324.367660049044,3326.8743289303734
2024-12-22 00:00:00,97244.35762866863,97244.35762866863,96081.76035559733,96915.85584401232,3337.9931017647236,3381.548058047634,3313.7151580397044,3376.7347301109285
2024-12-22 12:00:00,97139.27539827072,97139.27539827072,94642.4145986112,95454.72024777101,3383.7870345502993,3383.7870345502993,3239.4522434385253,3282.798991100014
2024-12-23 00:00:00,95110.22476004054,96386.0794422067,94249.37064248421,96386.0794422067,3277.055235670619,3352.008988798304,3252.192843966309,3350.0580587488466
2024-12-23 12:00:00,95817.04472720862,96198.14433867254,92628.82282918232,95155.9932938399,3335.1686249649347,3460.8929613868545,3275.0551515110337,3460.8929613868545
2024-12-24 00:00:00,94783.55282299334,94783.55282299334,93696.2286655834,93847.45149049634,3419.104180994374,3419.104180994374,3370.9848234030655,3390.0930340275354
2024-12-24 12:00:00,94231.12625982042,98943.52498215239,94180.71055672027,98758.15555154771,3408.0272854512477,3508.5988097975846,3404.0993888133794,3492.4227519320557
2024-12-25 00:00:00,98695.71400782601,98695.71400782601,97799.22367036463,98336.47528260502,3487.9805585957088,3512.1235331636235,3468.417980320965,3512.1235331636235
2024-12-25 12:00:00,97825.05610463647,99144.05633754666,97825.05610463647,99141.93981786452,3465.623958371452,3487.4029866649416,3448.8013205451975,3487.4029866649416
2024-12-26 00:00:00,99344.95417367229,99344.95417367229,95362.2899789659,95392.89411753211,3494.5109273631047,3494.5109273631047,3360.9123283160307,3365.046973784419
2024-12-26 12:00:00,95536.07804721202,96462.6594887941,95280.08348787813,95314.47518015576,3367.325692886731,3367.325692886731,3315.36757279822,3320.7739664364267
2024-12-27 00:00:00,95634.02848477298,96675.98980054719,94990.47881311874,96491.92636803203,3327.7897761683494,3420.880350654251,3325.2538543527403,3398.866598057116
2024-12-27 12:00:00,96677.62912386365,96677.62912386365,94017.7388050886,94286.96169694321,3414.186711285785,3414.186711285785,3309.1601302210197,3317.3673941041798
2024-12-28 00:00:00,94188.33183566765,94486.42937410889,94188.33183566765,94466.47676401735,3328.6111553091764,3347.289416168199,3326.577912136294,3341.251586271556
2024-12-28 12:00:00,94608.71724432957,95276.23251610585,94226.18775514833,95276.23251610585,3353.051441120302,3410.2921755856464,3348.5773386449746,3410.2921755856464
2024-12-29 00:00:00,95069.29796635783,95113.31332635686,94701.58383374191,95002.09783027926,3394.9322761501444,3401.794186340879,3372.8878683676257,3399.471419890741
2024-12-29 12:00:00,94868.19957795221,94868.19957795221,92868.96449068608,92868.96449068608,3394.55931127967,3394.55931127967,3330.3789500307435,3330.3789500307435
2024-12-30 00:00:00,93467.14705911094,93752.01645281966,93073.1794169563,93650.67146070524,3347.850138903738,3418.8733908659374,3347.850138903738,3407.962989262088
2024-12-30 12:00:00,93694.95441897007,94452.47154334911,91816.86482854123,92423.43263786552,3414.4397590097465,3414.4397590097465,3309.6800495150387,3347.9109507740286
2024-12-31 00:00:00,92666.27265159723,93982.05684721791,92230.48790697765,93982.05684721791,3358.668357675151,3388.7905732186628,3329.647323565281,3388.7905732186628
2024-12-31 12:00:00,94089.44634724557,95797.4221530335,93302.2371282602,93302.2371282602,3390.196213882398,3431.0876722523108,3328.8351202819404,3328.8351202819404
2025-01-01 00:00:00,93507.85874741491,94272.09391214595,93051.98323230208,93051.98323230208,3331.960415357686,3361.776612161962,3320.9010668365586,3320.9010668365586
2025-01-01 12:00:00,93297.6075779421,94783.15438564416,93297.6075779421,94557.49630834152,3334.392733087608,3360.3604916367904,3333.7485877366316,3353.4312487280777
2025-01-02 00:00:00,94384.1761153871,96481.02548549822,94384.1761153871,96481.02548549822,3348.967247123586,3462.7350368068196,3348.967247123586,3462.7350368068196
2025-01-02 12:00:00,96653.95220084535,97433.16006615898,96339.03229188357,96839.91368038654,3468.975544861072,3492.2419730201464,3439.052969088513,3439.052969088513
2025-01-03 00:00:00,96897.89773864347,96946.67766178324,96010.07539005707,96425.08432874594,3451.2174429160327,3466.748447588415,3425.5059021320358,3443.7714036863003
2025-01-03 12:00:00,96704.90871031054,98547.4354983168,96481.62117505186,98273.14821437132,3462.2259180034353,3617.920695648383,3462.1304359979904,3615.269761017649
2025-01-04 00:00:00,98150.88378407732,98255.74807771541,97647.46657394528,97795.825987815,3607.3711320224947,3607.3711320224947,3583.109663790719,3585.017810632372
2025-01-04 12:00:00,97853.76686652648,98597.6977847324,97660.40165094685,98318.61063470066,3599.2646893513133,3658.6003889802937,3599.2646893513133,3657.11522119268
2025-01-05 00:00:00,98210.98449148156,98432.36636681829,97637.68706954738,97704.45434248327,3656.8222003128476,3656.8222003128476,3608.12631214454,3614.8506491676953
2025-01-05 12:00:00,97597.29563822695,98674.4717793097,97597.29563822695,98674.4717793097,3610.4030489983206,3650.182257342858,3610.4030489983206,3650.182257342858
2025-01-06 00:00:00,98349.76145610317,99706.8161068128,98260.4555439427,98752.11208410464,3635.0874456790684,3684.962655155403,3622.1287224090543,3636.164015019534
2025-01-06 12:00:00,99223.43302212954,102183.66913674261,99144.54228452529,102079.84721178016,3652.4441197633287,3714.5847023153974,3641.7636818205206,3682.1220319670792
2025-01-07 00:00:00,102290.36168484877,102290.36168484877,101398.1935282323,101398.1935282323,3689.3440837025523,3695.5372703560156,3657.966897492588,3657.966897492588
2025-01-07 12:00:00,100866.59578639524,100866.59578639524,96372.8695370962,96966.665012435,3641.34480053334,3641.34480053334,3382.5869684649306,3389.723525408077
2025-01-08 00:00:00,96952.09886774956,97121.19853102187,95259.11661038516,95964.42593086681,3380.0211263090155,3409.7629513943084,3307.797931247656,3362.7391727530035
2025-01-08 12:00:00,95094.07398122773,95400.85484311239,94118.38414972041,95292.19594677552,3348.2216218294634,3370.062358645157,3261.7018871886903,3333.611218499311
2025-01-09 00:00:00,95031.89727927743,95105.94661602686,92983.14270516166,93395.83535425988,3325.4193692577983,3347.8733331680733,3285.313534396806,3309.7509430043106
2025-01-09 12:00:00,93397.66850377186,94561.4894565884,91914.30519556114,92449.05943331719,3299.2835676869404,3332.721344814133,3195.9713103260974,3227.1700135657134
2025-01-10 00:00:00,92376.27578346101,95039.77578576424,92376.27578346101,95039.77578576424,3219.09284475812,3309.696059341978,3219.09284475812,3309.696059341978
2025-01-10 12:00:00,95027.59771977237,95798.50871308251,93543.97537165566,94761.41483693405,3311.6087345629126,3322.7529300723636,3242.718663478409,3274.2777223308935
2025-01-11 00:00:00,94736.6267420969,94736.6267420969,94005.11402214876,94480.35066525104,3266.968783260918,3266.968783260918,3220.655856110691,3259.9710154097206
2025-01-11 12:00:00,94587.61213624186,94908.52887829034,94090.32522828647,94565.96347474444,3273.3053422937237,3308.3310658974724,3265.2392833445365,3288.694178208778
2025-01-12 00:00:00,94572.19295828749,94598.60594893617,93857.34535112529,93973.60002136382,3283.0070131950847,3286.883254312652,3237.743099250377,3243.466093040701
2025-01-12 12:00:00,94203.80630265319,95116.66736517011,93873.37040550246,93873.37040550246,3251.4384882033905,3287.7746780217863,3236.3650020229634,3236.3650020229634
2025-01-13 00:00:00,94454.77089638807,95230.50136357336,91618.16277553422,91618.16277553422,3264.070968533687,3305.3878678187,3119.501702462049,3119.501702462049
2025-01-13 12:00:00,91066.50969072059,94358.10541149687,90897.722821227,94358.10541149687,3072.7241462135594,3129.9291659172377,3004.4200285857073,3129.9291659172377
2025-01-14 00:00:00,94504.26849514963,97094.58071458963,94451.91272177773,96632.48456504791,3136.134992657647,3244.4255393029703,3131.2168788217527,3232.6943350724077
2025-01-14 12:00:00,96497.89985560528,96732.3889915353,95703.54557746142,96732.3889915353,3214.246776147014,3236.085067487854,3182.9795716728518,3236.085067487854
2025-01-15 00:00:00,96535.26005426567,97344.12825674939,96535.26005426567,96973.352177932,3224.311621799453,3238.4579728639874,3197.3049019080495,3209.581699195931
2025-01-15 12:00:00,96733.2206123082,99895.53095971681,96733.2206123082,99725.40578888806,3199.1557899723384,3439.3676041736444,3199.1557899723384,3429.7028639778664
2025-01-16 00:00:00,100554.74910518984,100554.74910518984,98969.27851480305,99175.81276396391,3454.324754277295,3454.324754277295,3321.058464921701,3333.30246387048
2025-01-16 12:00:00,99136.88555434979,100377.75137459932,97532.25346033007,99877.5171161229,3349.9454778883774,3358.9444544219086,3275.419175646765,3302.003952562429
2025-01-17 00:00:00,99977.5043880182,102243.20379737619,99977.5043880182,102243.20379737619,3306.8156612326384,3423.441039490791,3306.8156612326384,3423.441039490791
2025-01-17 12:00:00,102254.35493395521,105850.05041675539,102254.35493395521,104347.54717350486,3424.242718987619,3508.6807091170563,3400.7202094678064,3469.512644451865
2025-01-18 00:00:00,104125.16350264964,104649.37697946737,102721.6188330088,103119.47099954754,3475.543290362819,3489.1560678207506,3265.8601075395013,3265.8601075395013
2025-01-18 12:00:00,103518.15895444644,104838.54828188014,103160.61556090412,104216.89840135271,3312.110047272561,3323.584779529514,3257.940375144288,3281.0938882360415
2025-01-19 00:00:00,104451.81705559652,105286.20507652058,104213.78386537512,104663.03110592213,3306.5974815912537,3353.278643412752,3175.5829127170496,3175.5829127170496
2025-01-19 12:00:00,104183.90446402156,106085.44055825933,103221.86907925215,103221.86907925215,3138.3517813877743,3439.7786672354737,3138.3517813877743,3256.0981444137906
2025-01-20 00:00:00,101275.33714814208,108228.26762528597,99717.60975037608,108041.04174416988,3202.871407181103,3405.0813587024386,3165.537451067419,3349.746231108299
2025-01-20 12:00:00,108161.99567857297,108161.99567857297,102377.84102066602,103446.73844314495,3372.3310205341154,3372.3310205341154,3279.2986638468005,3312.7838086527117
2025-01-21 00:00:00,102094.72883937496,103051.92019929607,101063.53964636955,103051.92019929607,3277.389476653469,3298.599518817873,3218.443345041415,3298.599518817873
2025-01-21 12:00:00,103680.99694575471,106969.68100810557,103459.5911102788,106011.73551990329,3301.619577970662,3346.2499028970174,3288.9092379675435,3336.4507867282746
2025-01-22 00:00:00,106193.34179411683,106194.21780148889,104964.5927061866,105125.72871098916,3327.0818710455474,3358.5497694362957,3289.5021381143574,3306.2839063252627
2025-01-22 12:00:00,105064.6017722564,105274.67946424602,103809.42598027962,103889.57174880913,3321.50460641664,3321.50460641664,3243.9763434569513,3243.9763434569513
2025-01-23 00:00:00,103610.2884720945,103610.2884720945,101524.9578065445,101524.9578065445,3238.016282192183,3251.2357298999846,3191.4898822784166,3195.7202591021282
2025-01-23 12:00:00,101920.04764680567,105928.72626806023,101594.67223835022,103996.38358573921,3211.68062655865,3319.6428508115,3203.236965171495,3319.6428508115
2025-01-24 00:00:00,104067.60991206947,105525.55511099196,103007.08090172919,105260.18282658844,3332.580893146162,3405.6832675232554,3285.1156332489636,3405.6832675232554
2025-01-24 12:00:00,105462.11123381382,106462.47510536018,104828.41023433676,104828.41023433676,3402.5711232275503,3406.1715098838736,3325.1683626311296,3325.1683626311296
2025-01-25 00:00:00,104865.34040196025,105196.8110903439,104297.64110327902,104529.24290738242,3311.5508041263997,3321.624008769706,3275.9490611279393,3295.3042793688965
2025-01-25 12:00:00,104629.57499842832,105115.58851030763,104586.81029852289,105043.52337871982,3306.224737344296,3343.510235208843,3304.648246120728,3334.839304245218
2025-01-26 00:00:00,104757.72169371562,105124.49967086142,104581.61343927286,104699.98623132128,3317.7491699951247,3349.9061062538226,3298.607876027861,3305.4299451131224
2025-01-26 12:00:00,104824.49421411689,105205.034734833,104252.44945477527,104252.44945477527,3311.7569245050686,3339.232296398693,3289.5012094314807,3289.5012094314807
2025-01-27 00:00:00,102624.65334083581,102624.65334083581,98380.59207932772,98380.59207932772,3236.6656039704103,3236.6656039704103,3036.4867780905956,3036.4867780905956
2025-01-27 12:00:00,98942.7402158788,101907.9836785745,98942.7402158788,101728.82790773972,3064.3923064452365,3174.166459712812,3057.220359597594,3174.166459712812
2025-01-28 00:00:00,102101.49013927419,102992.57835984608,101433.10979499303,102740.42074274186,3179.8911263520895,3211.649761892457,3165.118845816878,3195.6400286660432
2025-01-28 12:00:00,102784.33565971034,102784.33565971034,100272.25743332352,101191.8542200963,3187.0900405251123,3187.0900405251123,3062.0439368460593,3083.821425419617
2025-01-29 00:00:00,101340.77163007476,102748.17207859305,101340.77163007476,102465.81108516718,3077.9220012612527,3155.4935796109608,3077.9220012612527,3134.381705805671
2025-01-29 12:00:00,102578.2266858994,104302.57891352312,101764.76415521317,103505.30962657207,3133.2837061900523,3142.339052314129,3085.673528052318,3134.723385089722
2025-01-30 00:00:00,103715.7684209174,105402.31611817043,103715.7684209174,105314.44377232197,3112.973706322043,3218.2572448246615,3112.973706322043,3216.3974824333927
2025-01-30 12:00:00,105294.1238143463,105892.90682330292,104869.32058130573,105121.06862147224,3219.113535318432,3274.8295666005865,3219.113535318432,3262.0111589484236
2025-01-31 00:00:00,104719.69018312056,104859.2039947492,103991.35346005936,104274.53389246491,3246.117188628738,3270.329244872047,3215.8239546643,3268.096102927682
2025-01-31 12:00:00,104740.66194955219,105480.45394517481,101598.16372711949,102231.1283769451,3333.9276785681336,3422.1928971455222,3294.4035821749785,3294.4035821749785
2025-02-01 00:00:00,102404.93376107872,102512.46698695565,101592.66990862337,101592.66990862337,3298.5292384592553,3316.9787661512464,3235.559919161205,3235.559919161205
2025-02-01 12:00:00,102019.51548371714,102239.73795237648,100522.89746094769,100522.89746094769,3249.3188447697353,3262.8460076797505,3134.046170830302,3134.046170830302
2025-02-02 00:00:00,100503.92993660411,101237.55570873898,99092.333588406,99342.03532242186,3118.432045916739,3151.643048498208,3075.5843892332227,3097.3389560449054
2025-02-02 12:00:00,98933.28243566968,99306.8359207168,96896.82676418213,97815.84535257479,3065.6658997339223,3089.7993768999727,2867.293929480726,2867.293929480726
2025-02-03 00:00:00,97652.02866142086,97652.02866142086,92876.12162304203,95770.80181571534,2866.253573805174,2866.253573805174,2460.547384197523,2610.9885508177545
2025-02-03 12:00:00,95184.99000103062,102038.29415299969,94721.98536030206,101786.57409375272,2585.8862079864025,2877.323838512928,2567.761045593262,2877.323838512928
2025-02-04 00:00:00,101392.3150300614,101468.37868950945,98361.85276813261,98900.15664785431,2880.281763705476,2880.281763705476,2697.1517197286594,2752.274299638536
2025-02-04 12:00:00,99125.47947716463,100160.09279025279,96386.5143187413,97690.61739242118,2764.452794458023,2830.211835814456,2645.8816807828066,2684.963929184192
2025-02-05 00:00:00,97888.30731950274,98360.40524167611,97450.19613346204,97759.8831753512,2734.763245293648,2779.28673817021,2723.377163402609,2779.28673817021
2025-02-05 12:00:00,98193.32303841642,98611.46674060835,96439.88149814382,96439.88149814382,2803.2717463516547,2819.5336350724674,2724.5050286819246,2760.4375740434343
2025-02-06 00:00:00,96613.00809483857,98975.0605619712,96613.00809483857,98975.0605619712,2789.6216110636838,2851.763153833254,2767.882411218073,2830.134046127891
2025-02-06 12:00:00,98901.87439582883,98901.87439582883,95967.15004023662,96928.85157608312,2807.225877221531,2807.225877221531,2692.2500258766086,2701.3408316062055
2025-02-07 00:00:00,96567.63486519158,97585.5765251919,96567.63486519158,97316.41651615771,2687.8133604171308,2744.048500307008,2687.8133604171308,2744.048500307008
2025-02-07 12:00:00,97760.09397417755,99606.01843437883,95746.87395405429,96108.29568062663,2762.3859571679277,2779.5499529192684,2585.207296623361,2585.207296623361
2025-02-08 00:00:00,96558.4563096667,96786.35922159553,95905.61306579997,96039.32910256689,2623.4507017824767,2647.803584137933,2607.8993849194494,2616.884877619604
2025-02-08 12:00:00,96003.7579365969,96645.85029878837,95836.79513855922,96487.0543625433,2609.2284258997797,2638.87147834566,2603.0367319483175,2629.7358892612415
2025-02-09 00:00:00,96454.44602149501,97267.4076648532,96454.44602149501,96808.57964192933,2632.8061542992345,2673.838966432587,2632.8061542992345,2661.740176581009
2025-02-09 12:00:00,96603.27364795694,96603.27364795694,95340.48294665758,95841.1801230943,2656.8436839316923,2659.498717004571,2561.706995041929,2619.0589452432578
2025-02-10 00:00:00,96519.99549282841,97730.66462298081,95524.22026320195,97730.66462298081,2630.43718668343,2647.2838892513596,2573.9855171847544,2647.2838892513596
2025-02-10 12:00:00,97731.48183582605,98334.08502172824,97251.75237452232,97390.4434974332,2655.4084135311487,2683.5234419415506,2640.282491756496,2657.362498091921
2025-02-11 00:00:00,97465.03795561657,98467.0013054058,97465.03795561657,98009.83713490752,2661.987092225292,2721.6603145263043,2661.987092225292,2699.6464724659663
2025-02-11 12:00:00,98146.26604694665,98146.26604694665,95017.42507160608,95561.70494164275,2707.8935756187443,2707.8935756187443,2589.7668506478694,2593.033463391389
2025-02-12 00:00:00,95743.13972459143,96281.23094009243,95372.30093011959,95982.41228195447,2602.9232019735637,2627.9569932916033,2589.496674006613,2617.466606388844
2025-02-12 12:00:00,96108.54335491334,97917.74883920769,94907.03940613412,97917.74883920769,2626.9920358049903,2749.9292808106525,2588.090435703554,2749.9292808106525
2025-02-13 00:00:00,97886.93195784716,97984.76780314116,95893.42457979695,96139.62356455375,2737.1990303880543,2750.74242473475,2664.625419239964,2677.0364191643994
2025-02-13 12:00:00,95946.82224702308,96497.23557421484,95458.140300641,96374.20669516998,2657.157563280112,2669.189092830931,2625.751263570844,2669.189092830931
2025-02-14 00:00:00,96666.70960779543,97152.49941358573,96532.5779782049,97031.12535349325,2676.721288040328,2716.0932870936085,2676.721288040328,2704.924987839279
2025-02-14 12:00:00,96901.61280060273,98623.62137807804,96674.16542518875,97190.84281503958,2685.234145550684,2776.0865325858313,2684.647870488835,2718.118545116057
2025-02-15 00:00:00,97525.56432832252,97811.65069075664,97401.87016895857,97726.54687428048,2725.8914087575517,2730.023682856385,2700.305563494201,2711.241028781379
2025-02-15 12:00:00,97599.45342665966,97755.57301650841,97422.02899712167,97545.4160810322,2707.848120970365,2710.8839359455624,2684.9437939273357,2694.2773860595053
2025-02-16 00:00:00,97651.63779310409,97670.43504008041,97125.39953728911,97179.53603625878,2693.504460069912,2711.4056708528583,2691.8808478290725,2696.1068906350547
2025-02-16 12:00:00,97336.20781895904,97336.20781895904,96820.88754034557,96889.88885007307,2712.042564205364,2712.042564205364,2672.500627558901,2678.418721128294
2025-02-17 00:00:00,96122.86600485025,96529.14863264606,96103.04905731311,96115.17848679269,2661.1506687369165,2750.8814006295465,2661.1506687369165,2750.8814006295465
2025-02-17 12:00:00,96070.76836745605,96825.39185696325,95305.81471590063,95910.6343997475,2754.6699441007354,2819.308504706719,2700.848572231259,2739.598505943322
2025-02-18 00:00:00,95784.62953852078,96283.17216937791,95189.2521445793,95713.43307222998,2743.350423263979,2743.350423263979,2664.4601502968926,2694.5716461754505
2025-02-18 12:00:00,95626.63610131448,96171.78850952118,93902.52254777655,95259.61791981726,2681.128316099337,2702.279639453504,2614.585404659109,2655.5774831551594
2025-02-19 00:00:00,95613.70786478418,96302.84963715746,95176.94369782117,96302.84963715746,2671.6886402260684,2726.5767362489864,2665.5338184564803,2725.275546052408
2025-02-19 12:00:00,96414.46175112732,96540.84301900618,95622.78488625766,96540.84301900618,2727.3719383598755,2727.3719383598755,2693.0229650336773,2724.4404602628556
2025-02-20 00:00:00,96631.9764747056,97406.95451404073,96631.9764747056,97406.95451404073,2716.069354832059,2745.763469483002,2716.069354832059,2745.763469483002
2025-02-20 12:00:00,97248.13930504581,98519.0592307595,96876.26093402511,98227.3320679309,2741.6078435662903,2753.9871867989614,2713.405722225281,2730.8512464961154
2025-02-21 00:00:00,98336.68799774042,98635.9937326328,98126.16133511938,98635.9937326328,2739.7255611178352,2799.9049691874384,2736.4324373181835,2799.9049691874384
2025-02-21 12:00:00,98641.48664582448,99244.09049710589,94909.23471393716,95744.67131189487,2791.8340323824527,2831.8947068740554,2629.0369463355687,2642.874510659083
2025-02-22 00:00:00,96135.15541305285,96480.22631988948,96135.15541305285,96480.22631988948,2658.3470942919384,2732.417360082491,2658.3470942919384,2732.417360082491
2025-02-22 12:00:00,96594.85836473043,96857.71626951931,96417.94490841779,96635.74766480611,2734.7489637250264,2789.469332751865,2728.0301871429215,2767.694619638005
2025-02-23 00:00:00,96526.3245193673,96652.72840228872,96170.77690652086,96170.77690652086,2762.9669006002723,2825.603410632093,2751.763293505409,2805.899254536636
2025-02-23 12:00:00,96113.94673119442,96113.94673119442,95425.30528594145,96100.14512743866,2797.23398253769,2818.870077488838,2781.052161335651,2805.8296064416545
2025-02-24 00:00:00,96265.42843123179,96265.42843123179,95286.7956865605,95640.85834666436,2825.0339240460366,2825.0339240460366,2681.2813517602403,2681.2813517602403
2025-02-24 12:00:00,95832.80810182482,95832.80810182482,92361.39840402018,92361.39840402018,2688.2075397185126,2688.2075397185126,2524.1011705732612,2524.1011705732612
2025-02-25 00:00:00,91581.54822567313,92306.01372151902,88201.3382303592,88201.3382303592,2514.8641004456676,2514.8641004456676,2374.696828735214,2399.5263229779944
2025-02-25 12:00:00,89256.52949098358,89391.201092851,86776.4546745387,89006.72620143932,2433.8758563047113,2521.991919708059,2370.0146203084473,2516.8688569552987
2025-02-26 00:00:00,88463.02814951622,89191.07152838832,88129.4582649271,89191.07152838832,2491.095747011031,2498.97001850568,2463.844216618306,2492.4245852559616
2025-02-26 12:00:00,88591.27153709585,88591.27153709585,83753.25723879317,84301.81196811788,2463.904422342162,2463.904422342162,2289.1831604879126,2347.1110137659416
2025-02-27 00:00:00,84136.6270309708,86951.11150965454,84136.6270309708,86951.11150965454,2333.439258534589,2376.7115043174326,2309.82491722555,2376.7115043174326
2025-02-27 12:00:00,86658.62256231347,86658.62256231347,83456.54639867684,84575.08070076704,2352.1031936498257,2352.1031936498257,2258.212886224472,2286.5132104478853
2025-02-28 00:00:00,84689.50963635083,84689.50963635083,78940.43864942867,79962.43838770282,2305.0333431426234,2305.0333431426234,2100.0932185786237,2120.2667591953386
2025-02-28 12:00:00,80435.1886242044,84401.15171227718,80435.1886242044,84116.90940478408,2126.635745368331,2229.1529833897034,2121.1214232160387,2214.9618416969374
2025-03-01 00:00:00,84316.57799844211,86187.61560877925,83818.25957742738,84842.21597267754,2234.7105447751874,2269.9211253998883,2203.51700267995,2203.51700267995
2025-03-01 12:00:00,84600.52864758584,86064.6646695572,84452.16671372668,86064.6646695572,2182.700472269035,2229.0204752222176,2150.1929971417853,2213.412200309249
2025-03-02 00:00:00,85982.6656372778,86325.16846001119,85655.19135378071,85974.46210057012,2214.4846546177478,2248.057177897354,2207.901182340931,2248.057177897354
2025-03-02 12:00:00,85952.41873108123,94770.10370201574,85075.19099390629,94770.10370201574,2235.951405814181,2542.7946092351253,2191.610975094438,2542.7946092351253
2025-03-03 00:00:00,94261.53286538439,94261.53286538439,91365.5560267108,92520.05256903946,2517.3382391622977,2517.3382391622977,2340.2316361863795,2358.78877962669
2025-03-03 12:00:00,92704.99332627936,93288.33219257377,85204.63043242115,86170.71147754729,2355.6360298538875,2373.7497884513186,2108.0049947905723,2152.368216308778
2025-03-04 00:00:00,86009.33348231346,86121.81430043305,83176.65536982972,83870.76608750969,2144.946693475541,2144.946693475541,2060.1617006100687,2097.881758421323
2025-03-04 12:00:00,83840.8128569342,87903.09912509412,82681.05172860001,87536.70299445765,2099.96625962514,2178.1434023895727,2055.109555859775,2170.7072616725372
2025-03-05 00:00:00,87310.80531078295,89850.54371051837,86671.69226701841,89850.54371051837,2171.496943535016,2243.1252285261603,2158.0140059343926,2238.493721293229
2025-03-05 12:00:00,89753.15776222358,90503.36669781877,88337.21345459952,90503.36669781877,2219.5745855711934,2239.435735668169,2181.3441561092714,2239.435735668169
2025-03-06 00:00:00,90746.37808455544,92300.44149363266,90173.67851810707,91044.06230513072,2244.935431567812,2298.490712953305,2239.385253966371,2286.944689737367
2025-03-06 12:00:00,91336.03520982015,91336.03520982015,88376.11449099529,90450.752622387,2296.0378448304155,2296.0378448304155,2193.514671517046,2217.7609125012773
2025-03-07 00:00:00,89924.21242214506,89924.21242214506,85590.46644276992,89111.65620602341,2207.83443389444,2207.83443389444,2119.3191256169703,2195.105423323188
2025-03-07 12:00:00,88902.02000740796,90647.79774677548,86074.17176417045,86744.24445440294,2192.743359336968,2228.2679766286333,2139.06698913314,2142.258974341317
2025-03-08 00:00:00,86719.52967663977,86828.25763790608,85917.18104453273,86117.70061095654,2139.365881688724,2150.747894801103,2127.802673584875,2138.969260416511
2025-03-08 12:00:00,85921.73893775303,86367.34063862744,85921.73893775303,86295.78124249187,2144.777194700951,2222.1662212533624,2144.777194700951,2206.243567366394
2025-03-09 00:00:00,86173.28335601451,86482.71540062728,84910.69583247308,84910.69583247308,2201.4582091989155,2207.2949617373174,2135.9179525714567,2135.9179525714567
2025-03-09 12:00:00,85036.72284003632,85036.72284003632,80182.87188781645,80182.87188781645,2147.9921059016656,2147.9921059016656,2007.5984386333182,2007.5984386333182
2025-03-10 00:00:00,80674.95605846473,82594.63758054533,80674.95605846473,82429.6316250025,2030.7220422992398,2103.501775603864,2030.7220422992398,2103.501775603864
2025-03-10 12:00:00,83620.17030648564,83620.17030648564,77494.5999450215,79505.93316264477,2138.0054698543277,2138.0054698543277,1840.4928036346469,1880.1234190854445
2025-03-11 00:00:00,78537.05805794513,81788.49157040409,77186.92631492284,81788.49157040409,1867.8677194834852,1922.9038218529581,1813.2078069999318,1922.9038218529581
2025-03-11 12:00:00,81525.57519757233,83196.76104395698,79828.50693030546,83157.48605838082,1908.875899582352,1949.3820115733656,1879.0531541133264,1945.393125290344
2025-03-12 00:00:00,82753.77759522418,83297.33630586542,81450.3753315832,82486.2091764555,1916.682355537527,1944.1753560427242,1861.0872541637743,1900.2653953186586
2025-03-12 12:00:00,83005.6112865534,83969.50401830622,80869.73779222043,83667.40552069119,1915.5890515761396,1929.4733505905956,1846.7411588405375,1910.123744762707
2025-03-13 00:00:00,83678.46552437067,83939.38948062022,83033.68182451143,83144.63136911465,1909.0465779593417,1909.0465779593417,1868.740079437217,1900.6333461322902
2025-03-13 12:00:00,82952.69797861924,82952.69797861924,80217.83930689494,81318.85219010353,1899.475664740351,1899.475664740351,1833.6950503530516,1874.3529918294153
2025-03-14 00:00:00,80857.26701703468,83032.3513594644,80857.26701703468,83032.3513594644,1861.296736498529,1899.9596939751261,1861.296736498529,1899.9596939751261
2025-03-14 12:00:00,83285.94816925052,84727.83488216766,83264.95867344199,84346.89648742026,1903.6051918998105,1938.9133615369587,1901.7843584691068,1924.9104474799067
2025-03-15 00:00:00,83955.00378884435,84505.5781189017,83863.26278107218,83924.71665747926,1910.9921783263305,1929.73018581464,1910.9921783263305,1928.5169893834684
2025-03-15 12:00:00,84077.984480905,84450.69621702406,84077.984480905,84358.9159883021,1929.9182986052342,1949.5914613438604,1924.8620675344832,1943.0721635110656
2025-03-16 00:00:00,84354.47191448158,84418.91164824746,83404.4666080581,83404.4666080581,1938.525002234694,1938.525002234694,1898.8078217923103,1898.8078217923103
2025-03-16 12:00:00,82420.98968021553,83963.75617065372,82077.84518119802,82077.84518119802,1872.1035509891626,1911.271571152632,1872.1035509891626,1874.261256697975
2025-03-17 00:00:00,82617.7331241566,83712.82326596747,82617.7331241566,83284.93030929644,1888.6612937237092,1911.8739235167764,1888.6612937237092,1910.5766800123727
2025-03-17 12:00:00,83333.77147533474,84448.92794202417,82888.72671035347,83980.78904995437,1909.3509946799186,1946.5947400768011,1896.5717349718898,1933.2800472515783
2025-03-18 00:00:00,83920.30721263391,83920.30721263391,82428.06846517629,82787.295493254,1926.4329790258116,1926.4329790258116,1893.8955706268334,1893.8955706268334
2025-03-18 12:00:00,82545.12487759089,82545.12487759089,81259.85862657995,82500.92476738001,1893.674330464751,1919.8360936038243,1876.0471672713948,1919.8360936038243
2025-03-19 00:00:00,82780.03048688271,83531.79129549615,82703.69232896074,83486.04202178019,1929.8958934893628,1974.4034724423361,1929.8958934893628,1974.4034724423361
2025-03-19 12:00:00,83776.84720807298,86185.41143785912,83761.43747882382,86185.41143785912,2021.580835558952,2055.7735152803853,2001.77512549197,2049.8412983437943
2025-03-20 00:00:00,86815.44109470697,86815.44109470697,85222.63297451382,85222.63297451382,2060.728601068271,2060.728601068271,1983.7110009386386,1983.7110009386386
2025-03-20 12:00:00,85380.33161914661,85504.94400788672,83735.87324881191,84087.18295443771,1987.9528895415108,1995.5567564386288,1955.4681723488773,1975.7432130428801
2025-03-21 00:00:00,84326.23460828917,84743.39249862774,83881.93676879247,84153.42484945175,1979.9131141463024,1993.5797291895099,1967.507539658806,1967.507539658806
2025-03-21 12:00:00,84090.37418372162,84331.08912652876,83378.30606761425,84143.3705534662,1967.2223041344182,1975.7267588677985,1942.7978102059253,1965.6981841491188
2025-03-22 00:00:00,84009.532917822,84392.82009721096,84009.532917822,84392.82009721096,1964.5293833168294,1996.833812587936,1964.5293833168294,1995.966628308745
2025-03-22 12:00:00,84208.98723312806,84228.95217301375,83914.13490809177,83948.80437413476,1989.027976036893,1995.8008913589715,1984.448351406969,1984.572962610795
2025-03-23 00:00:00,83823.01245126098,84445.14986317117,83823.01245126098,84445.14986317117,1980.4561194459652,2014.4012105603858,1980.4561194459652,2012.8835079223506
2025-03-23 12:00:00,84658.59701739515,85396.29041826307,84658.59701739515,85396.29041826307,2006.208184388685,2016.8712243848674,1987.3313825065113,1987.3313825065113
2025-03-24 00:00:00,86114.33370456511,87807.28866290172,85560.23956148796,87807.28866290172,2007.2145514705949,2096.156268216786,1981.372306444757,2096.156268216786
2025-03-24 12:00:00,87686.17138536507,88474.3135894229,87346.75998699872,87355.15333559812,2092.7541231614964,2097.1807859447226,2075.3722622891064,2075.3722622891064
2025-03-25 00:00:00,87404.87649068212,87622.78459104586,86427.65033425306,87138.136227693,2078.6015272329155,2088.112918424497,2042.5706618047136,2070.9588147660393
2025-03-25 12:00:00,87413.3113487359,88199.60526776778,87103.10754688627,87321.36793603227,2070.1917242859413,2077.662263137576,2059.453437226135,2062.9823608455627
2025-03-26 00:00:00,87424.06865781397,88240.46256324385,87205.4427253819,88240.46256324385,2066.470087193809,2076.3726528494803,2049.4583879408783,2074.172801036266
2025-03-26 12:00:00,87998.8047039292,87998.8047039292,86217.63942503363,86817.98796198177,2068.7559885911355,2068.7559885911355,1996.728025450426,2001.4605554632865
2025-03-27 00:00:00,86913.68578612641,87684.58507410828,86913.68578612641,87227.42279262032,2009.342849130818,2032.4229209455207,2009.342849130818,2025.3399481777628
2025-03-27 12:00:00,86886.0329308739,87577.72538017163,86311.36672144024,87305.46595898429,2015.540640594309,2024.4033878961461,1999.8365428296447,2007.7663536527648
2025-03-28 00:00:00,87212.97468263778,87337.4665470881,84893.79618774568,84893.79618774568,2002.1534229050983,2008.3803478565842,1907.7191977938307,1907.7191977938307
2025-03-28 12:00:00,85167.80064394798,85167.80064394798,83719.60743307101,84478.16251367884,1900.0681029363125,1900.0681029363125,1867.8447962579319,1899.9353681994535
2025-03-29 00:00:00,84359.46915506005,84386.77613913322,82953.25385473119,82953.25385473119,1896.9173600459985,1909.8412624177538,1867.3749116534323,1867.3749116534323
2025-03-29 12:00:00,82237.62203229136,82793.81582488914,82162.685941113,82311.72140355429,1841.2780704207992,1857.5159829159902,1814.869605045779,1814.869605045779
2025-03-30 00:00:00,82603.84608714566,83440.59474949405,82603.84608714566,83108.82259101293,1827.7705067756945,1845.2468215120737,1826.9922566367939,1830.2714898114887
2025-03-30 12:00:00,83065.56137310392,83065.56137310392,82190.67408154199,82377.94312671632,1832.6096691634766,1833.0178744959596,1794.8731532409388,1806.1353660316297
2025-03-31 00:00:00,82355.18824543593,82355.18824543593,81488.96451396754,82184.6497493072,1806.549195782867,1813.6947661202169,1784.0721851268927,1805.1492644430193
2025-03-31 12:00:00,82227.54336233468,83500.4896400052,82227.54336233468,82372.42496571247,1814.4742408396019,1845.2920898176912,1814.4742408396019,1824.4551444947813
2025-04-01 00:00:00,82553.23623643283,84370.26093529824,82553.23623643283,84194.93109759485,1823.748753250691,1888.3977229611698,1823.748753250691,1875.8210972240836
2025-04-01 12:00:00,83889.52404655488,85311.29137218822,83589.39097506716,85073.12003223266,1860.4181515693992,1921.0572974239867,1860.4181515693992,1911.025610098203
2025-04-02 00:00:00,85151.38359873935,85152.65632409418,84083.22112364328,84844.77000604966,1905.2233086975891,1905.2233086975891,1855.6818789598317,1872.4132593899963
2025-04-02 12:00:00,84597.15150833085,87106.00781966242,82670.64635520295,82670.64635520295,1869.8649819585182,1907.1408902562132,1795.5748762177618,1795.5748762177618
2025-04-03 00:00:00,82526.4221526433,83783.75496624704,82526.4221526433,83230.13519692069,1794.3683914039525,1836.106579701171,1793.5161488096996,1793.5161488096996
2025-04-03 12:00:00,83050.51017309572,83050.51017309572,81476.42191638195,82654.29602655036,1794.355617448642,1811.3080479312866,1758.4202382008777,1811.3080479312866
2025-04-04 00:00:00,83208.52796536,84613.64673947358,82548.3231829159,82548.3231829159,1816.778141222716,1831.3864683139946,1784.5597333187225,1784.5597333187225
2025-04-04 12:00:00,82701.99933626983,84430.20296834389,82701.99933626983,84032.71900547225,1786.09764839746,1822.4400553622188,1786.09764839746,1819.51137614555
2025-04-05 00:00:00,83733.5293123474,83958.723779881,83455.56861802349,83642.02603878912,1812.8636402718714,1822.9654232307414,1807.7390191347956,1818.4233490241245
2025-04-05 12:00:00,83422.40556286192,83422.40556286192,82623.6290432163,83167.51792928776,1806.9314297084081,1806.9314297084081,1782.4719890365761,1796.6380815832538
2025-04-06 00:00:00,83514.33824375339,83514.33824375339,82814.296001643,82814.296001643,1806.9138407099463,1810.8210811459035,1789.2709971059512,1789.2709971059512
2025-04-06 12:00:00,82806.57594457337,82806.57594457337,77918.79195001676,77918.79195001676,1789.114643994225,1789.114643994225,1569.2502317173878,1569.2502317173878
2025-04-07 00:00:00,78366.83212378949,78393.60272692906,74773.2587934775,76919.88747388404,1579.0366252686324,1579.0366252686324,1431.7317354788427,1491.2079592407495
2025-04-07 12:00:00,76790.25609208614,79898.18473633853,76790.25609208614,79898.18473633853,1486.0197395366854,1577.9143266235733,1486.0197395366854,1577.9143266235733
2025-04-08 00:00:00,79462.14204389678,80678.70925924664,78928.09866658547,78970.69563692114,1559.033144324226,1593.7402813338936,1545.9965073253238,1567.461828513284
2025-04-08 12:00:00,79860.58407289122,79860.58407289122,76617.7575009251,76617.7575009251,1585.158743096009,1585.158743096009,1464.1916779991018,1464.1916779991018
2025-04-09 00:00:00,76300.77843824399,77711.09591952938,75101.3997278555,77214.3488944691,1472.0913986626454,1487.1895788545642,1417.3548396971037,1487.1895788545642
2025-04-09 12:00:00,76129.73403043275,83315.43959137528,76129.73403043275,83058.34775924393,1454.009697853938,1672.6973219065605,1454.009697853938,1668.8850763920027
2025-04-10 00:00:00,82595.42668033838,82595.42668033838,81532.13745973041,81549.5629152091,1667.065136499343,1667.065136499343,1587.2489308190861,1587.2489308190861
2025-04-10 12:00:00,81773.4962941072,81773.4962941072,78835.58867030361,79715.508089801,1592.9332467243082,1592.9332467243082,1501.1248472301354,1525.0304095343854
2025-04-11 00:00:00,79556.41318002685,82622.7737499299,79086.09032816654,82622.7737499299,1521.3245487030365,1566.4786337655585,1510.667697486076,1566.4786337655585
2025-04-11 12:00:00,82096.00775002626,83874.22618739116,81969.68431773817,83403.67277102497,1558.4677866905242,1580.7741146123458,1556.0948779987916,1566.1193095553028
2025-04-12 00:00:00,83437.92254404748,83704.62816108475,82861.85819962031,83447.195072062,1567.256910374535,1596.880868813545,1549.0539856066391,1592.7311261027994
2025-04-12 12:00:00,83502.21970476018,85528.04428969568,83502.21970476018,85369.94860925588,1592.2875732729676,1657.3552467517923,1592.2875732729676,1650.4492765830848
2025-04-13 00:00:00,85296.72976736756,85464.59019442675,84457.0360990321,84668.81761593616,1644.2784770464837,1644.2784770464837,1608.5534632818253,1617.070106476903
2025-04-13 12:00:00,84446.94289624105,84771.87106577087,83330.90244768845,83330.90244768845,1601.9493583292365,1637.4825601557711,1574.108652903949,1586.9159197553051
2025-04-14 00:00:00,83637.28172222206,85142.12257679901,83637.28172222206,84626.70459097729,1596.4089120380506,1676.775346418882,1596.4089120380506,1676.775346418882
2025-04-14 12:00:00,84887.52973148914,85667.64514540603,84158.074707306,84516.57227578854,1672.9624565950928,1677.744630055882,1621.0722122683167,1621.0722122683167
2025-04-15 00:00:00,84590.22055897689,85917.26834462702,84590.22055897689,85620.89303105656,1623.2257239346889,1645.9341875653424,1623.2257239346889,1631.537436992756
2025-04-15 12:00:00,85568.11153809096,85750.21230099528,83820.92705842877,83820.92705842877,1630.5132737743043,1640.1477108408042,1590.0684608612298,1590.0684608612298
2025-04-16 00:00:00,83641.90418930881,83940.193092368,83268.76104504136,83940.193092368,1587.7746605269765,1597.3207135174073,1562.976578465612,1581.0329218233323
2025-04-16 12:00:00,84031.00362096768,85164.83798446032,83592.78870942906,84463.89043079078,1583.5030266312194,1593.6255039015348,1563.3635415869817,1588.6153179434
2025-04-17 00:00:00,84058.84766997752,84780.57098208612,83998.8765062859,84338.83914942484,1577.8368493093656,1602.6920425642081,1577.8368493093656,1593.1459655206127
2025-04-17 12:00:00,84671.31259746742,85130.287718885,84116.88582337098,84837.31546385802,1593.9603382920711,1611.5233713288285,1571.301179521792,1584.3180582857574
2025-04-18 00:00:00,84946.9167296784,84946.9167296784,84498.7745773988,84498.7745773988,1583.445590655848,1588.3359370992366,1578.7931714332728,1583.7435061184601
2025-04-18 12:00:00,84593.66315889767,84618.69491163455,84382.34027186113,84507.5553544359,1590.2917836020438,1597.1879250798809,1582.7839528180418,1593.2650533838225
2025-04-19 00:00:00,84447.77718147618,85348.12052038811,84430.13416891031,85222.96773135632,1589.0383030121732,1603.8093637895836,1586.4566214316078,1596.6434854625031
2025-04-19 12:00:00,85196.3572478893,85450.83762577904,84884.07476220753,85246.71284128349,1596.178742593414,1619.9735137085827,1596.178742593414,1618.448075577537
2025-04-20 00:00:00,85089.15978095334,85279.66518510957,84160.54490886752,84160.54490886752,1613.6301991547682,1617.0287009498843,1575.9864553399373,1575.9864553399373
2025-04-20 12:00:00,84093.83367559967,85074.9301477244,84093.83367559967,84832.44738276633,1571.5445538284162,1588.9568906243449,1571.5445538284162,1581.6040811239568
2025-04-21 00:00:00,85140.01930346077,87636.20600701202,85140.01930346077,87345.61297579524,1586.3316796392694,1649.2442046872607,1586.3316796392694,1634.7011142760396
2025-04-21 12:00:00,86951.23393622616,88183.22734480911,86872.88362183892,87118.9841439109,1625.3132592458317,1631.2236381302885,1571.389080628032,1577.0525446706358
2025-04-22 00:00:00,87530.85023993472,88555.86571149474,87530.85023993472,88555.86571149474,1578.7839199994824,1628.2278623433206,1564.9009715618863,1628.2278623433206
2025-04-22 12:00:00,88615.97002846011,92890.82073039186,88615.97002846011,92890.82073039186,1630.6594342207375,1751.834251497923,1630.6594342207375,1746.793208792367
2025-04-23 00:00:00,93518.26130183092,94294.96451438825,92765.40196195075,93715.60255843068,1757.9260709743578,1803.4146967193415,1751.3268258996502,1801.893335779742
2025-04-23 12:00:00,93491.06534555122,93871.60137754977,93025.32634165006,93775.79949419561,1796.2745245898666,1814.0735743967386,1785.6777631147806,1803.5818670189085
2025-04-24 00:00:00,93692.84058767844,93692.84058767844,91979.55746381238,92612.10443532834,1796.006939720349,1796.006939720349,1733.6852344086776,1750.4901994994163
2025-04-24 12:00:00,92619.17159627969,93646.9616071421,92619.17159627969,93463.48432069764,1753.1237702265694,1772.4697956058114,1751.9341349391243,1760.1413020556472
2025-04-25 00:00:00,93950.39664992713,93950.39664992713,93056.1298372759,93667.68760388183,1769.353842327614,1785.37800271659,1745.7130992951465,1773.8141846001888
2025-04-25 12:00:00,94610.85462379066,95501.30690513337,94458.97869936838,94928.50897300708,1784.692198074594,1808.7173616065531,1773.3038655980704,1797.8045012380112
2025-04-26 00:00:00,94800.21413700008,95078.20905423805,94272.05009027116,94283.01021932048,1790.5351144924468,1811.2698689574063,1790.5351144924468,1805.8086418234195
2025-04-26 12:00:00,94189.89391089336,94749.59569570786,94103.96485256299,94749.59569570786,1788.432261371247,1817.3360676227048,1788.364469587394,1817.3360676227048
2025-04-27 00:00:00,94665.59782689773,94915.7893105099,93935.71681033401,94077.48711673608,1821.8866227731005,1843.6786141975185,1797.8640034016555,1809.2695480602429
2025-04-27 12:00:00,93951.79052641905,94438.10991685066,93780.92738165492,93875.1098671888,1808.1424015587456,1808.1424015587456,1793.928792395812,1793.928792395812
2025-04-28 00:00:00,93801.93640023789,95095.05194869367,92972.1233992771,95095.05194869367,1793.529267244852,1814.9079846303873,1764.4287280374208,1814.9079846303873
2025-04-28 12:00:00,95209.88562041643,95379.01155145206,93743.29134255854,94892.31622725037,1816.985618148521,1816.985618148521,1760.3677232234143,1801.2853132958962
2025-04-29 00:00:00,95023.30123616234,95092.15593412973,94309.34150552544,94844.8964248396,1800.1010871231133,1832.2267441171073,1793.0787607628647,1826.910372573298
2025-04-29 12:00:00,95138.9826524075,95432.6412390394,94172.7308096848,94172.7308096848,1829.962105603149,1829.962105603149,1794.8633925739844,1794.8633925739844
2025-04-30 00:00:00,94274.73761715383,95035.54414534067,94274.73761715383,94977.78012458209,1798.9291194006541,1811.9385480332558,1796.3726835602608,1809.0381443800675
2025-04-30 12:00:00,95184.3208761479,95184.3208761479,93438.4113920031,94239.62198019015,1815.2607328824356,1815.2607328824356,1750.4263968172445,1797.71519832472
2025-05-01 00:00:00,94286.27798563991,96109.699924197,94286.27798563991,96109.699924197,1796.9319896931136,1839.6444899931603,1796.9319896931136,1839.6444899931603
2025-05-01 12:00:00,96193.46052079443,97176.44540379278,95925.84792324655,96346.4385297464,1847.6683362874612,1862.48203361244,1833.6148539986418,1838.7804770669857
2025-05-02 00:00:00,96465.09077322687,97183.42883942672,96465.09077322687,96876.45142344802,1839.9549314623546,1849.177156166472,1816.70334977005,1831.5264427144969
2025-05-02 12:00:00,96955.62770097495,97715.58382024213,96685.63911259717,96685.63911259717,1834.5531730127332,1863.1971382759236,1834.5531730127332,1835.655871058904
2025-05-03 00:00:00,96932.91347341705,96932.91347341705,95964.52767965854,95964.52767965854,1842.452917581662,1842.452917581662,1822.4649974152262,1822.4649974152262
2025-05-03 12:00:00,95976.4505745279,96480.99719442788,95976.4505745279,96206.39898420339,1825.136307977099,1841.828927342048,1824.553375529811,1841.828927342048
2025-05-04 00:00:00,95911.57974109074,96064.91190994653,95446.2718625732,95446.2718625732,1834.483783405862,1846.6184612269244,1827.1977713994113,1827.6940147596997
2025-05-04 12:00:00,95458.83076597172,95732.77578576689,94990.11188430124,94990.11188430124,1828.9878046023669,1836.2126320382713,1817.2554684540448,1817.2554684540448
2025-05-05 00:00:00,94303.45616731183,94736.51570501548,93904.08029713292,94133.1803452243,1808.6303042363204,1828.2165443565045,1790.011200429572,1804.2307801972024
2025-05-05 12:00:00,94088.5057159754,95036.71686518363,93724.80501461533,95036.71686518363,1802.1086243820575,1826.0432785155529,1800.0960323221389,1826.0432785155529
2025-05-06 00:00:00,94719.67050036856,94719.67050036856,93991.7353270022,93991.7353270022,1818.5978495141944,1818.5978495141944,1786.8375023624292,1786.8375023624292
2025-05-06 12:00:00,93846.01249611624,96288.68626769505,93846.01249611624,96288.68626769505,1769.1201921004642,1808.3930612144245,1763.9738538249753,1808.3930612144245
2025-05-07 00:00:00,96815.80313214885,97454.99383963464,96354.63080106633,96986.48455649219,1817.273863095156,1843.2984401867095,1817.273863095156,1833.6131626730125
2025-05-07 12:00:00,97017.36703189345,97277.49264928911,96148.7571218679,97277.49264928911,1836.0433700437916,1836.0433700437916,1793.3443761184217,1817.9775714707328
2025-05-08 00:00:00,97035.80181467332,99810.2089598869,97035.80181467332,99810.2089598869,1811.709547761422,1971.4105140414706,1811.709547761422,1971.4105140414706
2025-05-08 12:00:00,99572.56913879959,102946.60364931433,99380.82080975642,102946.60364931433,1957.8638162147245,2181.7164084234,1957.8638162147245,2180.1702953317786
2025-05-09 00:00:00,103155.55403424997,103775.85199443038,102431.38593811914,102847.4715321015,2202.0859687473653,2411.733512124925,2198.2538767693986,2335.4601202978106
2025-05-09 12:00:00,102942.94358657954,103635.59449072609,102560.61383641983,102827.52654028965,2348.162528554833,2371.7914637466183,2299.9439692635533,2335.426186252951
2025-05-10 00:00:00,102974.90755054186,103783.45760307356,102888.53800348293,103642.37117207838,2343.0800462070592,2407.8570472919732,2330.3388694315536,2407.8570472919732
2025-05-10 12:00:00,103429.18395096257,103695.96296897363,103226.68575713312,103660.87510929449,2386.8760206879037,2577.0763576188947,2386.8760206879037,2577.0763576188947
2025-05-11 00:00:00,104710.18767116882,104710.18767116882,103593.91838549759,104548.72450789883,2582.983998398728,2582.983998398728,2482.476382924751,2509.614582828338
2025-05-11 12:00:00,104596.7005862239,104642.10789268535,103785.595389775,103785.595389775,2528.7848474402176,2528.7848474402176,2462.533734758777,2501.018796919014
2025-05-12 00:00:00,104083.02280094857,104632.60236125204,103878.99122372338,104427.94756195355,2509.652769049867,2574.938935577758,2496.5332619948917,2557.7534306841217
2025-05-12 12:00:00,103839.45870520416,104265.08276082827,101758.10895980781,102853.64407073468,2530.9107979203077,2561.688889607242,2443.223474051164,2488.7558379805832
2025-05-13 00:00:00,102822.91679502407,103528.56498547425,101749.06016032975,103528.56498547425,2493.597278406928,2493.597278406928,2425.7601283044037,2482.6707854548476
2025-05-13 12:00:00,103711.10493023827,104778.26218485396,103122.1652700943,104235.96595683586,2512.4143281272777,2693.093801248166,2512.4143281272777,2692.6072947156576
2025-05-14 00:00:00,104184.49039270742,104184.49039270742,103293.13171967196,103746.51631775557,2676.639163127913,2690.3732925170607,2599.7889780442815,2599.7889780442815
2025-05-14 12:00:00,103975.28155532911,104129.23681507706,103236.43383121496,103500.55803017515,2621.652196289827,2621.652196289827,2580.419455497946,2596.3996340952376
2025-05-15 00:00:00,103546.46918182234,103798.18025222377,101775.76120644069,101829.9751948105,2609.010738285919,2635.9021502165165,2534.558520582415,2539.6627200802664
2025-05-15 12:00:00,102312.39420890273,103977.5367463436,101853.27241327312,103553.93506366151,2554.1279846172924,2582.7428605349896,2498.0099653226157,2547.3021542428714
2025-05-16 00:00:00,103782.3671140446,104209.18515019871,103448.92558696079,103870.40503140159,2545.164709532804,2625.767716928986,2545.164709532804,2625.767716928986
2025-05-16 12:00:00,103672.28959796879,104160.56764282625,103467.28985993791,103467.28985993791,2623.2676655805617,2623.2676655805617,2546.2337063140153,2546.2337063140153
2025-05-17 00:00:00,103533.26669721663,103624.29922408522,102834.21312072649,102888.81365330738,2540.1707179128266,2540.1707179128266,2480.600619380282,2483.86592123914
2025-05-17 12:00:00,103006.73892894214,103328.79249857902,102770.92765223501,103058.42662008991,2484.468366109973,2485.991156056452,2458.8441592006197,2462.5921144113718
2025-05-18 00:00:00,103194.65650649132,103957.51238379734,103194.65650649132,103858.01525131274,2476.1381403269975,2520.6672436076537,2476.1381403269975,2504.659427984933
2025-05-18 12:00:00,103879.27506436742,105617.89582136768,103879.27506436742,105427.48904875397,2504.6818401916885,2575.9898635458676,2396.875493358906,2433.234095580067
2025-05-19 00:00:00,106139.68550864227,106139.68550864227,102381.2104823244,103017.96554457302,2473.8388724116753,2473.8388724116753,2370.8394723665187,2412.664347409646
2025-05-19 12:00:00,102997.32804027783,105563.46876771093,102430.42377901066,105563.46876771093,2417.265492533581,2521.8274378683736,2397.258909546654,2503.3632536763234
2025-05-20 00:00:00,105663.20354903601,106518.35886707173,105098.96222700436,105108.95454542089,2530.030833562055,2568.5224960658747,2515.267111753899,2515.267111753899
2025-05-20 12:00:00,105290.92949721494,106873.03984532565,104387.66509118448,106566.5101429697,2514.696518916988,2514.696518916988,2466.085801537128,2507.8720468161687
2025-05-21 00:00:00,106798.53751514817,107830.8151594922,106229.4484508103,106345.85396894008,2523.24767489843,2599.2199821675194,2523.24767489843,2528.309962491896
2025-05-21 12:00:00,106572.18074553607,109467.65393142396,106572.18074553607,108802.10768508335,2541.3551251387494,2597.506070577838,2481.0411355559795,2527.8488071736037
2025-05-22 00:00:00,109665.86371625263,111511.6774557056,109665.86371625263,110803.11411171874,2558.9502343769486,2667.699094754287,2558.9502343769486,2659.4547518829427
2025-05-22 12:00:00,110896.84501716551,111806.59824511288,110835.12962917982,111096.21954213973,2652.474099089489,2668.496207569373,2635.3448266823652,2642.0511487892027
2025-05-23 00:00:00,111579.18064152761,111604.40010039737,110503.55628472357,111046.57686168964,2658.6712468472556,2720.7558201807396,2658.172565956373,2667.6448216820604
2025-05-23 12:00:00,109897.47827053633,109897.47827053633,107925.98663757442,107925.98663757442,2593.8389122424887,2593.8389122424887,2540.685216007815,2541.583536858652
2025-05-24 00:00:00,107216.66856870624,109064.49875511439,107216.66856870624,109064.49875511439,2519.813809045145,2572.8314357517725,2519.813809045145,2572.8314357517725
2025-05-24 12:00:00,109293.09324020769,109293.09324020769,108324.50385270145,108324.50385270145,2566.6496850697704,2566.6496850697704,2531.5239102054193,2531.5239102054193
2025-05-25 00:00:00,107819.03500967441,108231.15647527888,107008.50025844328,107111.61532216199,2529.763966464483,2529.763966464483,2480.5366950706252,2494.6803088880365
2025-05-25 12:00:00,107229.97600422137,108943.10357431156,107026.63689919372,108943.10357431156,2496.0710620663804,2546.9586899785268,2496.0710620663804,2546.9586899785268
2025-05-26 00:00:00,108900.60971032295,110069.996555907,108900.60971032295,109783.71368255347,2548.14797380859,2581.4803699125796,2548.14797380859,2566.0756172474566
2025-05-26 12:00:00,109774.30144629999,110094.41474441695,109047.57999108941,109324.18231895837,2566.45214584755,2567.5875560565937,2535.183470445663,2561.485552491816
2025-05-27 00:00:00,109393.7426319189,109779.06864983166,108291.51316543337,109723.76011973014,2562.4409846186127,2637.8057341485755,2528.7360322826144,2637.8057341485755
2025-05-27 12:00:00,109553.04118184176,110370.16947230526,109024.62093375555,109024.62093375555,2646.1343501159713,2695.96645777102,2643.6922773606943,2664.0850217490665
2025-05-28 00:00:00,109068.45694901445,109079.40649336847,108709.61989815888,108818.14547964901,2662.0940568241435,2662.0940568241435,2631.7602613448184,2647.3465682788283
2025-05-28 12:00:00,108890.91440583029,108944.85567190323,107224.6662536516,107434.48106938627,2654.1857207234975,2668.262824678078,2626.869392991634,2647.387721367338
2025-05-29 00:00:00,107830.09824019176,108327.44866251863,107626.97085100684,107896.13790220738,2679.875687205419,2771.2377710157893,2679.875687205419,2730.2737341379284
